record_id,date,warehouse_id,warehouse_name,region,city,warehouse_type,monthly_demand,monthly_supply,current_inventory,safety_stock,reorder_point,lead_time_days,lead_time_variability,order_volume,fulfillment_rate,stockout_incidents,overstock_quantity,warehouse_capacity,capacity_utilization,inventory_turnover,historical_demand_variance,seasonal_demand_index,supplier_reliability,transit_delay_days,sku_count,regional_consumption_momentum,inventory_imbalance_risk,year,month,quarter,is_festive_quarter,demand_to_supply_ratio,dsr_equilibrium_deviation,lead_time_variability_index,stockout_severity_frequency_score,warehouse_capacity_utilization,safety_stock_coverage_ratio,inventory_days_of_supply,demand_volatility_index,supply_gap_ratio,reorder_gap,excess_inventory_ratio,shortage_gap_units,transit_risk_index,cluster_name
REC-2023-01-WH-01,2023-01,WH-01,Hub North-Central — Delhi/NCR,North,Delhi/NCR,Mega Hub,70290.87,65613.51,114669.17,11426.51,69767.93,24.9,2.88,3034.0,0.984,0,27761.48,215875,0.521,7.36,66897376.57,0.919,0.889,0.5,1125,0.08,Overstock,2023,1,1,0,1.0713,0.0713,0.1157,0.0,0.5312,10.035,48.94,0.1164,0.0665,44901.24,0.1286,0.0,0.666,Cluster 0 — Balanced Operational Flow
REC-2023-02-WH-01,2023-02,WH-01,Hub North-Central — Delhi/NCR,North,Delhi/NCR,Mega Hub,96985.89,96499.57,114182.85,11844.86,88787.0,23.8,2.14,4058.0,0.953,0,7628.56,215875,0.519,10.19,106387664.69,0.941,0.858,0.6,1125,0.096,Overstock,2023,2,1,0,1.005,0.005,0.0899,0.0,0.5289,9.64,35.32,0.1063,0.005,25395.85,0.0353,0.0,0.856,Cluster 0 — Balanced Operational Flow
REC-2023-03-WH-01,2023-03,WH-01,Hub North-Central — Delhi/NCR,North,Delhi/NCR,Mega Hub,94047.29,95994.42,116129.98,16133.77,91371.6,24.0,2.98,3213.0,0.983,0,557.72,215875,0.528,9.72,142223147.8025,1.01,0.883,0.1,1125,0.103,Overstock,2023,3,1,0,0.9797,-0.0203,0.1242,0.0,0.538,7.198,37.04,0.1268,-0.0207,24758.38,0.0026,0.0,0.135,Cluster 0 — Balanced Operational Flow
REC-2023-04-WH-01,2023-04,WH-01,Hub North-Central — Delhi/NCR,North,Delhi/NCR,Mega Hub,100274.13,100853.26,116709.11,17207.04,90407.15,21.9,2.96,2863.0,0.965,0,491.4,215875,0.53,10.31,142223147.8025,1.144,0.87,5.1,1125,-0.026,Overstock,2023,4,2,0,0.9943,-0.0057,0.1352,0.0,0.5406,6.783,34.92,0.1189,-0.0058,26301.96,0.0023,0.0,7.089,Cluster 0 — Balanced Operational Flow
REC-2023-05-WH-01,2023-05,WH-01,Hub North-Central — Delhi/NCR,North,Delhi/NCR,Mega Hub,109790.68,101997.75,108916.18,17723.55,91496.42374999999,22.7,2.84,3136.0,0.992,0,0.0,215875,0.495,12.1,142223147.8025,1.159,0.766,2.1,1125,0.025,Overstock,2023,5,2,0,1.0764,0.0764,0.1251,0.0,0.5045,6.145,29.76,0.1086,0.071,17419.76,0.0,0.0,3.574,Cluster 0 — Balanced Operational Flow
REC-2023-06-WH-01,2023-06,WH-01,Hub North-Central — Delhi/NCR,North,Delhi/NCR,Mega Hub,102924.0,108723.67,114715.85,15208.11,91496.42374999999,23.2,2.53,3323.0,0.976,0,0.0,215875,0.521,10.77,142223147.8025,1.016,0.834,1.5,1125,0.003,Overstock,2023,6,2,0,0.9467,-0.0533,0.1091,0.0,0.5314,7.543,33.44,0.1159,-0.0563,23219.43,0.0,0.0,2.247,Cluster 0 — Balanced Operational Flow
REC-2023-07-WH-01,2023-07,WH-01,Hub North-Central — Delhi/NCR,North,Delhi/NCR,Mega Hub,88623.91,93762.16,119854.1,12409.41,79172.76,22.6,2.36,3639.0,0.996,0,22067.23,215875,0.545,8.87,142223147.8025,0.868,0.845,0.7,1125,0.152,Overstock,2023,7,3,0,0.9452,-0.0548,0.1044,0.0,0.5552,9.658,40.57,0.1346,-0.058,40681.34,0.1022,0.0,1.026,Cluster 0 — Balanced Operational Flow
REC-2023-08-WH-01,2023-08,WH-01,Hub North-Central — Delhi/NCR,North,Delhi/NCR,Mega Hub,94465.25,94071.69,119460.54,12918.78,85971.91,23.2,2.21,3816.0,0.982,0,14110.46,215875,0.543,9.49,25790272.76,0.972,0.826,0.4,1125,0.015,Overstock,2023,8,3,0,1.0042,0.0042,0.0953,0.0,0.5534,9.247,37.94,0.0538,0.0042,33488.63,0.0654,0.0,0.609,Cluster 0 — Balanced Operational Flow
REC-2023-09-WH-01,2023-09,WH-01,Hub North-Central — Delhi/NCR,North,Delhi/NCR,Mega Hub,105796.26,100456.02,114120.3,13763.05,91496.42374999999,24.2,2.11,3788.0,0.96,0,0.0,215875,0.519,11.12,142223147.8025,1.077,0.898,1.7,1125,0.082,Overstock,2023,9,3,0,1.0532,0.0532,0.0872,0.0,0.5286,8.292,32.36,0.1127,0.0505,22623.88,0.0,0.0,2.22,Cluster 0 — Balanced Operational Flow
REC-2023-10-WH-01,2023-10,WH-01,Hub North-Central — Delhi/NCR,North,Delhi/NCR,Mega Hub,124125.97625,124331.64749999999,111319.92,20746.28,91496.42374999999,22.6,2.54,4324.875,0.951,0,0.0,215875,0.506,15.37,142223147.8025,1.31,0.826,0.3,1125,0.234,Overstock,2023,10,4,1,0.9983,-0.0017,0.1124,0.0,0.5157,5.366,26.9,0.0961,-0.0017,19823.5,0.0,0.0,0.457,Cluster 0 — Balanced Operational Flow
REC-2023-11-WH-01,2023-11,WH-01,Hub North-Central — Delhi/NCR,North,Delhi/NCR,Mega Hub,124125.97625,124331.64749999999,108198.08,17574.69,91496.42374999999,24.7,2.15,4278.0,0.997,0,0.0,215875,0.492,15.04,51786890.8,1.451,0.92,0.3,1125,0.131,Overstock,2023,11,4,1,0.9983,-0.0017,0.087,0.0,0.5012,6.156,26.15,0.058,-0.0017,16701.66,0.0,0.0,0.372,Cluster 0 — Balanced Operational Flow
REC-2023-12-WH-01,2023-12,WH-01,Hub North-Central — Delhi/NCR,North,Delhi/NCR,Mega Hub,102105.87,108077.14,114169.35,13730.51,91496.42374999999,23.1,2.14,3908.0,0.989,0,1221.56,215875,0.519,10.73,142223147.8025,1.148,0.862,0.4,1125,0.082,Overstock,2023,12,4,1,0.9447,-0.0553,0.0926,0.0,0.5289,8.315,33.54,0.1168,-0.0585,22672.93,0.0057,0.0,0.566,Cluster 0 — Balanced Operational Flow
REC-2024-01-WH-01,2024-01,WH-01,Hub North-Central — Delhi/NCR,North,Delhi/NCR,Mega Hub,89700.38,84739.77,109208.74,11936.02,70241.27,19.5,2.26,2939.0,0.973,0,21063.44,215875,0.496,9.86,78770232.38,0.923,0.803,0.1,1125,0.07,Overstock,2024,1,1,0,1.0585,0.0585,0.1159,0.0,0.5059,9.15,36.52,0.0989,0.0553,38967.47,0.0976,0.0,0.159,Cluster 0 — Balanced Operational Flow
REC-2024-02-WH-01,2024-02,WH-01,Hub North-Central — Delhi/NCR,North,Delhi/NCR,Mega Hub,79222.9,82149.3,112135.14,12662.0,74719.94,23.5,2.83,3182.0,0.995,0,18422.2,215875,0.51,8.48,34626731.15,0.923,0.856,3.8,1125,-0.004,Overstock,2024,2,1,0,0.9644,-0.0356,0.1204,0.0,0.5194,8.856,42.46,0.0743,-0.0369,37415.2,0.0853,0.0,5.442,Cluster 0 — Balanced Operational Flow
REC-2024-03-WH-01,2024-03,WH-01,Hub North-Central — Delhi/NCR,North,Delhi/NCR,Mega Hub,102711.25,101711.01,111134.9,15602.66,91496.42374999999,24.0,2.53,3493.0,0.968,0,0.0,215875,0.505,11.09,142223147.8025,1.01,0.853,0.4,1125,0.104,Overstock,2024,3,1,0,1.0098,0.0098,0.1054,0.0,0.5148,7.123,32.46,0.1161,0.0097,19638.48,0.0,0.0,0.576,Cluster 0 — Balanced Operational Flow
REC-2024-04-WH-01,2024-04,WH-01,Hub North-Central — Delhi/NCR,North,Delhi/NCR,Mega Hub,120804.34,121451.1,111781.66,15597.31,91496.42374999999,21.0,2.16,3490.0,0.993,0,0.0,215875,0.508,12.97,114030924.22,1.145,0.91,1.4,1125,0.132,Overstock,2024,4,2,0,0.9947,-0.0053,0.1029,0.0,0.5178,7.167,27.76,0.0884,-0.0054,20285.24,0.0,0.0,1.778,Cluster 0 — Balanced Operational Flow
REC-2024-05-WH-01,2024-05,WH-01,Hub North-Central — Delhi/NCR,North,Delhi/NCR,Mega Hub,124125.97625,124331.64749999999,115749.34,16687.34,91496.42374999999,22.3,2.17,4324.875,0.976,0,0.0,215875,0.526,13.26,142223147.8025,1.14,0.903,0.2,1125,0.161,Overstock,2024,5,2,0,0.9983,-0.0017,0.0973,0.0,0.5362,6.936,27.98,0.0961,-0.0017,24252.92,0.0,0.0,0.258,Cluster 0 — Balanced Operational Flow
REC-2024-06-WH-01,2024-06,WH-01,Hub North-Central — Delhi/NCR,North,Delhi/NCR,Mega Hub,85121.3,86008.38,116636.42,11174.74,84095.32,25.7,2.05,2316.0,0.983,0,15778.99,215875,0.53,8.76,142223147.8025,0.93,0.869,1.7,1125,0.134,Overstock,2024,6,2,0,0.9897,-0.0103,0.0798,0.0,0.5403,10.438,41.11,0.1401,-0.0104,32541.1,0.0731,0.0,2.368,Cluster 0 — Balanced Operational Flow
REC-2024-07-WH-01,2024-07,WH-01,Hub North-Central — Delhi/NCR,North,Delhi/NCR,Mega Hub,113444.18,110422.01,113614.25,15471.33,91496.42374999999,23.4,2.41,3708.0,0.969,0,0.0,215875,0.516,11.98,142223147.8025,0.917,0.907,0.1,1125,0.159,Overstock,2024,7,3,0,1.0274,0.0274,0.103,0.0,0.5263,7.344,30.04,0.1051,0.0266,22117.83,0.0,0.0,0.128,Cluster 0 — Balanced Operational Flow
REC-2024-08-WH-01,2024-08,WH-01,Hub North-Central — Delhi/NCR,North,Delhi/NCR,Mega Hub,92834.2,94798.78,115578.83,15498.02,75840.25,19.5,2.91,2846.0,0.951,0,16491.55,215875,0.525,9.64,142223147.8025,0.952,0.862,0.5,1125,0.108,Overstock,2024,8,3,0,0.9793,-0.0207,0.1492,0.0,0.5354,7.458,37.35,0.1285,-0.0212,39738.58,0.0764,0.0,0.707,Cluster 0 — Balanced Operational Flow
REC-2024-09-WH-01,2024-09,WH-01,Hub North-Central — Delhi/NCR,North,Delhi/NCR,Mega Hub,124125.97625,124331.64749999999,113484.73,16291.17,91496.42374999999,21.5,2.09,4324.875,0.977,0,0.0,215875,0.516,13.95,142223147.8025,1.077,0.92,1.2,1125,0.128,Overstock,2024,9,3,0,0.9983,-0.0017,0.0972,0.0,0.5257,6.966,27.43,0.0961,-0.0017,21988.31,0.0,0.0,1.488,Cluster 0 — Balanced Operational Flow
REC-2024-10-WH-01,2024-10,WH-01,Hub North-Central — Delhi/NCR,North,Delhi/NCR,Mega Hub,124125.97625,124331.64749999999,105730.89,19243.92,91496.42374999999,23.6,2.05,4324.875,0.981,0,0.0,215875,0.481,17.11,142223147.8025,1.3,0.819,0.1,1125,0.167,Overstock,2024,10,4,1,0.9983,-0.0017,0.0869,0.0,0.4898,5.494,25.55,0.0961,-0.0017,14234.47,0.0,0.0,0.154,Cluster 0 — Balanced Operational Flow
REC-2024-11-WH-01,2024-11,WH-01,Hub North-Central — Delhi/NCR,North,Delhi/NCR,Mega Hub,115496.21,117164.81,107399.49,19065.98,91496.42374999999,24.9,2.88,3611.0,0.963,0,0.0,215875,0.488,12.9,142223147.8025,1.36,0.814,2.0,1125,0.073,Overstock,2024,11,4,1,0.9858,-0.0142,0.1157,0.0,0.4975,5.633,27.9,0.1033,-0.0144,15903.07,0.0,0.0,3.116,Cluster 0 — Balanced Operational Flow
REC-2024-12-WH-01,2024-12,WH-01,Hub North-Central — Delhi/NCR,North,Delhi/NCR,Mega Hub,116303.67,122536.25,113632.07,17415.21,91496.42374999999,23.2,2.64,3824.0,0.997,0,0.0,215875,0.517,12.28,142223147.8025,1.159,0.796,0.3,1125,0.102,Overstock,2024,12,4,1,0.9491,-0.0509,0.1138,0.0,0.5264,6.525,29.31,0.1025,-0.0536,22135.65,0.0,0.0,0.484,Cluster 0 — Balanced Operational Flow
REC-2023-01-WH-02,2023-01,WH-02,Depot North-A — Noida Hub,North,Noida,Regional DC,45429.65,24654.69,12737.12,19058.66,43742.1,16.3,7.59,1948.0,0.985,0,0.0,95000,0.134,25.0,55533031.99,0.948,0.763,5.65,540,0.129,Understock / Shortage,2023,1,1,0,1.8426,0.8426,0.4656,0.0,0.1341,0.668,8.41,0.164,0.4573,-31004.98,0.0,6321.54,9.667,Cluster 1 — High-Velocity Shortage Risk
REC-2023-02-WH-02,2023-02,WH-02,Depot North-A — Noida Hub,North,Noida,Regional DC,44791.75,28842.49,692.16,23262.78,46703.8,15.7,9.43,1260.0,0.928,5,0.0,95000,0.007,25.0,91171498.94,0.873,0.844,0.9,540,0.033,Understock / Shortage,2023,2,1,0,1.553,0.553,0.6006,6.8,0.0073,0.03,0.46,0.2132,0.3561,-46011.64,0.0,22570.62,1.321,Cluster 1 — High-Velocity Shortage Risk
REC-2023-03-WH-02,2023-03,WH-02,Depot North-A — Noida Hub,North,Noida,Regional DC,41359.71,25728.15,1056.69,22056.38,41771.18,14.3,9.67,1227.0,0.639,6,0.0,95000,0.011,25.0,5851457.02,0.996,0.863,5.65,540,0.076,Understock / Shortage,2023,3,1,0,1.6076,0.6076,0.6762,16.83,0.0111,0.048,0.77,0.0585,0.3779,-40714.49,0.0,20999.69,7.972,Cluster 1 — High-Velocity Shortage Risk
REC-2023-04-WH-02,2023-04,WH-02,Depot North-A — Noida Hub,North,Noida,Regional DC,46446.24,34876.72,1104.09,26146.2,50298.24,15.6,10.21,1530.0,0.774,5,0.0,95000,0.012,25.0,67607152.22,1.07,0.828,5.65,540,0.121,Understock / Shortage,2023,4,2,0,1.3317,0.3317,0.6545,10.65,0.0116,0.042,0.71,0.177,0.2491,-49194.15,0.0,25042.11,8.565,Cluster 1 — High-Velocity Shortage Risk
REC-2023-05-WH-02,2023-05,WH-02,Depot North-A — Noida Hub,North,Noida,Regional DC,51050.52,39133.11,516.21,24728.5,51104.6,15.5,8.78,1421.0,0.788,5,0.0,95000,0.005,25.0,45208038.32,1.088,0.842,3.8,540,0.016,Understock / Shortage,2023,5,2,0,1.3045,0.3045,0.5665,10.3,0.0054,0.021,0.3,0.1317,0.2334,-50588.39,0.0,24212.29,5.601,Cluster 1 — High-Velocity Shortage Risk
REC-2023-06-WH-02,2023-06,WH-02,Depot North-A — Noida Hub,North,Noida,Regional DC,44225.81,27715.61,282.17,19045.86,44107.15,17.0,7.8,1407.0,0.638,9,0.0,95000,0.003,25.0,23955351.17,0.925,0.815,0.4,540,0.058,Understock / Shortage,2023,6,2,0,1.5957,0.5957,0.4588,25.29,0.003,0.015,0.19,0.1107,0.3733,-43824.98,0.0,18763.69,0.622,Cluster 1 — High-Velocity Shortage Risk
REC-2023-07-WH-02,2023-07,WH-02,Depot North-A — Noida Hub,North,Noida,Regional DC,40151.69,24588.93,353.98,18432.29,38641.97,15.1,8.33,1607.0,0.619,4,0.0,95000,0.004,25.0,30889529.9,0.927,0.861,5.65,540,0.126,Understock / Shortage,2023,7,3,0,1.6329,0.6329,0.5517,11.62,0.0037,0.019,0.26,0.1384,0.3876,-38287.99,0.0,18078.31,8.006,Cluster 1 — High-Velocity Shortage Risk
REC-2023-08-WH-02,2023-08,WH-02,Depot North-A — Noida Hub,North,Noida,Regional DC,39395.61,26297.05,125.93,19446.23,42952.28,17.9,8.92,1735.0,0.676,4,0.0,95000,0.001,25.0,12364404.11,0.974,0.874,0.3,540,0.045,Understock / Shortage,2023,8,3,0,1.4981,0.4981,0.4983,10.48,0.0013,0.006,0.1,0.0893,0.3325,-42826.35,0.0,19320.3,0.413,Cluster 1 — High-Velocity Shortage Risk
REC-2023-09-WH-02,2023-09,WH-02,Depot North-A — Noida Hub,North,Noida,Regional DC,55293.0,35372.38,211.72,26912.24,56586.15,16.1,8.8,1659.0,0.642,11,0.0,95000,0.002,25.0,41648506.31,1.107,0.843,5.65,540,0.082,Understock / Shortage,2023,9,3,0,1.5632,0.5632,0.5466,30.69,0.0022,0.008,0.11,0.1167,0.3603,-56374.43,0.0,26700.52,8.311,Cluster 1 — High-Velocity Shortage Risk
REC-2023-10-WH-02,2023-10,WH-02,Depot North-A — Noida Hub,North,Noida,Regional DC,59523.74,39328.58,7.94,24870.3,57608.36,16.5,7.54,2550.0,0.664,11,0.0,95000,0.0,25.0,46040168.18,1.354,0.804,5.1,540,0.072,Balanced,2023,10,4,1,1.5135,0.5135,0.457,29.48,0.0001,0.0,0.0,0.114,0.3393,-57600.42,0.0,24862.36,8.099,Cluster 1 — High-Velocity Shortage Risk
REC-2023-11-WH-02,2023-11,WH-02,Depot North-A — Noida Hub,North,Noida,Regional DC,63925.88,44523.8,98.19,32902.6525,64162.95,14.2,9.61,2812.0,0.697,11,0.0,95000,0.001,25.0,71518584.85,1.369,0.856,0.7,540,0.135,Understock / Shortage,2023,11,4,1,1.4358,0.4358,0.6768,27.665,0.001,0.003,0.05,0.1323,0.3035,-64064.76,0.0,32804.46,1.002,Cluster 1 — High-Velocity Shortage Risk
REC-2023-12-WH-02,2023-12,WH-02,Depot North-A — Noida Hub,North,Noida,Regional DC,41712.53,29385.18,699.31,21368.81,43059.33,15.6,9.3,1162.0,0.707,6,0.0,95000,0.007,25.0,34933695.5,1.192,0.816,0.9,540,0.008,Understock / Shortage,2023,12,4,1,1.4195,0.4195,0.5962,14.79,0.0074,0.033,0.5,0.1417,0.2955,-42360.02,0.0,20669.5,1.397,Cluster 1 — High-Velocity Shortage Risk
REC-2024-01-WH-02,2024-01,WH-02,Depot North-A — Noida Hub,North,Noida,Regional DC,43064.44,24496.82,161.76,21054.49,43878.64,15.9,8.87,1213.0,0.585,6,0.0,95000,0.002,25.0,9113353.15,0.917,0.788,2.3,540,0.152,Understock / Shortage,2024,1,1,0,1.758,0.758,0.5579,18.45,0.0017,0.008,0.11,0.0701,0.4312,-43716.88,0.0,20892.73,3.763,Cluster 1 — High-Velocity Shortage Risk
REC-2024-02-WH-02,2024-02,WH-02,Depot North-A — Noida Hub,North,Noida,Regional DC,40298.35,25387.8,765.41,19193.86,37328.12,13.5,8.63,1068.0,0.634,6,0.0,95000,0.008,25.0,40358615.61,0.943,0.824,0.2,540,0.139,Understock / Shortage,2024,2,1,0,1.5873,0.5873,0.6393,16.98,0.0081,0.04,0.57,0.1576,0.37,-36562.71,0.0,18428.45,0.306,Cluster 1 — High-Velocity Shortage Risk
REC-2024-03-WH-02,2024-03,WH-02,Depot North-A — Noida Hub,North,Noida,Regional DC,44773.99,29310.16,704.3,18156.53,41439.0,15.6,7.35,1645.0,0.672,5,0.0,95000,0.007,25.0,3864689.8,1.028,0.836,2.5,540,0.143,Understock / Shortage,2024,3,1,0,1.5276,0.5276,0.4712,13.2,0.0074,0.039,0.47,0.0439,0.3454,-40734.7,0.0,17452.23,3.73,Cluster 1 — High-Velocity Shortage Risk
REC-2024-04-WH-02,2024-04,WH-02,Depot North-A — Noida Hub,North,Noida,Regional DC,55235.7,41258.14,36.46,23085.62,49598.76,14.4,7.56,1733.0,0.76,9,0.0,95000,0.0,25.0,105324991.89,1.098,0.859,0.3,540,0.21,Understock / Shortage,2024,4,2,0,1.3388,0.3388,0.525,19.8,0.0004,0.002,0.02,0.1858,0.2531,-49562.3,0.0,23049.16,0.427,Cluster 1 — High-Velocity Shortage Risk
REC-2024-05-WH-02,2024-05,WH-02,Depot North-A — Noida Hub,North,Noida,Regional DC,57037.27,44140.45,540.2,22542.34,54673.34,16.9,7.14,2236.0,0.775,6,0.0,95000,0.006,25.0,79734190.22,1.215,0.904,0.5,540,0.179,Understock / Shortage,2024,5,2,0,1.2922,0.2922,0.4225,12.75,0.0057,0.024,0.28,0.1566,0.2261,-54133.14,0.0,22002.14,0.644,Cluster 1 — High-Velocity Shortage Risk
REC-2024-06-WH-02,2024-06,WH-02,Depot North-A — Noida Hub,North,Noida,Regional DC,46807.89,35929.07,668.6,18389.22,41013.03,14.5,7.11,1317.0,0.779,7,0.0,95000,0.007,25.0,39631592.03,1.013,0.845,0.8,540,0.064,Understock / Shortage,2024,6,2,0,1.3028,0.3028,0.4903,14.735,0.007,0.036,0.43,0.1345,0.2324,-40344.43,0.0,17720.62,1.172,Cluster 1 — High-Velocity Shortage Risk
REC-2024-07-WH-02,2024-07,WH-02,Depot North-A — Noida Hub,North,Noida,Regional DC,46806.22,33092.09,292.84,24839.21,51362.73,17.0,9.62,1399.0,0.721,5,0.0,95000,0.003,25.0,28280658.33,0.918,0.785,4.1,540,0.101,Understock / Shortage,2024,7,3,0,1.4144,0.4144,0.5659,11.975,0.0031,0.012,0.19,0.1136,0.293,-51069.89,0.0,24546.37,6.744,Cluster 1 — High-Velocity Shortage Risk
REC-2024-08-WH-02,2024-08,WH-02,Depot North-A — Noida Hub,North,Noida,Regional DC,41191.75,25382.86,897.21,23199.45,43246.1,14.6,10.21,1453.0,0.623,11,0.0,95000,0.009,25.0,29310597.34,0.992,0.792,1.2,540,0.177,Understock / Shortage,2024,8,3,0,1.6228,0.6228,0.6993,31.735,0.0094,0.039,0.65,0.1314,0.3838,-42348.89,0.0,22302.24,1.949,Cluster 1 — High-Velocity Shortage Risk
REC-2024-09-WH-02,2024-09,WH-02,Depot North-A — Noida Hub,North,Noida,Regional DC,50106.25,37050.68,847.45,21679.64,47066.81,15.2,7.84,1436.0,0.757,11,0.0,95000,0.009,25.0,34673095.7,1.075,0.893,1.4,540,0.063,Understock / Shortage,2024,9,3,0,1.3524,0.3524,0.5158,24.365,0.0089,0.039,0.51,0.1175,0.2606,-46219.36,0.0,20832.19,1.849,Cluster 1 — High-Velocity Shortage Risk
REC-2024-10-WH-02,2024-10,WH-02,Depot North-A — Noida Hub,North,Noida,Regional DC,57104.46,45684.69,1318.06,27313.92,55675.8,14.9,8.68,2563.0,0.815,5,0.0,95000,0.014,25.0,72240939.69,1.339,0.854,0.1,540,0.113,Understock / Shortage,2024,10,4,1,1.25,0.25,0.5826,9.625,0.0139,0.048,0.69,0.1488,0.2,-54357.74,0.0,25995.86,0.144,Cluster 1 — High-Velocity Shortage Risk
REC-2024-11-WH-02,2024-11,WH-02,Depot North-A — Noida Hub,North,Noida,Regional DC,68220.76,51050.25,1223.29,28296.98,60360.74,14.1,7.52,3034.0,0.768,4,0.0,95000,0.013,25.0,50723006.43,1.358,0.832,0.8,540,0.145,Understock / Shortage,2024,11,4,1,1.3363,0.3363,0.5333,8.64,0.0129,0.043,0.54,0.1044,0.2517,-59137.45,0.0,27073.69,1.203,Cluster 1 — High-Velocity Shortage Risk
REC-2024-12-WH-02,2024-12,WH-02,Depot North-A — Noida Hub,North,Noida,Regional DC,54276.92,40471.24,1299.28,29578.99,56717.45,15.0,9.88,1585.0,0.768,8,0.0,95000,0.014,25.0,44833625.93,1.209,0.85,5.65,540,0.135,Understock / Shortage,2024,12,4,1,1.3411,0.3411,0.6587,17.28,0.0137,0.044,0.72,0.1234,0.2544,-55418.17,0.0,28279.71,8.192,Cluster 1 — High-Velocity Shortage Risk
REC-2023-01-WH-03,2023-01,WH-03,Depot North-B — Gurgaon Metro,North,Gurugram,Urban Depot,12640.61,12816.69,20835.97,2043.66,5288.08,7.7,2.92,392.0,0.958,0,12482.4,45000,0.463,7.28,1956111.29,0.98,0.803,1.1,145,0.159,Overstock,2023,1,1,0,0.9863,-0.0137,0.3792,0.0,0.463,10.195,49.45,0.1106,-0.0139,15547.89,0.2774,0.0,1.75,Cluster 0 — Balanced Operational Flow
REC-2023-02-WH-03,2023-02,WH-03,Depot North-B — Gurgaon Metro,North,Gurugram,Urban Depot,12709.69,12569.09,20695.37,2215.23,5773.94,8.4,3.1,549.0,0.993,0,11598.58,45000,0.46,7.37,1597967.63,0.865,0.902,0.9,145,-0.041,Overstock,2023,2,1,0,1.0112,0.0112,0.369,0.0,0.4599,9.342,48.85,0.0995,0.0111,14921.43,0.2577,0.0,1.165,Cluster 0 — Balanced Operational Flow
REC-2023-03-WH-03,2023-03,WH-03,Depot North-B — Gurgaon Metro,North,Gurugram,Urban Depot,16839.63,18124.09,21979.83,2717.38,6478.23,6.7,2.9,555.0,0.99,0,11425.53,45000,0.488,9.19,2786252.5,1.034,0.899,1.0,145,0.197,Overstock,2023,3,1,0,0.9291,-0.0709,0.4328,0.0,0.4884,8.089,39.16,0.0991,-0.0763,15501.6,0.2539,0.0,1.303,Cluster 0 — Balanced Operational Flow
REC-2023-04-WH-03,2023-04,WH-03,Depot North-B — Gurgaon Metro,North,Gurugram,Urban Depot,14215.03,13475.33,21240.13,2358.46,5533.15,6.7,2.97,390.0,0.967,0,12169.29,45000,0.472,8.03,3588601.87,1.115,0.979,1.9,145,0.104,Overstock,2023,4,2,0,1.0549,0.0549,0.4433,0.0,0.472,9.006,44.83,0.1333,0.052,15706.98,0.2704,0.0,2.02,Cluster 0 — Balanced Operational Flow
REC-2023-05-WH-03,2023-05,WH-03,Depot North-B — Gurgaon Metro,North,Gurugram,Urban Depot,17942.83,17019.7,20317.0,2493.34,5543.62,5.1,2.49,699.0,0.965,0,11033.37,45000,0.451,10.6,6872143.97,1.168,0.886,0.3,145,0.114,Overstock,2023,5,2,0,1.0542,0.0542,0.4882,0.0,0.4515,8.149,33.97,0.1461,0.0514,14773.38,0.2452,0.0,0.403,Cluster 0 — Balanced Operational Flow
REC-2023-06-WH-03,2023-06,WH-03,Depot North-B — Gurgaon Metro,North,Gurugram,Urban Depot,12315.97,12853.19,20854.22,2067.45,5228.55,7.7,2.98,381.0,0.963,0,12524.5,45000,0.463,7.09,7756874.08,0.954,0.868,0.5,145,-0.013,Overstock,2023,6,2,0,0.9582,-0.0418,0.387,0.0,0.4634,10.087,50.8,0.2261,-0.0436,15625.67,0.2783,0.0,0.698,Cluster 0 — Balanced Operational Flow
REC-2023-07-WH-03,2023-07,WH-03,Depot North-B — Gurgaon Metro,North,Gurugram,Urban Depot,12693.85,11784.64,19945.01,2091.68,5222.83,7.4,2.97,456.0,0.968,0,11584.66,45000,0.443,7.64,4769267.84,0.904,0.879,1.4,145,0.09,Overstock,2023,7,3,0,1.0772,0.0772,0.4014,0.0,0.4432,9.535,47.14,0.172,0.0716,14722.18,0.2574,0.0,1.908,Cluster 0 — Balanced Operational Flow
REC-2023-08-WH-03,2023-08,WH-03,Depot North-B — Gurgaon Metro,North,Gurugram,Urban Depot,12896.32,13385.72,20434.41,1745.59,3293.15,3.6,2.45,498.0,0.987,0,14522.88,45000,0.454,7.57,1581869.35,0.981,0.869,3.6,145,0.002,Overstock,2023,8,3,0,0.9634,-0.0366,0.6806,0.0,0.4541,11.706,47.54,0.0975,-0.0379,17141.26,0.3227,0.0,5.015,Cluster 0 — Balanced Operational Flow
REC-2023-09-WH-03,2023-09,WH-03,Depot North-B — Gurgaon Metro,North,Gurugram,Urban Depot,15250.43,16329.88,21513.86,2282.09,4620.49,4.6,2.7,620.0,0.992,0,13470.24,45000,0.478,8.51,11790903.16,1.071,0.941,0.3,145,0.06,Overstock,2023,9,3,0,0.9339,-0.0661,0.587,0.0,0.4781,9.427,42.32,0.2252,-0.0708,16893.37,0.2993,0.0,0.353,Cluster 0 — Balanced Operational Flow
REC-2023-10-WH-03,2023-10,WH-03,Depot North-B — Gurgaon Metro,North,Gurugram,Urban Depot,23705.3,23032.18,20840.74,3334.71,10130.23,8.6,2.47,969.0,0.951,0,5708.45,45000,0.463,13.65,22417066.45,1.341,0.899,0.2,145,0.154,Overstock,2023,10,4,1,1.0292,0.0292,0.2872,0.0,0.4631,6.25,26.37,0.1997,0.0284,10710.51,0.1269,0.0,0.261,Cluster 0 — Balanced Operational Flow
REC-2023-11-WH-03,2023-11,WH-03,Depot North-B — Gurgaon Metro,North,Gurugram,Urban Depot,22918.79,23933.54,21855.49,3121.37,8927.46,7.6,2.45,727.0,0.956,0,8245.98,45000,0.486,12.58,12187183.99,1.389,0.826,0.6,145,0.074,Overstock,2023,11,4,1,0.9576,-0.0424,0.3224,0.0,0.4857,7.002,28.61,0.1523,-0.0443,12928.03,0.1832,0.0,0.913,Cluster 0 — Balanced Operational Flow
REC-2023-12-WH-03,2023-12,WH-03,Depot North-B — Gurgaon Metro,North,Gurugram,Urban Depot,15429.66,14379.53,20805.36,2263.66,5966.78,7.2,2.64,588.0,0.988,0,11443.09,45000,0.462,8.9,5535428.69,1.1,0.944,0.6,145,0.076,Overstock,2023,12,4,1,1.073,0.073,0.3667,0.0,0.4623,9.191,40.45,0.1525,0.0681,14838.58,0.2543,0.0,0.701,Cluster 0 — Balanced Operational Flow
REC-2024-01-WH-03,2024-01,WH-03,Depot North-B — Gurgaon Metro,North,Gurugram,Urban Depot,15760.94,15714.63,20759.05,2791.65,6626.81,7.3,3.18,559.0,0.958,0,9944.76,45000,0.461,9.11,5451715.26,0.955,0.838,0.7,145,0.069,Overstock,2024,1,1,0,1.0029,0.0029,0.4356,0.0,0.4613,7.436,39.51,0.1481,0.0029,14132.24,0.221,0.0,1.04,Cluster 0 — Balanced Operational Flow
REC-2024-02-WH-03,2024-02,WH-03,Depot North-B — Gurgaon Metro,North,Gurugram,Urban Depot,14777.92,14224.28,20205.41,1966.49,4429.48,5.0,2.39,493.0,0.981,0,12826.2,45000,0.449,8.78,3604905.1,0.917,0.909,0.0,145,0.167,Overstock,2024,2,1,0,1.0389,0.0389,0.478,0.0,0.449,10.275,41.02,0.1285,0.0375,15775.93,0.285,0.0,0.0,Cluster 0 — Balanced Operational Flow
REC-2024-03-WH-03,2024-03,WH-03,Depot North-B — Gurgaon Metro,North,Gurugram,Urban Depot,17609.44,18401.64,20997.61,3122.52,6996.6,6.6,3.2,588.0,0.99,0,9317.23,45000,0.467,10.06,7033146.46,1.035,0.902,0.1,145,0.114,Overstock,2024,3,1,0,0.9569,-0.0431,0.4848,0.0,0.4666,6.725,35.77,0.1506,-0.045,14001.01,0.207,0.0,0.129,Cluster 0 — Balanced Operational Flow
REC-2024-04-WH-03,2024-04,WH-03,Depot North-B — Gurgaon Metro,North,Gurugram,Urban Depot,18821.23,18847.07,21023.45,3320.78,7963.35,7.4,3.19,640.0,0.969,0,8078.93,45000,0.467,10.74,7461350.22,1.116,0.938,0.1,145,0.118,Overstock,2024,4,2,0,0.9986,-0.0014,0.4311,0.0,0.4672,6.331,33.51,0.1451,-0.0014,13060.1,0.1795,0.0,0.119,Cluster 0 — Balanced Operational Flow
REC-2024-05-WH-03,2024-05,WH-03,Depot North-B — Gurgaon Metro,North,Gurugram,Urban Depot,18526.27,18461.81,20958.99,3509.34,8017.4,7.3,3.38,682.0,0.993,0,7677.58,45000,0.466,10.61,1716537.87,1.178,0.88,1.5,145,0.122,Overstock,2024,5,2,0,1.0035,0.0035,0.463,0.0,0.4658,5.972,33.94,0.0707,0.0035,12941.59,0.1706,0.0,2.04,Cluster 0 — Balanced Operational Flow
REC-2024-06-WH-03,2024-06,WH-03,Depot North-B — Gurgaon Metro,North,Gurugram,Urban Depot,15980.78,15402.38,20380.59,2584.77,5834.2,6.1,2.92,487.0,0.995,0,10669.24,45000,0.453,9.41,3212815.21,1.025,0.858,0.6,145,0.131,Overstock,2024,6,2,0,1.0376,0.0376,0.4787,0.0,0.4529,7.885,38.26,0.1122,0.0362,14546.39,0.2371,0.0,0.856,Cluster 0 — Balanced Operational Flow
REC-2024-07-WH-03,2024-07,WH-03,Depot North-B — Gurgaon Metro,North,Gurugram,Urban Depot,17953.35,16780.98,19208.22,2622.29,5913.74,5.5,2.61,602.0,0.996,0,9361.05,45000,0.427,11.22,4798825.45,0.931,0.867,0.8,145,0.2,Overstock,2024,7,3,0,1.0699,0.0699,0.4745,0.0,0.4268,7.325,32.1,0.122,0.0653,13294.48,0.208,0.0,1.119,Cluster 0 — Balanced Operational Flow
REC-2024-08-WH-03,2024-08,WH-03,Depot North-B — Gurgaon Metro,North,Gurugram,Urban Depot,17793.69,18879.68,20294.21,2906.3,5871.92,5.0,2.93,709.0,0.963,0,10062.84,45000,0.451,10.52,3332961.72,1.003,0.88,2.0,145,0.17,Overstock,2024,8,3,0,0.9425,-0.0575,0.586,0.0,0.451,6.983,34.22,0.1026,-0.061,14422.29,0.2236,0.0,2.72,Cluster 0 — Balanced Operational Flow
REC-2024-09-WH-03,2024-09,WH-03,Depot North-B — Gurgaon Metro,North,Gurugram,Urban Depot,18694.58,19717.46,21317.09,3380.17,7430.66,6.5,3.24,622.0,0.973,0,8816.17,45000,0.474,10.52,5269849.03,1.101,0.92,2.3,145,0.009,Overstock,2024,9,3,0,0.9481,-0.0519,0.4985,0.0,0.4737,6.307,34.21,0.1228,-0.0547,13886.43,0.1959,0.0,2.852,Cluster 0 — Balanced Operational Flow
REC-2024-10-WH-03,2024-10,WH-03,Depot North-B — Gurgaon Metro,North,Gurugram,Urban Depot,20122.14,19238.18,20433.13,3213.28,8310.89,7.6,2.88,881.0,0.984,0,7302.32,45000,0.454,11.82,14128941.65,1.329,0.879,1.5,145,0.099,Overstock,2024,10,4,1,1.0459,0.0459,0.3789,0.0,0.4541,6.359,30.46,0.1868,0.0439,12122.24,0.1623,0.0,2.045,Cluster 0 — Balanced Operational Flow
REC-2024-11-WH-03,2024-11,WH-03,Depot North-B — Gurgaon Metro,North,Gurugram,Urban Depot,25116.08,23358.12,18675.17,3828.07,10525.69,8.0,2.73,733.0,0.988,0,2407.37,45000,0.415,16.14,13053847.11,1.412,0.854,0.1,145,0.162,Overstock,2024,11,4,1,1.0753,0.0753,0.3412,0.0,0.415,4.878,22.31,0.1439,0.07,8149.48,0.0535,0.0,0.144,Cluster 0 — Balanced Operational Flow
REC-2024-12-WH-03,2024-12,WH-03,Depot North-B — Gurgaon Metro,North,Gurugram,Urban Depot,17927.54,18738.1,19485.73,2988.3,7350.67,7.3,2.96,503.0,0.953,0,7652.61,45000,0.433,11.04,8821144.64,1.16,0.956,1.4,145,0.135,Overstock,2024,12,4,1,0.9567,-0.0433,0.4055,0.0,0.433,6.521,32.61,0.1657,-0.0452,12135.06,0.1701,0.0,1.585,Cluster 0 — Balanced Operational Flow
REC-2023-01-WH-04,2023-01,WH-04,Facility North-1 — Chandigarh Gateway,North,Chandigarh,Regional DC,28196.31,26141.79,41602.39,3991.79,14518.41,11.2,2.52,1068.0,0.952,0,21096.3,85000,0.489,8.13,6839867.69,0.943,0.908,2.6,416,0.087,Overstock,2023,1,1,0,1.0786,0.0786,0.225,0.0,0.4894,10.422,44.26,0.0928,0.0729,27083.98,0.2482,0.0,3.318,Cluster 0 — Balanced Operational Flow
REC-2023-02-WH-04,2023-02,WH-04,Facility North-1 — Chandigarh Gateway,North,Chandigarh,Regional DC,27451.57,28645.64,42796.46,4146.38,14944.0,11.8,2.69,1064.0,0.954,0,21632.89,85000,0.503,7.7,7842729.33,0.893,0.901,0.5,416,0.089,Overstock,2023,2,1,0,0.9583,-0.0417,0.228,0.0,0.5035,10.321,46.77,0.102,-0.0435,27852.46,0.2545,0.0,0.648,Cluster 0 — Balanced Operational Flow
REC-2023-03-WH-04,2023-03,WH-04,Facility North-1 — Chandigarh Gateway,North,Chandigarh,Regional DC,28012.42,28836.0,43620.04,4774.84,14485.81,10.4,3.07,743.0,0.976,0,21971.97,85000,0.513,7.71,28161521.16,0.995,0.896,4.2,416,0.111,Overstock,2023,3,1,0,0.9714,-0.0286,0.2952,0.0,0.5132,9.135,46.72,0.1894,-0.0294,29134.23,0.2585,0.0,5.51,Cluster 0 — Balanced Operational Flow
REC-2023-04-WH-04,2023-04,WH-04,Facility North-1 — Chandigarh Gateway,North,Chandigarh,Regional DC,39269.86,39019.55,43369.73,5346.3,21185.14,12.1,2.34,1474.0,0.986,0,14165.14,85000,0.51,10.87,11202298.4,1.148,0.885,0.1,416,0.068,Overstock,2023,4,2,0,1.0064,0.0064,0.1934,0.0,0.5102,8.112,33.13,0.0852,0.0064,22184.59,0.1666,0.0,0.134,Cluster 0 — Balanced Operational Flow
REC-2023-05-WH-04,2023-05,WH-04,Facility North-1 — Chandigarh Gateway,North,Chandigarh,Regional DC,38958.94,41743.03,46153.82,4731.23,21093.98,12.6,2.14,1145.0,0.977,0,17963.0,85000,0.543,10.13,43594113.13,1.154,0.882,0.1,416,0.133,Overstock,2023,5,2,0,0.9333,-0.0667,0.1698,0.0,0.543,9.755,35.54,0.1695,-0.0715,25059.84,0.2113,0.0,0.135,Cluster 0 — Balanced Operational Flow
REC-2023-06-WH-04,2023-06,WH-04,Facility North-1 — Chandigarh Gateway,North,Chandigarh,Regional DC,24794.95,23184.41,44543.28,3563.37,12406.9,10.7,2.57,727.0,0.967,0,26791.32,85000,0.524,6.68,9678012.12,0.955,0.912,0.2,416,0.04,Overstock,2023,6,2,0,1.0695,0.0695,0.2402,0.0,0.524,12.5,53.89,0.1255,0.065,32136.38,0.3152,0.0,0.253,Cluster 0 — Balanced Operational Flow
REC-2023-07-WH-04,2023-07,WH-04,Facility North-1 — Chandigarh Gateway,North,Chandigarh,Regional DC,24533.64,23998.58,44008.22,4120.38,14915.18,13.2,3.02,698.0,0.985,0,22912.47,85000,0.518,6.69,6503589.27,0.883,0.99,0.2,416,0.091,Overstock,2023,7,3,0,1.0223,0.0223,0.2288,0.0,0.5177,10.681,53.81,0.1039,0.0218,29093.04,0.2696,0.0,0.206,Cluster 0 — Balanced Operational Flow
REC-2023-08-WH-04,2023-08,WH-04,Facility North-1 — Chandigarh Gateway,North,Chandigarh,Regional DC,28744.8,27808.82,43072.24,4045.47,14681.05,11.1,2.5,1209.0,0.994,0,22322.98,85000,0.507,8.01,7745454.53,0.959,0.943,3.6,416,0.099,Overstock,2023,8,3,0,1.0337,0.0337,0.2252,0.0,0.5067,10.647,44.95,0.0968,0.0326,28391.19,0.2626,0.0,4.216,Cluster 0 — Balanced Operational Flow
REC-2023-09-WH-04,2023-09,WH-04,Facility North-1 — Chandigarh Gateway,North,Chandigarh,Regional DC,34488.58,34132.69,42716.35,4980.75,17741.52,11.1,2.54,1020.0,0.978,0,17503.7,85000,0.503,9.69,8319933.7,1.066,0.889,2.4,416,0.065,Overstock,2023,9,3,0,1.0104,0.0104,0.2288,0.0,0.5025,8.576,37.16,0.0836,0.0103,24974.83,0.2059,0.0,3.199,Cluster 0 — Balanced Operational Flow
REC-2023-10-WH-04,2023-10,WH-04,Facility North-1 — Chandigarh Gateway,North,Chandigarh,Regional DC,41115.67,40512.46,42113.14,5850.51,21337.41,11.3,2.48,1128.0,0.986,0,11999.96,85000,0.495,11.72,35978985.74,1.355,0.938,0.1,416,0.069,Overstock,2023,10,4,1,1.0149,0.0149,0.2195,0.0,0.4954,7.198,30.73,0.1459,0.0147,20775.73,0.1412,0.0,0.119,Cluster 0 — Balanced Operational Flow
REC-2023-11-WH-04,2023-11,WH-04,Facility North-1 — Chandigarh Gateway,North,Chandigarh,Regional DC,47610.29,44772.37,39275.22,7140.4,24914.91,11.2,2.6,1267.0,0.984,0,3649.71,85000,0.462,14.55,21208168.43,1.351,0.904,0.0,416,0.065,Overstock,2023,11,4,1,1.0634,0.0634,0.2321,0.0,0.4621,5.5,24.75,0.0967,0.0596,14360.31,0.0429,0.0,0.0,Cluster 0 — Balanced Operational Flow
REC-2023-12-WH-04,2023-12,WH-04,Facility North-1 — Chandigarh Gateway,North,Chandigarh,Regional DC,37415.14,38793.49,40653.57,6144.91,18117.75,9.6,2.95,1624.0,0.979,0,13318.46,85000,0.478,11.04,30908428.67,1.227,0.942,0.1,416,0.006,Overstock,2023,12,4,1,0.9645,-0.0355,0.3073,0.0,0.4783,6.616,32.6,0.1486,-0.0368,22535.82,0.1567,0.0,0.117,Cluster 0 — Balanced Operational Flow
REC-2024-01-WH-04,2024-01,WH-04,Facility North-1 — Chandigarh Gateway,North,Chandigarh,Regional DC,29149.88,30868.8,42372.49,3817.64,16060.59,12.6,2.34,782.0,0.953,0,20585.44,85000,0.498,8.26,23573822.68,0.951,0.928,0.6,416,0.19,Overstock,2024,1,1,0,0.9443,-0.0557,0.1857,0.0,0.4985,11.099,43.61,0.1666,-0.059,26311.9,0.2422,0.0,0.73,Cluster 0 — Balanced Operational Flow
REC-2024-02-WH-04,2024-02,WH-04,Facility North-1 — Chandigarh Gateway,North,Chandigarh,Regional DC,29785.75,29656.59,42243.33,5141.39,17552.12,12.5,3.09,1132.0,0.997,0,16979.12,85000,0.497,8.46,13747777.96,0.892,0.894,0.4,416,0.079,Overstock,2024,2,1,0,1.0044,0.0044,0.2472,0.0,0.497,8.216,42.55,0.1245,0.0043,24691.21,0.1998,0.0,0.527,Cluster 0 — Balanced Operational Flow
REC-2024-03-WH-04,2024-03,WH-04,Facility North-1 — Chandigarh Gateway,North,Chandigarh,Regional DC,28495.97,30015.68,43763.04,4122.35,13526.02,9.9,2.6,1073.0,0.991,0,24053.5,85000,0.515,7.81,11926250.65,1.089,0.967,0.9,416,0.095,Overstock,2024,3,1,0,0.9494,-0.0506,0.2626,0.0,0.5149,10.616,46.07,0.1212,-0.0533,30237.02,0.283,0.0,0.989,Cluster 0 — Balanced Operational Flow
REC-2024-04-WH-04,2024-04,WH-04,Facility North-1 — Chandigarh Gateway,North,Chandigarh,Regional DC,39670.82,42396.53,46488.75,6245.7,20923.9,11.1,2.8,1405.0,0.958,0,16196.3,85000,0.547,10.24,29617009.73,1.146,0.923,0.1,416,0.172,Overstock,2024,4,2,0,0.9357,-0.0643,0.2523,0.0,0.5469,7.443,35.16,0.1372,-0.0687,25564.85,0.1905,0.0,0.123,Cluster 0 — Balanced Operational Flow
REC-2024-05-WH-04,2024-05,WH-04,Facility North-1 — Chandigarh Gateway,North,Chandigarh,Regional DC,42657.6,45389.88,49221.03,6999.39,21502.97,10.2,2.92,1572.0,0.969,0,17218.97,85000,0.579,10.4,35811047.64,1.174,0.928,1.3,416,0.147,Overstock,2024,5,2,0,0.9398,-0.0602,0.2863,0.0,0.5791,7.032,34.62,0.1403,-0.0641,27718.06,0.2026,0.0,1.581,Cluster 0 — Balanced Operational Flow
REC-2024-06-WH-04,2024-06,WH-04,Facility North-1 — Chandigarh Gateway,North,Chandigarh,Regional DC,33406.73,35117.22,50931.52,5146.67,19956.99,13.3,2.65,1095.0,0.983,0,23254.52,85000,0.599,7.87,8699559.21,1.027,0.951,1.9,416,0.105,Overstock,2024,6,2,0,0.9513,-0.0487,0.1992,0.0,0.5992,9.896,45.74,0.0883,-0.0512,30974.53,0.2736,0.0,2.179,Cluster 0 — Balanced Operational Flow
REC-2024-07-WH-04,2024-07,WH-04,Facility North-1 — Chandigarh Gateway,North,Chandigarh,Regional DC,29952.69,29713.66,50692.49,4499.86,15981.72,11.5,2.67,877.0,0.978,0,27960.98,85000,0.596,7.09,26584876.44,0.951,0.864,2.1,416,0.103,Overstock,2024,7,3,0,1.008,0.008,0.2322,0.0,0.5964,11.265,50.77,0.1721,0.008,34710.77,0.329,0.0,2.957,Cluster 0 — Balanced Operational Flow
REC-2024-08-WH-04,2024-08,WH-04,Facility North-1 — Chandigarh Gateway,North,Chandigarh,Regional DC,32499.67,32998.81,51191.63,3986.61,13519.85,8.8,2.13,914.0,0.955,0,31691.86,85000,0.602,7.62,13408873.12,0.929,0.934,0.4,416,0.112,Overstock,2024,8,3,0,0.9849,-0.0151,0.242,0.0,0.6023,12.841,47.25,0.1127,-0.0154,37671.78,0.3728,0.0,0.479,Cluster 0 — Balanced Operational Flow
REC-2024-09-WH-04,2024-09,WH-04,Facility North-1 — Chandigarh Gateway,North,Chandigarh,Regional DC,36121.86,38060.77,53130.54,5098.01,20148.79,12.5,2.52,1290.0,0.968,0,25334.74,85000,0.625,8.16,30454054.93,1.077,0.919,0.4,416,0.112,Overstock,2024,9,3,0,0.9491,-0.0509,0.2016,0.0,0.6251,10.422,44.13,0.1528,-0.0537,32981.75,0.2981,0.0,0.497,Cluster 0 — Balanced Operational Flow
REC-2024-10-WH-04,2024-10,WH-04,Facility North-1 — Chandigarh Gateway,North,Chandigarh,Regional DC,42684.44,44111.9,54558.0,7171.22,22822.18,11.0,2.96,1417.0,0.959,0,20978.99,85000,0.642,9.39,33459958.72,1.317,0.894,0.5,416,0.252,Overstock,2024,10,4,1,0.9676,-0.0324,0.2691,0.0,0.6419,7.608,38.35,0.1355,-0.0334,31735.82,0.2468,0.0,0.659,Cluster 0 — Balanced Operational Flow
REC-2024-11-WH-04,2024-11,WH-04,Facility North-1 — Chandigarh Gateway,North,Chandigarh,Regional DC,49579.12,51410.12,56389.0,7965.35,25979.1,10.9,2.86,1391.0,0.957,0,18461.88,85000,0.663,10.55,35342822.54,1.39,0.963,0.4,416,0.102,Overstock,2024,11,4,1,0.9644,-0.0356,0.2624,0.0,0.6634,7.079,34.12,0.1199,-0.0369,30409.9,0.2172,0.0,0.444,Cluster 0 — Balanced Operational Flow
REC-2024-12-WH-04,2024-12,WH-04,Facility North-1 — Chandigarh Gateway,North,Chandigarh,Regional DC,40389.26,40472.64,56472.38,5128.06,20206.72,11.2,2.16,1185.0,0.954,0,28573.57,85000,0.664,8.58,140045090.09,1.194,0.99,3.0,416,0.086,Overstock,2024,12,4,1,0.9979,-0.0021,0.1929,0.0,0.6644,11.012,41.95,0.293,-0.0021,36265.66,0.3362,0.0,3.09,Cluster 0 — Balanced Operational Flow
REC-2023-01-WH-05,2023-01,WH-05,Depot North-2 — Ludhiana Express,North,Ludhiana,Urban Depot,15213.64,11129.31,10595.57,7554.47,12625.68,10.0,9.01,690.0,0.953,0,0.0,40000,0.265,17.23,4669762.18,0.981,0.779,3.3,111,0.038,Understock / Shortage,2023,1,1,0,1.367,0.367,0.901,0.0,0.2649,1.403,20.89,0.142,0.2685,-2030.11,0.0,0.0,5.488,Cluster 1 — High-Velocity Shortage Risk
REC-2023-02-WH-05,2023-02,WH-05,Depot North-2 — Ludhiana Express,North,Ludhiana,Urban Depot,15101.25,10044.44,5538.76,7176.98,12311.4,10.2,8.62,398.0,0.96,2,0.0,40000,0.138,25.0,862504.18,0.924,0.747,4.6,111,0.192,Understock / Shortage,2023,2,1,0,1.5034,0.5034,0.8451,2.4,0.1385,0.772,11.0,0.0615,0.3349,-6772.64,0.0,1638.22,8.091,Cluster 1 — High-Velocity Shortage Risk
REC-2023-03-WH-05,2023-03,WH-05,Depot North-2 — Ludhiana Express,North,Ludhiana,Urban Depot,17735.65,12492.61,295.72,8250.45,12979.96,8.0,8.44,494.0,0.955,0,0.0,40000,0.007,25.0,3725542.05,1.001,0.812,3.9,111,0.096,Understock / Shortage,2023,3,1,0,1.4197,0.4197,1.055,0.0,0.0074,0.036,0.5,0.1088,0.2956,-12684.24,0.0,7954.73,6.1,Cluster 1 — High-Velocity Shortage Risk
REC-2023-04-WH-05,2023-04,WH-05,Depot North-2 — Ludhiana Express,North,Ludhiana,Urban Depot,18434.69,9998.34,251.09,8610.08,13833.24,8.5,8.48,720.0,0.558,10,0.0,40000,0.006,25.0,6249230.67,1.118,0.769,0.6,111,0.025,Understock / Shortage,2023,4,2,0,1.8438,0.8438,0.9976,32.1,0.0063,0.029,0.41,0.1356,0.4576,-13582.15,0.0,8358.99,1.016,Cluster 1 — High-Velocity Shortage Risk
REC-2023-05-WH-05,2023-05,WH-05,Depot North-2 — Ludhiana Express,North,Ludhiana,Urban Depot,19242.1,13058.5,226.41,8195.94,14802.39,10.3,7.71,804.0,0.692,10,0.0,40000,0.006,25.0,3102641.5,1.059,0.76,3.5,111,0.089,Understock / Shortage,2023,5,2,0,1.4735,0.4735,0.7485,25.4,0.0057,0.028,0.35,0.0915,0.3214,-14575.98,0.0,7969.53,6.02,Cluster 1 — High-Velocity Shortage Risk
REC-2023-06-WH-05,2023-06,WH-05,Depot North-2 — Ludhiana Express,North,Ludhiana,Urban Depot,17694.92,12055.92,38.29,9259.27,15098.59,9.9,9.5,749.0,0.694,7,0.0,40000,0.001,25.0,3867623.34,1.028,0.736,2.4,111,0.115,Understock / Shortage,2023,6,2,0,1.4677,0.4677,0.9596,17.71,0.001,0.004,0.06,0.1111,0.3187,-15060.3,0.0,9220.98,4.301,Cluster 1 — High-Velocity Shortage Risk
REC-2023-07-WH-05,2023-07,WH-05,Depot North-2 — Ludhiana Express,North,Ludhiana,Urban Depot,14629.53,10210.78,270.57,7110.54,12572.23,11.2,8.81,446.0,0.701,4,0.0,40000,0.007,25.0,9120132.02,0.913,0.749,3.5,111,0.118,Understock / Shortage,2023,7,3,0,1.4328,0.4328,0.7866,9.98,0.0068,0.038,0.55,0.2064,0.302,-12301.66,0.0,6839.97,6.136,Cluster 1 — High-Velocity Shortage Risk
REC-2023-08-WH-05,2023-08,WH-05,Depot North-2 — Ludhiana Express,North,Ludhiana,Urban Depot,17007.18,10432.23,304.9,8347.88,13506.72,9.1,8.91,668.0,0.629,9,0.0,40000,0.008,25.0,4855832.69,0.993,0.675,4.5,111,0.144,Understock / Shortage,2023,8,3,0,1.6303,0.6303,0.9791,25.695,0.0076,0.037,0.54,0.1296,0.3866,-13201.82,0.0,8042.98,8.888,Cluster 1 — High-Velocity Shortage Risk
REC-2023-09-WH-05,2023-09,WH-05,Depot North-2 — Ludhiana Express,North,Ludhiana,Urban Depot,15979.12,9293.58,124.5,9305.46,14418.78,9.6,10.58,484.0,0.601,8,0.0,40000,0.003,25.0,1695253.02,1.044,0.706,1.4,111,0.162,Understock / Shortage,2023,9,3,0,1.7194,0.7194,1.1021,23.96,0.0031,0.013,0.23,0.0815,0.4184,-14294.28,0.0,9180.96,2.635,Cluster 1 — High-Velocity Shortage Risk
REC-2023-10-WH-05,2023-10,WH-05,Depot North-2 — Ludhiana Express,North,Ludhiana,Urban Depot,20827.88,10757.28,444.93,10381.88,17741.06,10.6,9.05,935.0,0.522,10,0.0,40000,0.011,25.0,4894177.65,1.376,0.706,1.1,111,0.126,Understock / Shortage,2023,10,4,1,1.9362,0.9362,0.8538,33.9,0.0111,0.043,0.64,0.1062,0.4835,-17296.13,0.0,9936.95,2.07,Cluster 1 — High-Velocity Shortage Risk
REC-2023-11-WH-05,2023-11,WH-05,Depot North-2 — Ludhiana Express,North,Ludhiana,Urban Depot,23354.84,12624.22,282.05,11653.11,19204.51,9.7,9.06,1017.0,0.56,10,0.0,40000,0.007,25.0,7411184.97,1.41,0.712,1.8,111,0.012,Understock / Shortage,2023,11,4,1,1.85,0.85,0.934,32.0,0.0071,0.024,0.36,0.1166,0.4595,-18922.46,0.0,11371.06,3.355,Cluster 1 — High-Velocity Shortage Risk
REC-2023-12-WH-05,2023-12,WH-05,Depot North-2 — Ludhiana Express,North,Ludhiana,Urban Depot,18675.11,12894.61,282.74,10724.82,16887.61,9.9,10.43,662.0,0.706,7,0.0,40000,0.007,25.0,6948300.45,1.219,0.738,1.6,111,0.113,Understock / Shortage,2023,12,4,1,1.4483,0.4483,1.0535,17.29,0.0071,0.026,0.45,0.1411,0.3095,-16604.87,0.0,10442.08,2.858,Cluster 1 — High-Velocity Shortage Risk
REC-2024-01-WH-05,2024-01,WH-05,Depot North-2 — Ludhiana Express,North,Ludhiana,Urban Depot,14448.91,8268.26,24.1,6321.43,11812.02,11.4,7.93,392.0,0.592,9,0.0,40000,0.001,25.0,3964463.05,0.93,0.663,5.65,111,0.128,Understock / Shortage,2024,1,1,0,1.7475,0.7475,0.6956,27.36,0.0006,0.004,0.05,0.1378,0.4278,-11787.92,0.0,6297.33,11.362,Cluster 1 — High-Velocity Shortage Risk
REC-2024-02-WH-05,2024-02,WH-05,Depot North-2 — Ludhiana Express,North,Ludhiana,Urban Depot,16037.6,9884.32,175.46,8628.93,11836.45,6.0,9.77,425.0,0.618,6,0.0,40000,0.004,25.0,8727328.16,0.905,0.752,0.5,111,0.135,Understock / Shortage,2024,2,1,0,1.6225,0.6225,1.6283,17.46,0.0044,0.02,0.33,0.1842,0.3837,-11660.99,0.0,8453.47,0.872,Cluster 1 — High-Velocity Shortage Risk
REC-2024-03-WH-05,2024-03,WH-05,Depot North-2 — Ludhiana Express,North,Ludhiana,Urban Depot,17110.57,9407.01,328.56,10257.66,15676.01,9.5,10.88,496.0,0.56,10,0.0,40000,0.008,25.0,3715501.37,1.036,0.724,5.65,111,0.091,Understock / Shortage,2024,3,1,0,1.8189,0.8189,1.1453,32.0,0.0082,0.032,0.58,0.1127,0.4502,-15347.45,0.0,9929.1,10.328,Cluster 1 — High-Velocity Shortage Risk
REC-2024-04-WH-05,2024-04,WH-05,Depot North-2 — Ludhiana Express,North,Ludhiana,Urban Depot,15914.02,8445.26,329.28,7306.01,11602.8,8.1,8.32,561.0,0.551,10,0.0,40000,0.008,25.0,4025970.03,1.057,0.758,1.7,111,0.123,Understock / Shortage,2024,4,2,0,1.8844,0.8844,1.0272,32.45,0.0082,0.045,0.62,0.1261,0.4693,-11273.52,0.0,6976.73,2.934,Cluster 1 — High-Velocity Shortage Risk
REC-2024-05-WH-05,2024-05,WH-05,Depot North-2 — Ludhiana Express,North,Ludhiana,Urban Depot,16467.06,8503.62,15.94,8849.67,14283.8,9.9,9.76,676.0,0.536,5,0.0,40000,0.0,25.0,8846577.14,1.129,0.728,1.1,111,0.16,Understock / Shortage,2024,5,2,0,1.9365,0.9365,0.9859,16.6,0.0004,0.002,0.03,0.1806,0.4836,-14267.86,0.0,8833.73,1.998,Cluster 1 — High-Velocity Shortage Risk
REC-2024-06-WH-05,2024-06,WH-05,Depot North-2 — Ludhiana Express,North,Ludhiana,Urban Depot,17973.24,11647.33,458.8,10323.0,16254.17,9.9,10.42,711.0,0.649,5,0.0,40000,0.011,25.0,9876462.65,1.051,0.722,2.1,111,0.111,Understock / Shortage,2024,6,2,0,1.5431,0.5431,1.0525,13.775,0.0115,0.044,0.77,0.1749,0.352,-15795.37,0.0,9864.2,3.851,Cluster 1 — High-Velocity Shortage Risk
REC-2024-07-WH-05,2024-07,WH-05,Depot North-2 — Ludhiana Express,North,Ludhiana,Urban Depot,17274.8,10142.11,17.42,9275.21,14860.73,9.7,9.75,562.0,0.614,9,0.0,40000,0.0,25.0,8444320.37,0.906,0.732,0.6,111,0.168,Understock / Shortage,2024,7,3,0,1.7033,0.7033,1.0052,26.37,0.0004,0.002,0.03,0.1682,0.4129,-14843.31,0.0,9257.79,1.082,Cluster 1 — High-Velocity Shortage Risk
REC-2024-08-WH-05,2024-08,WH-05,Depot North-2 — Ludhiana Express,North,Ludhiana,Urban Depot,16464.15,10007.23,276.91,9084.48,13529.8,8.1,10.02,605.0,0.609,9,0.0,40000,0.007,25.0,7770232.99,0.979,0.689,4.1,111,0.119,Understock / Shortage,2024,8,3,0,1.6452,0.6452,1.237,26.595,0.0069,0.03,0.5,0.1693,0.3922,-13252.89,0.0,8807.57,7.925,Cluster 1 — High-Velocity Shortage Risk
REC-2024-09-WH-05,2024-09,WH-05,Depot North-2 — Ludhiana Express,North,Ludhiana,Urban Depot,16858.58,11077.47,358.98,9459.25,14797.8,9.5,10.19,489.0,0.674,9,0.0,40000,0.009,25.0,3279569.77,1.083,0.754,3.6,111,0.08,Understock / Shortage,2024,9,3,0,1.5219,0.5219,1.0726,23.67,0.009,0.038,0.64,0.1074,0.3429,-14438.82,0.0,9100.27,6.257,Cluster 1 — High-Velocity Shortage Risk
REC-2024-10-WH-05,2024-10,WH-05,Depot North-2 — Ludhiana Express,North,Ludhiana,Urban Depot,23118.25,14408.11,76.54,9729.9,16357.13,8.6,7.64,696.0,0.639,4,0.0,40000,0.002,25.0,9045907.39,1.329,0.725,0.5,111,0.106,Understock / Shortage,2024,10,4,1,1.6045,0.6045,0.8884,11.22,0.0019,0.008,0.1,0.1301,0.3768,-16280.59,0.0,9653.36,0.913,Cluster 1 — High-Velocity Shortage Risk
REC-2024-11-WH-05,2024-11,WH-05,Depot North-2 — Ludhiana Express,North,Ludhiana,Urban Depot,24878.17,13044.29,287.14,11376.32,19171.48,9.4,8.28,837.0,0.527,7,0.0,40000,0.007,25.0,12049379.52,1.359,0.736,4.0,111,0.192,Understock / Shortage,2024,11,4,1,1.9072,0.9072,0.8809,23.555,0.0072,0.025,0.35,0.1395,0.4757,-18884.34,0.0,11089.18,7.168,Cluster 1 — High-Velocity Shortage Risk
REC-2024-12-WH-05,2024-12,WH-05,Depot North-2 — Ludhiana Express,North,Ludhiana,Urban Depot,20071.1,10974.27,93.99,11545.01,17833.95,9.4,10.44,652.0,0.561,4,0.0,40000,0.002,25.0,11531375.57,1.19,0.72,5.65,111,0.081,Understock / Shortage,2024,12,4,1,1.8289,0.8289,1.1106,12.78,0.0023,0.008,0.14,0.1692,0.4532,-17739.96,0.0,11451.02,10.396,Cluster 1 — High-Velocity Shortage Risk
REC-2023-01-WH-06,2023-01,WH-06,Hub North-3 — Jaipur Logistics Park,North,Jaipur,Regional DC,50801.5,52195.32,46747.21,6548.08,20433.82,8.2,2.27,2017.0,0.98,0,16491.27,110000,0.425,13.04,30654811.77,0.919,0.911,0.1,421,0.127,Overstock,2023,1,1,0,0.9733,-0.0267,0.2768,0.0,0.425,7.139,27.61,0.109,-0.0274,26313.39,0.1499,0.0,0.127,Cluster 0 — Balanced Operational Flow
REC-2023-02-WH-06,2023-02,WH-06,Hub North-3 — Jaipur Logistics Park,North,Jaipur,Regional DC,38677.81,37728.03,45797.43,5722.3,16938.86,8.7,2.64,1475.0,0.969,0,20275.12,110000,0.416,10.13,13049356.79,0.85,0.853,1.3,421,0.082,Overstock,2023,2,1,0,1.0252,0.0252,0.3034,0.0,0.4163,8.003,35.52,0.0934,0.0246,28858.57,0.1843,0.0,1.873,Cluster 0 — Balanced Operational Flow
REC-2023-03-WH-06,2023-03,WH-06,Hub North-3 — Jaipur Logistics Park,North,Jaipur,Regional DC,50273.27,48768.35,44292.51,7167.07,20573.28,8.0,2.53,1593.0,0.963,0,12968.63,110000,0.403,13.62,38539337.48,1.017,0.937,1.1,421,0.089,Balanced,2023,3,1,0,1.0309,0.0309,0.3162,0.0,0.4027,6.18,26.43,0.1235,0.0299,23719.23,0.1179,0.0,1.308,Cluster 0 — Balanced Operational Flow
REC-2023-04-WH-06,2023-04,WH-06,Hub North-3 — Jaipur Logistics Park,North,Jaipur,Regional DC,49579.9,53363.89,48076.5,7631.17,22174.61,8.8,2.73,2240.0,0.955,0,14455.13,110000,0.437,12.38,23922310.76,1.171,0.91,0.2,421,0.064,Overstock,2023,4,2,0,0.9291,-0.0709,0.3102,0.0,0.4371,6.3,29.09,0.0986,-0.0763,25901.89,0.1314,0.0,0.254,Cluster 0 — Balanced Operational Flow
REC-2023-05-WH-06,2023-05,WH-06,Hub North-3 — Jaipur Logistics Park,North,Jaipur,Regional DC,53349.29,49198.68,43925.89,7939.62,25367.05,9.8,2.62,2098.0,0.962,0,6649.41,110000,0.399,14.57,19691148.09,1.202,0.901,0.1,421,0.149,Overstock,2023,5,2,0,1.0844,0.0844,0.2673,0.0,0.3993,5.532,24.7,0.0832,0.0778,18558.84,0.0604,0.0,0.13,Cluster 0 — Balanced Operational Flow
REC-2023-06-WH-06,2023-06,WH-06,Hub North-3 — Jaipur Logistics Park,North,Jaipur,Regional DC,53354.78,53537.89,44109.0,7619.15,20602.15,7.3,2.53,1910.0,0.953,0,12078.12,110000,0.401,14.52,46675782.46,1.045,0.898,1.4,421,0.1,Overstock,2023,6,2,0,0.9966,-0.0034,0.3466,0.0,0.401,5.789,24.8,0.128,-0.0034,23506.85,0.1098,0.0,1.828,Cluster 0 — Balanced Operational Flow
REC-2023-07-WH-06,2023-07,WH-06,Hub North-3 — Jaipur Logistics Park,North,Jaipur,Regional DC,40866.07,38015.29,41258.22,6107.89,19457.47,9.8,2.61,1532.0,0.99,0,12638.92,110000,0.375,11.89,17638301.98,0.913,0.969,0.6,421,0.153,Overstock,2023,7,3,0,1.075,0.075,0.2663,0.0,0.3751,6.755,30.29,0.1028,0.0698,21800.75,0.1149,0.0,0.656,Cluster 0 — Balanced Operational Flow
REC-2023-08-WH-06,2023-08,WH-06,Hub North-3 — Jaipur Logistics Park,North,Jaipur,Regional DC,45174.71,42070.25,38153.76,5589.12,22303.76,11.1,2.2,1385.0,0.959,0,7466.32,110000,0.347,14.21,16084883.82,0.939,0.849,0.2,421,0.093,Overstock,2023,8,3,0,1.0738,0.0738,0.1982,0.0,0.3469,6.826,25.34,0.0888,0.0687,15850.0,0.0679,0.0,0.291,Cluster 0 — Balanced Operational Flow
REC-2023-09-WH-06,2023-09,WH-06,Hub North-3 — Jaipur Logistics Park,North,Jaipur,Regional DC,52703.64,51242.63,36692.75,8115.58,21115.81,7.4,2.72,1752.0,0.967,0,3403.57,110000,0.334,17.24,94991845.6,1.168,0.912,1.7,421,0.142,Overstock,2023,9,3,0,1.0285,0.0285,0.3676,0.0,0.3336,4.521,20.89,0.1849,0.0277,15576.94,0.0309,0.0,2.149,Cluster 0 — Balanced Operational Flow
REC-2023-10-WH-06,2023-10,WH-06,Hub North-3 — Jaipur Logistics Park,North,Jaipur,Regional DC,67255.5,63803.98,33241.23,9586.64,28642.36,8.5,2.52,2620.0,0.983,0,0.0,110000,0.302,24.28,65500625.0,1.331,0.953,0.2,421,0.089,Overstock,2023,10,4,1,1.0541,0.0541,0.2965,0.0,0.3022,3.467,14.83,0.1203,0.0513,4598.87,0.0,0.0,0.228,Cluster 0 — Balanced Operational Flow
REC-2023-11-WH-06,2023-11,WH-06,Hub North-3 — Jaipur Logistics Park,North,Jaipur,Regional DC,65056.51,64316.89,32501.61,7934.24,25933.21,8.3,2.16,1963.0,0.976,0,0.0,110000,0.295,24.02,142223147.8025,1.453,0.93,2.8,421,0.102,Overstock,2023,11,4,1,1.0115,0.0115,0.2602,0.0,0.2955,4.096,14.99,0.1833,0.0114,6568.4,0.0,0.0,3.388,Cluster 0 — Balanced Operational Flow
REC-2023-12-WH-06,2023-12,WH-06,Hub North-3 — Jaipur Logistics Park,North,Jaipur,Regional DC,55394.2,54435.74,31543.15,6501.27,22380.94,8.6,2.09,2192.0,0.993,0,0.0,110000,0.287,21.07,142223147.8025,1.188,0.858,1.0,421,0.093,Overstock,2023,12,4,1,1.0176,0.0176,0.243,0.0,0.2868,4.852,17.08,0.2153,0.0173,9162.21,0.0,0.0,1.426,Cluster 0 — Balanced Operational Flow
REC-2024-01-WH-06,2024-01,WH-06,Hub North-3 — Jaipur Logistics Park,North,Jaipur,Regional DC,52056.76,49420.12,28906.51,8000.19,24311.31,9.4,2.74,1441.0,0.991,0,0.0,110000,0.263,21.61,27270618.07,0.948,0.933,0.7,421,0.208,Overstock,2024,1,1,0,1.0534,0.0534,0.2915,0.0,0.2628,3.613,16.66,0.1003,0.0506,4595.2,0.0,0.0,0.841,Cluster 0 — Balanced Operational Flow
REC-2024-02-WH-06,2024-02,WH-06,Hub North-3 — Jaipur Logistics Park,North,Jaipur,Regional DC,49507.28,48520.85,27920.08,5607.94,21450.27,9.6,2.02,1711.0,0.989,0,0.0,110000,0.254,21.28,10242473.42,0.902,0.891,0.8,421,0.106,Overstock,2024,2,1,0,1.0203,0.0203,0.2104,0.0,0.2538,4.979,16.92,0.0646,0.0199,6469.81,0.0,0.0,1.062,Cluster 0 — Balanced Operational Flow
REC-2024-03-WH-06,2024-03,WH-06,Hub North-3 — Jaipur Logistics Park,North,Jaipur,Regional DC,58881.33,54796.98,23835.73,7989.39,22905.99,7.6,2.41,1879.0,0.987,0,0.0,110000,0.217,25.0,12671297.56,1.047,0.914,0.0,421,0.184,Overstock,2024,3,1,0,1.0745,0.0745,0.3171,0.0,0.2167,2.983,12.14,0.0605,0.0694,929.74,0.0,0.0,0.0,Cluster 0 — Balanced Operational Flow
REC-2024-04-WH-06,2024-04,WH-06,Hub North-3 — Jaipur Logistics Park,North,Jaipur,Regional DC,57952.85,58853.72,24736.6,8707.08,26479.29,9.2,2.65,1600.0,0.981,0,0.0,110000,0.225,25.0,95884062.3,1.094,0.885,2.5,421,0.084,Overstock,2024,4,2,0,0.9847,-0.0153,0.288,0.0,0.2249,2.841,12.81,0.169,-0.0155,-1742.69,0.0,0.0,3.362,Cluster 0 — Balanced Operational Flow
REC-2024-05-WH-06,2024-05,WH-06,Hub North-3 — Jaipur Logistics Park,North,Jaipur,Regional DC,55165.0,56572.91,26144.51,8696.54,22120.02,7.3,2.8,2093.0,0.988,0,0.0,110000,0.238,25.0,67163838.81,1.117,0.853,0.8,421,0.081,Overstock,2024,5,2,0,0.9751,-0.0249,0.3836,0.0,0.2377,3.006,14.22,0.1486,-0.0255,4024.49,0.0,0.0,1.153,Cluster 0 — Balanced Operational Flow
REC-2024-06-WH-06,2024-06,WH-06,Hub North-3 — Jaipur Logistics Park,North,Jaipur,Regional DC,52057.73,54230.42,28317.2,7549.3,19869.63,7.1,2.57,2223.0,0.959,0,0.0,110000,0.257,22.06,35832042.71,0.973,0.914,1.7,421,0.069,Overstock,2024,6,2,0,0.9599,-0.0401,0.362,0.0,0.2574,3.751,16.32,0.115,-0.0417,8447.57,0.0,0.0,2.139,Cluster 0 — Balanced Operational Flow
REC-2024-07-WH-06,2024-07,WH-06,Hub North-3 — Jaipur Logistics Park,North,Jaipur,Regional DC,50741.95,51364.67,28939.92,7858.03,22404.06,8.6,2.78,2158.0,0.953,0,0.0,110000,0.263,21.04,20448163.6,0.923,0.903,0.4,421,0.107,Overstock,2024,7,3,0,0.9879,-0.0121,0.3233,0.0,0.2631,3.683,17.11,0.0891,-0.0123,6535.86,0.0,0.0,0.516,Cluster 0 — Balanced Operational Flow
REC-2024-08-WH-06,2024-08,WH-06,Hub North-3 — Jaipur Logistics Park,North,Jaipur,Regional DC,49649.91,51733.64,31023.65,5585.8,17998.28,7.5,1.97,1403.0,0.952,0,4646.67,110000,0.282,19.2,17932018.65,0.956,0.917,1.1,421,0.029,Overstock,2024,8,3,0,0.9597,-0.0403,0.2627,0.0,0.282,5.554,18.75,0.0853,-0.042,13025.37,0.0422,0.0,1.374,Cluster 0 — Balanced Operational Flow
REC-2024-09-WH-06,2024-09,WH-06,Hub North-3 — Jaipur Logistics Park,North,Jaipur,Regional DC,56223.19,60681.74,35482.2,6875.64,27115.99,10.8,2.17,1736.0,0.997,0,0.0,110000,0.323,19.01,114225219.61,1.069,0.904,0.8,421,0.198,Overstock,2024,9,3,0,0.9265,-0.0735,0.2009,0.0,0.3226,5.161,18.93,0.1901,-0.0793,8366.21,0.0,0.0,1.03,Cluster 0 — Balanced Operational Flow
REC-2024-10-WH-06,2024-10,WH-06,Hub North-3 — Jaipur Logistics Park,North,Jaipur,Regional DC,71316.61,68752.5,32918.09,10477.86,31872.84,9.0,2.6,2217.0,0.957,0,0.0,110000,0.299,25.0,105257563.49,1.325,0.839,1.2,421,0.148,Overstock,2024,10,4,1,1.0373,0.0373,0.2889,0.0,0.2993,3.142,13.85,0.1439,0.036,1045.25,0.0,0.0,1.78,Cluster 0 — Balanced Operational Flow
REC-2024-11-WH-06,2024-11,WH-06,Hub North-3 — Jaipur Logistics Park,North,Jaipur,Regional DC,81779.51,82729.56,33868.14,12964.99,38861.83,9.5,2.85,2226.0,0.963,0,0.0,110000,0.308,25.0,124787092.14,1.427,0.788,0.9,421,0.163,Overstock,2024,11,4,1,0.9885,-0.0115,0.3,0.0,0.3079,2.612,12.42,0.1366,-0.0116,-4993.69,0.0,0.0,1.472,Cluster 0 — Balanced Operational Flow
REC-2024-12-WH-06,2024-12,WH-06,Hub North-3 — Jaipur Logistics Park,North,Jaipur,Regional DC,65530.44,62349.89,30687.59,8173.19,28706.06,9.4,2.15,2465.0,0.985,0,0.0,110000,0.279,25.0,27295750.78,1.146,0.922,1.7,421,0.167,Overstock,2024,12,4,1,1.051,0.051,0.2287,0.0,0.279,3.755,14.05,0.0797,0.0485,1981.53,0.0,0.0,2.098,Cluster 0 — Balanced Operational Flow
REC-2023-01-WH-07,2023-01,WH-07,Depot North-4 — Jodhpur Transit,North,Jodhpur,Urban Depot,10205.89,9662.92,19601.69,1738.38,3745.54,5.9,3.08,272.0,0.957,0,13248.58,35000,0.56,6.25,1642558.49,0.95,0.809,0.3,327,0.095,Overstock,2023,1,1,0,1.0562,0.0562,0.522,0.0,0.56,11.276,57.62,0.1256,0.0532,15856.15,0.3785,0.0,0.472,Cluster 0 — Balanced Operational Flow
REC-2023-02-WH-07,2023-02,WH-07,Depot North-4 — Jodhpur Transit,North,Jodhpur,Urban Depot,8934.55,8709.61,19376.75,1521.98,3159.98,5.5,3.08,365.0,0.992,0,13933.8,35000,0.554,5.53,1103812.76,0.877,0.885,2.0,327,0.042,Overstock,2023,2,1,0,1.0258,0.0258,0.56,0.0,0.5536,12.731,65.06,0.1176,0.0252,16216.77,0.3981,0.0,2.69,Cluster 0 — Balanced Operational Flow
REC-2023-03-WH-07,2023-03,WH-07,Depot North-4 — Jodhpur Transit,North,Jodhpur,Urban Depot,9966.21,9259.77,18670.31,1919.51,4244.96,7.0,3.45,340.0,0.97,0,11546.08,35000,0.533,6.41,1252230.31,0.985,0.803,0.1,327,0.081,Overstock,2023,3,1,0,1.0763,0.0763,0.4929,0.0,0.5334,9.727,56.2,0.1123,0.0709,14425.35,0.3299,0.0,0.159,Cluster 0 — Balanced Operational Flow
REC-2023-04-WH-07,2023-04,WH-07,Depot North-4 — Jodhpur Transit,North,Jodhpur,Urban Depot,13972.07,14728.19,19426.43,2925.11,5719.52,6.0,3.78,391.0,0.967,0,9319.24,35000,0.555,8.63,4270832.56,1.144,0.822,1.0,327,0.066,Overstock,2023,4,2,0,0.9487,-0.0513,0.63,0.0,0.555,6.641,41.71,0.1479,-0.0541,13706.91,0.2663,0.0,1.534,Cluster 0 — Balanced Operational Flow
REC-2023-05-WH-07,2023-05,WH-07,Depot North-4 — Jodhpur Transit,North,Jodhpur,Urban Depot,12802.89,12067.95,18691.49,2614.92,6583.82,9.3,3.66,513.0,0.977,0,8185.29,35000,0.534,8.22,1589425.31,1.158,0.794,0.4,327,0.017,Overstock,2023,5,2,0,1.0609,0.0609,0.3935,0.0,0.534,7.148,43.8,0.0985,0.0574,12107.67,0.2339,0.0,0.647,Cluster 0 — Balanced Operational Flow
REC-2023-06-WH-07,2023-06,WH-07,Depot North-4 — Jodhpur Transit,North,Jodhpur,Urban Depot,11537.69,12174.79,19328.59,2114.35,4998.77,7.5,3.29,465.0,0.988,0,11158.3,35000,0.552,7.16,1364374.32,0.994,0.858,0.1,327,0.025,Overstock,2023,6,2,0,0.9477,-0.0523,0.4387,0.0,0.5522,9.142,50.26,0.1012,-0.0552,14329.82,0.3188,0.0,0.143,Cluster 0 — Balanced Operational Flow
REC-2023-07-WH-07,2023-07,WH-07,Depot North-4 — Jodhpur Transit,North,Jodhpur,Urban Depot,10433.86,9666.03,18560.76,1988.52,4283.97,6.6,3.41,412.0,0.964,0,11294.01,35000,0.53,6.75,2152810.23,0.936,0.877,0.6,327,0.141,Overstock,2023,7,3,0,1.0794,0.0794,0.5167,0.0,0.5303,9.334,53.37,0.1406,0.0736,14276.79,0.3227,0.0,0.821,Cluster 0 — Balanced Operational Flow
REC-2023-08-WH-07,2023-08,WH-07,Depot North-4 — Jodhpur Transit,North,Jodhpur,Urban Depot,10314.57,10051.2,18297.39,1733.94,4312.58,7.5,3.03,324.0,0.975,0,11383.9,35000,0.523,6.76,586216.25,0.974,0.863,0.0,327,0.177,Overstock,2023,8,3,0,1.0262,0.0262,0.404,0.0,0.5228,10.552,53.22,0.0742,0.0255,13984.81,0.3253,0.0,0.0,Cluster 0 — Balanced Operational Flow
REC-2023-09-WH-07,2023-09,WH-07,Depot North-4 — Jodhpur Transit,North,Jodhpur,Urban Depot,12490.83,12053.25,17859.81,2167.72,4499.34,5.6,3.12,445.0,0.958,0,10108.89,35000,0.51,8.39,1657032.53,1.071,0.855,0.1,327,0.094,Overstock,2023,9,3,0,1.0363,0.0363,0.5571,0.0,0.5103,8.239,42.9,0.1031,0.035,13360.47,0.2888,0.0,0.144,Cluster 0 — Balanced Operational Flow
REC-2023-10-WH-07,2023-10,WH-07,Depot North-4 — Jodhpur Transit,North,Jodhpur,Urban Depot,16285.61,17002.81,18577.01,2564.4,5441.52,5.3,2.83,592.0,0.961,0,9288.89,35000,0.531,10.52,5572706.15,1.363,0.871,2.0,327,0.117,Overstock,2023,10,4,1,0.9578,-0.0422,0.534,0.0,0.5308,7.244,34.22,0.145,-0.044,13135.49,0.2654,0.0,2.774,Cluster 0 — Balanced Operational Flow
REC-2023-11-WH-07,2023-11,WH-07,Depot North-4 — Jodhpur Transit,North,Jodhpur,Urban Depot,17303.24,16641.7,17915.47,3939.77,8438.61,7.8,4.11,489.0,0.966,0,3567.21,35000,0.512,11.59,2115216.87,1.353,0.854,0.6,327,0.128,Overstock,2023,11,4,1,1.0398,0.0398,0.5269,0.0,0.5119,4.547,31.06,0.0841,0.0382,9476.86,0.1019,0.0,0.863,Cluster 0 — Balanced Operational Flow
REC-2023-12-WH-07,2023-12,WH-07,Depot North-4 — Jodhpur Transit,North,Jodhpur,Urban Depot,12772.23,13297.52,18440.76,2543.34,5566.1,7.1,3.57,578.0,0.953,0,9059.65,35000,0.527,8.31,3339151.7,1.07,0.911,3.4,327,0.184,Overstock,2023,12,4,1,0.9605,-0.0395,0.5028,0.0,0.5269,7.251,43.31,0.1431,-0.0411,12874.66,0.2588,0.0,4.308,Cluster 0 — Balanced Operational Flow
REC-2024-01-WH-07,2024-01,WH-07,Depot North-4 — Jodhpur Transit,North,Jodhpur,Urban Depot,10389.09,10036.6,18088.27,1940.11,3602.36,4.8,3.37,388.0,0.974,0,11575.74,35000,0.517,6.89,3108960.34,0.915,0.892,2.4,327,0.09,Overstock,2024,1,1,0,1.0351,0.0351,0.7021,0.0,0.5168,9.323,52.23,0.1697,0.0339,14485.91,0.3307,0.0,3.178,Cluster 0 — Balanced Operational Flow
REC-2024-02-WH-07,2024-02,WH-07,Depot North-4 — Jodhpur Transit,North,Jodhpur,Urban Depot,11797.87,12366.02,18656.42,2132.22,4413.14,5.8,3.24,378.0,0.955,0,11044.95,35000,0.533,7.59,3099971.37,0.875,0.912,0.0,327,0.215,Overstock,2024,2,1,0,0.9541,-0.0459,0.5586,0.0,0.533,8.75,47.44,0.1492,-0.0482,14243.28,0.3156,0.0,0.0,Cluster 0 — Balanced Operational Flow
REC-2024-03-WH-07,2024-03,WH-07,Depot North-4 — Jodhpur Transit,North,Jodhpur,Urban Depot,12375.13,11489.6,17770.89,2655.91,5089.69,5.9,3.89,422.0,0.983,0,8697.33,35000,0.508,8.36,3560516.35,1.028,0.802,5.65,327,0.058,Overstock,2024,3,1,0,1.0771,0.0771,0.6593,0.0,0.5077,6.691,43.08,0.1525,0.0716,12681.2,0.2485,0.0,9.006,Cluster 0 — Balanced Operational Flow
REC-2024-04-WH-07,2024-04,WH-07,Depot North-4 — Jodhpur Transit,North,Jodhpur,Urban Depot,12305.6,12240.02,17705.31,2206.26,5282.66,7.5,3.24,347.0,0.973,0,9113.26,35000,0.506,8.34,3118849.48,1.106,0.857,0.3,327,0.012,Overstock,2024,4,2,0,1.0054,0.0054,0.432,0.0,0.5059,8.025,43.16,0.1435,0.0053,12422.65,0.2604,0.0,0.429,Cluster 0 — Balanced Operational Flow
REC-2024-05-WH-07,2024-05,WH-07,Depot North-4 — Jodhpur Transit,North,Jodhpur,Urban Depot,13770.59,13907.61,17842.33,2638.34,5438.36,6.1,3.43,596.0,0.984,0,8446.46,35000,0.51,9.26,1442134.39,1.156,0.896,0.7,327,0.142,Overstock,2024,5,2,0,0.9901,-0.0099,0.5623,0.0,0.5098,6.763,38.87,0.0872,-0.01,12403.97,0.2413,0.0,0.918,Cluster 0 — Balanced Operational Flow
REC-2024-06-WH-07,2024-06,WH-07,Depot North-4 — Jodhpur Transit,North,Jodhpur,Urban Depot,12560.61,11768.54,17050.26,2508.69,5272.02,6.6,3.61,439.0,0.967,0,8015.2,35000,0.487,8.84,2142482.51,1.007,0.895,0.7,327,0.011,Overstock,2024,6,2,0,1.0673,0.0673,0.547,0.0,0.4872,6.796,40.72,0.1165,0.0631,11778.24,0.229,0.0,0.92,Cluster 0 — Balanced Operational Flow
REC-2024-07-WH-07,2024-07,WH-07,Depot North-4 — Jodhpur Transit,North,Jodhpur,Urban Depot,9785.92,9634.37,16898.71,1888.08,4008.36,6.5,3.47,321.0,0.986,0,10058.23,35000,0.483,6.95,1229901.08,0.917,0.887,1.8,327,0.094,Overstock,2024,7,3,0,1.0157,0.0157,0.5338,0.0,0.4828,8.95,51.81,0.1133,0.0155,12890.35,0.2874,0.0,2.41,Cluster 0 — Balanced Operational Flow
REC-2024-08-WH-07,2024-08,WH-07,Depot North-4 — Jodhpur Transit,North,Jodhpur,Urban Depot,12826.55,12855.48,16927.64,2240.93,5191.04,6.9,3.14,412.0,0.965,0,8375.2,35000,0.484,9.09,3605414.1,0.953,0.87,2.3,327,0.108,Overstock,2024,8,3,0,0.9977,-0.0023,0.4551,0.0,0.4836,7.554,39.59,0.148,-0.0023,11736.6,0.2393,0.0,3.197,Cluster 0 — Balanced Operational Flow
REC-2024-09-WH-07,2024-09,WH-07,Depot North-4 — Jodhpur Transit,North,Jodhpur,Urban Depot,12947.56,12161.15,16141.23,2953.66,6017.92,7.1,4.11,520.0,0.995,0,5692.82,35000,0.461,9.63,4630232.48,1.076,0.944,0.0,327,0.149,Overstock,2024,9,3,0,1.0647,0.0647,0.5789,0.0,0.4612,5.465,37.4,0.1662,0.0607,10123.31,0.1627,0.0,0.0,Cluster 0 — Balanced Operational Flow
REC-2024-10-WH-07,2024-10,WH-07,Depot North-4 — Jodhpur Transit,North,Jodhpur,Urban Depot,17006.69,16089.74,15224.28,2680.03,5571.17,5.1,2.83,760.0,0.961,0,5633.06,35000,0.435,13.4,390321.97,1.332,0.869,1.2,327,0.195,Overstock,2024,10,4,1,1.057,0.057,0.5549,0.0,0.435,5.681,26.86,0.0367,0.0539,9653.11,0.1609,0.0,1.672,Cluster 0 — Balanced Operational Flow
REC-2024-11-WH-07,2024-11,WH-07,Depot North-4 — Jodhpur Transit,North,Jodhpur,Urban Depot,16986.99,17556.23,15793.52,3363.68,6761.08,6.0,3.58,466.0,0.963,0,3986.92,35000,0.451,12.91,6269803.64,1.382,0.88,0.7,327,0.099,Overstock,2024,11,4,1,0.9676,-0.0324,0.5967,0.0,0.4512,4.695,27.89,0.1474,-0.0335,9032.44,0.1139,0.0,0.952,Cluster 0 — Balanced Operational Flow
REC-2024-12-WH-07,2024-12,WH-07,Depot North-4 — Jodhpur Transit,North,Jodhpur,Urban Depot,14587.17,15176.42,16382.77,3177.22,4976.3,3.7,3.95,488.0,0.952,0,6640.64,35000,0.468,10.68,5711018.74,1.174,0.854,0.1,327,0.152,Overstock,2024,12,4,1,0.9612,-0.0388,1.0676,0.0,0.4681,5.156,33.69,0.1638,-0.0404,11406.47,0.1897,0.0,0.144,Cluster 0 — Balanced Operational Flow
REC-2023-01-WH-08,2023-01,WH-08,Hub North-5 — Lucknow Central,North,Lucknow,Regional DC,29148.33,34906.47,77941.04,3992.46,17692.18,14.1,2.43,806.0,0.962,0,54260.17,90000,0.866,4.49,11365759.47,0.935,0.99,1.1,687,0.072,Overstock,2023,1,1,0,0.835,-0.165,0.1723,0.0,0.866,19.522,80.22,0.1157,-0.1975,60248.86,0.6029,0.0,1.133,Cluster 2 — Chronic Overstock Buffers
REC-2023-02-WH-08,2023-02,WH-08,Hub North-5 — Lucknow Central,North,Lucknow,Regional DC,30217.88,33609.78,81332.94,4737.73,19242.31,14.4,2.74,798.0,0.954,0,54984.04,90000,0.904,4.46,23088503.86,0.866,0.947,0.5,687,0.129,Overstock,2023,2,1,0,0.8991,-0.1009,0.1903,0.0,0.9037,17.167,80.75,0.159,-0.1122,62090.63,0.6109,0.0,0.58,Cluster 2 — Chronic Overstock Buffers
REC-2023-03-WH-08,2023-03,WH-08,Hub North-5 — Lucknow Central,North,Lucknow,Regional DC,35224.97,43301.66,89409.63,4570.15,23356.8,16.0,2.23,1004.0,0.951,0,59197.61,90000,0.993,4.73,9107597.65,0.965,0.99,2.4,687,0.041,Overstock,2023,3,1,0,0.8135,-0.1865,0.1394,0.0,0.9934,19.564,76.15,0.0857,-0.2293,66052.83,0.6578,0.0,2.472,Cluster 2 — Chronic Overstock Buffers
REC-2023-04-WH-08,2023-04,WH-08,Hub North-5 — Lucknow Central,North,Lucknow,Regional DC,43757.94,48223.12,93874.81,6278.33,30491.06,16.6,2.45,1700.0,0.983,0,53966.26,90000,1.043,5.59,37179416.22,1.147,0.99,0.3,687,0.163,Overstock,2023,4,2,0,0.9074,-0.0926,0.1476,0.0,1.0431,14.952,64.36,0.1393,-0.102,63383.75,0.5996,0.0,0.309,Cluster 2 — Chronic Overstock Buffers
REC-2023-05-WH-08,2023-05,WH-08,Hub North-5 — Lucknow Central,North,Lucknow,Regional DC,37815.12,44473.36,100533.05,4620.45,24410.36,15.7,2.11,1414.0,0.958,0,69192.02,90000,1.117,4.51,31292292.67,1.144,0.964,0.3,687,0.107,Overstock,2023,5,2,0,0.8503,-0.1497,0.1344,0.0,1.117,21.758,79.76,0.1479,-0.1761,76122.69,0.7688,0.0,0.332,Cluster 2 — Chronic Overstock Buffers
REC-2023-06-WH-08,2023-06,WH-08,Hub North-5 — Lucknow Central,North,Lucknow,Regional DC,36127.77,42300.49,106705.77,4485.8,23151.81,15.5,2.17,992.0,0.983,0,76825.26,90000,1.186,4.06,14214850.51,1.0,0.99,1.1,687,-0.003,Overstock,2023,6,2,0,0.8541,-0.1459,0.14,0.0,1.1856,23.787,88.61,0.1044,-0.1709,83553.96,0.8536,0.0,1.133,Cluster 2 — Chronic Overstock Buffers
REC-2023-07-WH-08,2023-07,WH-08,Hub North-5 — Lucknow Central,North,Lucknow,Regional DC,36299.7,44200.55,114606.62,5293.22,22596.08,14.3,2.57,1519.0,0.987,0,84070.71,90000,1.273,3.8,12145447.53,0.956,0.93,0.4,687,0.167,Overstock,2023,7,3,0,0.8212,-0.1788,0.1797,0.0,1.2734,21.652,94.72,0.096,-0.2177,92010.54,0.9341,0.0,0.484,Cluster 2 — Chronic Overstock Buffers
REC-2023-08-WH-08,2023-08,WH-08,Hub North-5 — Lucknow Central,North,Lucknow,Regional DC,36900.32,39565.57,117271.87,4765.23,21862.38,13.9,2.27,976.0,0.958,0,88261.64,90000,1.303,3.78,61563942.12,1.043,0.99,0.1,687,-0.028,Overstock,2023,8,3,0,0.9326,-0.0674,0.1633,0.0,1.303,24.61,95.34,0.2126,-0.0722,95409.49,0.9807,0.0,0.103,Cluster 2 — Chronic Overstock Buffers
REC-2023-09-WH-08,2023-09,WH-08,Hub North-5 — Lucknow Central,North,Lucknow,Regional DC,36436.57,44572.8,125408.1,5543.29,24125.94,15.3,2.64,1215.0,0.992,0,92967.22,90000,1.393,3.49,34572364.54,1.116,0.99,0.1,687,0.137,Overstock,2023,9,3,0,0.8175,-0.1825,0.1725,0.0,1.3934,22.623,103.25,0.1614,-0.2233,101282.16,1.033,0.0,0.103,Cluster 2 — Chronic Overstock Buffers
REC-2023-10-WH-08,2023-10,WH-08,Hub North-5 — Lucknow Central,North,Lucknow,Regional DC,42677.1,50558.93,133289.93,5142.62,29468.57,17.1,2.12,1658.0,0.976,0,96107.43,90000,1.481,3.84,24536121.76,1.35,0.99,0.0,687,0.077,Overstock,2023,10,4,1,0.8441,-0.1559,0.124,0.0,1.481,25.919,93.7,0.1161,-0.1847,103821.36,1.0679,0.0,0.0,Cluster 2 — Chronic Overstock Buffers
REC-2023-11-WH-08,2023-11,WH-08,Hub North-5 — Lucknow Central,North,Lucknow,Regional DC,49968.17,60531.43,143853.19,7709.7,36524.68,17.3,2.74,1801.0,0.977,0,95763.96,90000,1.598,4.17,40941958.8,1.405,0.94,0.5,687,0.092,Overstock,2023,11,4,1,0.8255,-0.1745,0.1584,0.0,1.5984,18.659,86.37,0.1281,-0.2114,107328.51,1.064,0.0,0.59,Cluster 2 — Chronic Overstock Buffers
REC-2023-12-WH-08,2023-12,WH-08,Hub North-5 — Lucknow Central,North,Lucknow,Regional DC,43532.45,55414.37,155735.11,5784.09,29872.05,16.6,2.28,1893.0,0.968,0,117186.92,90000,1.73,3.35,35549977.22,1.125,0.955,0.1,687,0.066,Overstock,2023,12,4,1,0.7856,-0.2144,0.1373,0.0,1.7304,26.925,107.32,0.137,-0.2729,125863.06,1.3021,0.0,0.114,Cluster 2 — Chronic Overstock Buffers
REC-2024-01-WH-08,2024-01,WH-08,Hub North-5 — Lucknow Central,North,Lucknow,Regional DC,38003.68,41227.51,158958.94,5494.32,23736.09,14.4,2.46,1202.0,0.973,0,126981.37,90000,1.766,2.87,38152517.48,0.934,0.967,1.0,687,0.168,Overstock,2024,1,1,0,0.9218,-0.0782,0.1708,0.0,1.7662,28.932,125.48,0.1625,-0.0848,135222.85,1.4109,0.0,1.099,Cluster 2 — Chronic Overstock Buffers
REC-2024-02-WH-08,2024-02,WH-08,Hub North-5 — Lucknow Central,North,Lucknow,Regional DC,36474.67,38963.5,161447.77,4993.53,24446.69,16.0,2.37,999.0,0.977,0,129510.78,90000,1.794,2.71,41535372.92,0.889,0.99,1.5,687,0.228,Overstock,2024,2,1,0,0.9361,-0.0639,0.1481,0.0,1.7939,32.331,132.79,0.1767,-0.0682,137001.08,1.439,0.0,1.545,Cluster 2 — Chronic Overstock Buffers
REC-2024-03-WH-08,2024-03,WH-08,Hub North-5 — Lucknow Central,North,Lucknow,Regional DC,37849.17,40824.1,164422.7,5828.25,24500.51,14.8,2.64,1008.0,0.992,0,131179.82,90000,1.827,2.76,41743547.57,1.056,0.932,1.9,687,0.136,Overstock,2024,3,1,0,0.9271,-0.0729,0.1784,0.0,1.8269,28.211,130.32,0.1707,-0.0786,139922.19,1.4576,0.0,2.288,Cluster 2 — Chronic Overstock Buffers
REC-2024-04-WH-08,2024-04,WH-08,Hub North-5 — Lucknow Central,North,Lucknow,Regional DC,47059.37,50002.94,167366.27,6588.55,29961.37,14.9,2.46,1291.0,0.979,0,127522.07,90000,1.86,3.37,18460912.66,1.136,0.944,1.0,687,0.109,Overstock,2024,4,2,0,0.9411,-0.0589,0.1651,0.0,1.8596,25.403,106.69,0.0913,-0.0626,137404.9,1.4169,0.0,1.168,Cluster 2 — Chronic Overstock Buffers
REC-2024-05-WH-08,2024-05,WH-08,Hub North-5 — Lucknow Central,North,Lucknow,Regional DC,46146.21,54196.7,175416.76,7145.54,31756.85,16.0,2.64,1808.0,0.979,0,132941.6,90000,1.949,3.16,65225650.28,1.184,0.9,1.6,687,0.092,Overstock,2024,5,2,0,0.8515,-0.1485,0.165,0.0,1.9491,24.549,114.04,0.175,-0.1745,143659.91,1.4771,0.0,2.08,Cluster 2 — Chronic Overstock Buffers
REC-2024-06-WH-08,2024-06,WH-08,Hub North-5 — Lucknow Central,North,Lucknow,Regional DC,33844.93,38633.73,180205.56,4252.28,21513.19,15.3,2.23,1138.0,0.975,0,152313.95,90000,2.002,2.25,32297367.67,1.004,0.944,0.4,687,0.114,Overstock,2024,6,2,0,0.876,-0.124,0.1458,0.0,2.0023,42.379,159.73,0.1679,-0.1415,158692.37,1.6924,0.0,0.467,Cluster 2 — Chronic Overstock Buffers
REC-2024-07-WH-08,2024-07,WH-08,Hub North-5 — Lucknow Central,North,Lucknow,Regional DC,39838.92,43387.53,183754.17,4702.23,26613.64,16.5,2.08,1662.0,0.956,0,150087.18,90000,2.042,2.6,21094805.62,0.936,0.941,2.4,687,0.123,Overstock,2024,7,3,0,0.9182,-0.0818,0.1261,0.0,2.0417,39.078,138.37,0.1153,-0.0891,157140.53,1.6676,0.0,2.825,Cluster 2 — Chronic Overstock Buffers
REC-2024-08-WH-08,2024-08,WH-08,Hub North-5 — Lucknow Central,North,Lucknow,Regional DC,39262.91,42825.19,187316.45,5427.54,25582.5,15.4,2.43,1052.0,0.955,0,153592.64,90000,2.081,2.52,35944782.3,0.93,0.856,0.0,687,0.178,Overstock,2024,8,3,0,0.9168,-0.0832,0.1578,0.0,2.0813,34.512,143.12,0.1527,-0.0907,161733.95,1.7066,0.0,0.0,Cluster 2 — Chronic Overstock Buffers
REC-2024-09-WH-08,2024-09,WH-08,Hub North-5 — Lucknow Central,North,Lucknow,Regional DC,37163.51,47505.31,197658.25,6285.23,29698.24,18.9,2.92,1033.0,0.962,0,154716.24875000003,90000,2.196,2.26,19043099.39,1.099,0.925,0.1,687,0.172,Overstock,2024,9,3,0,0.7823,-0.2177,0.1545,0.0,2.1962,31.448,159.56,0.1174,-0.2783,167960.01,1.7191,0.0,0.122,Cluster 2 — Chronic Overstock Buffers
REC-2024-10-WH-08,2024-10,WH-08,Hub North-5 — Lucknow Central,North,Lucknow,Regional DC,46423.37,50239.24,201474.12,7640.9,32864.26,16.3,2.87,1508.0,0.97,0,154716.24875000003,90000,2.239,2.77,82340608.25,1.372,0.98,0.1,687,0.206,Overstock,2024,10,4,1,0.924,-0.076,0.1761,0.0,2.2386,26.368,130.2,0.1955,-0.0822,168609.86,1.7191,0.0,0.106,Cluster 2 — Chronic Overstock Buffers
REC-2024-11-WH-08,2024-11,WH-08,Hub North-5 — Lucknow Central,North,Lucknow,Regional DC,51408.77,56463.52,206528.87,7599.8,31076.47,13.7,2.59,2295.0,0.986,0,154716.24875000003,90000,2.295,2.99,65179094.56,1.301,0.99,0.2,687,0.094,Overstock,2024,11,4,1,0.9105,-0.0895,0.1891,0.0,2.2948,27.176,120.52,0.157,-0.0983,175452.4,1.7191,0.0,0.206,Cluster 2 — Chronic Overstock Buffers
REC-2024-12-WH-08,2024-12,WH-08,Hub North-5 — Lucknow Central,North,Lucknow,Regional DC,51870.07,60592.17,215250.97,6875.39,31773.02,14.4,2.29,2347.0,0.964,0,154716.24875000003,90000,2.392,2.89,44936369.89,1.213,0.959,0.5,687,0.154,Overstock,2024,12,4,1,0.8561,-0.1439,0.159,0.0,2.3917,31.307,124.49,0.1292,-0.1682,183477.95,1.7191,0.0,0.562,Cluster 2 — Chronic Overstock Buffers
REC-2023-01-WH-09,2023-01,WH-09,Depot North-6 — Kanpur Freight Center,North,Kanpur,Urban Depot,14938.73,15170.45,24837.61,2085.83,4276.84,4.4,2.49,517.0,0.989,0,17432.03,48000,0.517,7.22,3074464.93,0.874,0.894,0.0,148,0.14,Overstock,2023,1,1,0,0.9847,-0.0153,0.5659,0.0,0.5175,11.908,49.88,0.1174,-0.0155,20560.77,0.3632,0.0,0.0,Cluster 0 — Balanced Operational Flow
REC-2023-02-WH-09,2023-02,WH-09,Depot North-6 — Kanpur Freight Center,North,Kanpur,Urban Depot,11979.72,11350.7,24208.59,1941.95,2940.26,2.5,2.94,471.0,0.975,0,18355.4,48000,0.504,5.94,3736983.3,0.881,0.959,0.1,148,0.106,Overstock,2023,2,1,0,1.0554,0.0554,1.176,0.0,0.5043,12.466,60.62,0.1614,0.0525,21268.33,0.3824,0.0,0.112,Cluster 0 — Balanced Operational Flow
REC-2023-03-WH-09,2023-03,WH-09,Depot North-6 — Kanpur Freight Center,North,Kanpur,Urban Depot,15656.58,14956.8,23508.81,2790.32,5712.88,5.6,3.22,438.0,0.957,0,13610.45,48000,0.49,7.99,5442372.96,1.058,0.898,0.1,148,0.137,Overstock,2023,3,1,0,1.0468,0.0468,0.575,0.0,0.4898,8.425,45.05,0.149,0.0447,17795.93,0.2836,0.0,0.131,Cluster 0 — Balanced Operational Flow
REC-2023-04-WH-09,2023-04,WH-09,Depot North-6 — Kanpur Freight Center,North,Kanpur,Urban Depot,18814.18,18493.75,23188.38,3263.68,6775.66,5.6,3.1,575.0,0.956,0,11517.2,48000,0.483,9.74,10853556.1,1.152,0.857,1.5,148,0.108,Overstock,2023,4,2,0,1.0173,0.0173,0.5536,0.0,0.4831,7.105,36.97,0.1751,0.017,16412.72,0.2399,0.0,2.144,Cluster 0 — Balanced Operational Flow
REC-2023-05-WH-09,2023-05,WH-09,Depot North-6 — Kanpur Freight Center,North,Kanpur,Urban Depot,15957.77,16971.4,24202.01,2215.27,4130.2,3.6,2.49,640.0,0.991,0,16748.9,48000,0.504,7.91,1891490.33,1.125,0.876,1.5,148,0.118,Overstock,2023,5,2,0,0.9403,-0.0597,0.6917,0.0,0.5042,10.925,45.5,0.0862,-0.0635,20071.81,0.3489,0.0,2.058,Cluster 0 — Balanced Operational Flow
REC-2023-06-WH-09,2023-06,WH-09,Depot North-6 — Kanpur Freight Center,North,Kanpur,Urban Depot,15516.29,14639.17,23324.89,2755.79,4772.91,3.9,3.2,418.0,0.983,0,14418.3,48000,0.486,7.98,7711481.47,0.999,0.914,2.5,148,0.13,Overstock,2023,6,2,0,1.0599,0.0599,0.8205,0.0,0.4859,8.464,45.1,0.179,0.0565,18551.98,0.3004,0.0,3.145,Cluster 0 — Balanced Operational Flow
REC-2023-07-WH-09,2023-07,WH-09,Depot North-6 — Kanpur Freight Center,North,Kanpur,Urban Depot,16574.95,15598.19,22348.13,2830.72,4432.97,2.9,3.08,489.0,0.984,0,13669.08,48000,0.466,8.9,2170846.31,0.931,0.879,2.1,148,0.096,Overstock,2023,7,3,0,1.0626,0.0626,1.0621,0.0,0.4656,7.895,40.45,0.0889,0.0589,17915.16,0.2848,0.0,2.862,Cluster 0 — Balanced Operational Flow
REC-2023-08-WH-09,2023-08,WH-09,Depot North-6 — Kanpur Freight Center,North,Kanpur,Urban Depot,16736.58,16766.34,22377.89,2667.69,5345.54,4.8,2.86,570.0,0.979,0,13030.81,48000,0.466,8.97,1307657.74,0.955,0.872,0.2,148,0.062,Overstock,2023,8,3,0,0.9982,-0.0018,0.5958,0.0,0.4662,8.388,40.11,0.0683,-0.0018,17032.35,0.2715,0.0,0.277,Cluster 0 — Balanced Operational Flow
REC-2023-09-WH-09,2023-09,WH-09,Depot North-6 — Kanpur Freight Center,North,Kanpur,Urban Depot,17110.34,16422.62,21690.17,2570.29,5307.94,4.8,2.71,639.0,0.995,0,12526.79,48000,0.452,9.47,6775864.49,1.106,0.928,2.4,148,0.064,Overstock,2023,9,3,0,1.0419,0.0419,0.5646,0.0,0.4519,8.439,38.03,0.1521,0.0402,16382.23,0.261,0.0,2.918,Cluster 0 — Balanced Operational Flow
REC-2023-10-WH-09,2023-10,WH-09,Depot North-6 — Kanpur Freight Center,North,Kanpur,Urban Depot,21728.18,20858.96,20820.95,3426.79,6613.59,4.4,2.82,666.0,0.954,0,9067.18,48000,0.434,12.52,13820173.61,1.301,0.927,0.2,148,-0.056,Overstock,2023,10,4,1,1.0417,0.0417,0.6409,0.0,0.4338,6.076,28.75,0.1711,0.04,14207.36,0.1889,0.0,0.244,Cluster 0 — Balanced Operational Flow
REC-2023-11-WH-09,2023-11,WH-09,Depot North-6 — Kanpur Freight Center,North,Kanpur,Urban Depot,22453.03,20853.41,19221.33,3514.92,6059.6,3.4,2.83,782.0,0.96,0,7889.35,48000,0.4,14.02,3416427.48,1.344,0.917,0.4,148,-0.036,Overstock,2023,11,4,1,1.0767,0.0767,0.8324,0.0,0.4004,5.468,25.68,0.0823,0.0712,13161.73,0.1644,0.0,0.5,Cluster 0 — Balanced Operational Flow
REC-2023-12-WH-09,2023-12,WH-09,Depot North-6 — Kanpur Freight Center,North,Kanpur,Urban Depot,16274.5,15578.55,18525.38,2217.78,5526.93,6.1,2.4,650.0,0.953,0,9671.78,48000,0.386,10.54,5434326.87,1.155,0.917,0.0,148,0.018,Overstock,2023,12,4,1,1.0447,0.0447,0.3934,0.0,0.3859,8.353,34.15,0.1432,0.0428,12998.45,0.2015,0.0,0.0,Cluster 0 — Balanced Operational Flow
REC-2024-01-WH-09,2024-01,WH-09,Depot North-6 — Kanpur Freight Center,North,Kanpur,Urban Depot,16355.0,15301.39,17471.77,2812.87,5157.09,4.3,3.09,594.0,0.984,0,8095.38,48000,0.364,11.23,2614962.6,0.948,0.894,0.4,148,0.119,Overstock,2024,1,1,0,1.0689,0.0689,0.7186,0.0,0.364,6.211,32.05,0.0989,0.0644,12314.68,0.1687,0.0,0.527,Cluster 0 — Balanced Operational Flow
REC-2024-02-WH-09,2024-02,WH-09,Depot North-6 — Kanpur Freight Center,North,Kanpur,Urban Depot,13332.77,13317.75,17456.75,1992.88,3592.81,3.6,2.68,562.0,0.966,0,10874.62,48000,0.364,9.17,912373.65,0.877,0.818,2.2,148,0.132,Overstock,2024,2,1,0,1.0011,0.0011,0.7444,0.0,0.3637,8.76,39.28,0.0716,0.0011,13863.94,0.2266,0.0,3.401,Cluster 0 — Balanced Operational Flow
REC-2024-03-WH-09,2024-03,WH-09,Depot North-6 — Kanpur Freight Center,North,Kanpur,Urban Depot,18876.57,20189.76,18769.94,2593.54,5047.49,3.9,2.46,538.0,0.994,0,9832.14,48000,0.391,12.07,2502898.6,1.025,0.885,1.9,148,0.185,Overstock,2024,3,1,0,0.935,-0.065,0.6308,0.0,0.391,7.237,29.83,0.0838,-0.0696,13722.45,0.2048,0.0,2.556,Cluster 0 — Balanced Operational Flow
REC-2024-04-WH-09,2024-04,WH-09,Depot North-6 — Kanpur Freight Center,North,Kanpur,Urban Depot,17259.57,17661.47,19171.84,2705.89,4834.57,3.7,2.82,561.0,0.957,0,10278.44,48000,0.399,10.8,866355.27,1.072,0.849,1.8,148,0.144,Understock / Shortage,2024,4,2,0,0.9772,-0.0228,0.7622,0.0,0.3994,7.085,33.32,0.0539,-0.0233,14337.27,0.2141,0.0,2.615,Cluster 0 — Balanced Operational Flow
REC-2024-05-WH-09,2024-05,WH-09,Depot North-6 — Kanpur Freight Center,North,Kanpur,Urban Depot,20556.72,20976.63,19591.75,2725.77,5261.1,3.7,2.39,845.0,0.959,0,10241.99,48000,0.408,12.59,6663059.37,1.167,0.938,3.8,148,0.113,Overstock,2024,5,2,0,0.98,-0.02,0.6459,0.0,0.4082,7.188,28.59,0.1256,-0.0204,14330.65,0.2134,0.0,4.507,Cluster 0 — Balanced Operational Flow
REC-2024-06-WH-09,2024-06,WH-09,Depot North-6 — Kanpur Freight Center,North,Kanpur,Urban Depot,19189.59,19628.02,20030.18,2645.1,4691.99,3.2,2.49,579.0,0.979,0,11370.54,48000,0.417,11.5,5299309.96,1.04,0.873,0.3,148,0.182,Overstock,2024,6,2,0,0.9777,-0.0223,0.7781,0.0,0.4173,7.573,31.31,0.12,-0.0228,15338.19,0.2369,0.0,0.414,Cluster 0 — Balanced Operational Flow
REC-2024-07-WH-09,2024-07,WH-09,Depot North-6 — Kanpur Freight Center,North,Kanpur,Urban Depot,14741.34,13909.13,19197.97,1913.95,4714.8,5.7,2.34,629.0,0.964,0,11612.24,48000,0.4,9.21,2722593.78,0.91,0.861,0.9,148,0.16,Overstock,2024,7,3,0,1.0598,0.0598,0.4105,0.0,0.4,10.031,39.07,0.1119,0.0565,14483.17,0.2419,0.0,1.275,Cluster 0 — Balanced Operational Flow
REC-2024-08-WH-09,2024-08,WH-09,Depot North-6 — Kanpur Freight Center,North,Kanpur,Urban Depot,17646.12,17284.96,18836.81,2391.92,3980.07,2.7,2.45,644.0,0.986,0,11268.86,48000,0.392,11.24,4052534.54,0.936,0.891,2.4,148,0.127,Overstock,2024,8,3,0,1.0209,0.0209,0.9074,0.0,0.3924,7.875,32.02,0.1141,0.0205,14856.74,0.2348,0.0,3.185,Cluster 0 — Balanced Operational Flow
REC-2024-09-WH-09,2024-09,WH-09,Depot North-6 — Kanpur Freight Center,North,Kanpur,Urban Depot,18063.35,17606.27,18379.73,2656.46,4161.74,2.5,2.65,508.0,0.971,0,10233.3,48000,0.383,11.79,2170407.11,1.089,0.946,2.5,148,0.115,Overstock,2024,9,3,0,1.026,0.026,1.06,0.0,0.3829,6.919,30.53,0.0816,0.0253,14217.99,0.2132,0.0,2.905,Cluster 0 — Balanced Operational Flow
REC-2024-10-WH-09,2024-10,WH-09,Depot North-6 — Kanpur Freight Center,North,Kanpur,Urban Depot,23058.23,23555.34,18876.84,3540.72,8459.81,6.4,2.76,678.0,0.959,0,5105.95,48000,0.393,14.66,9754579.6,1.359,0.847,1.5,148,0.092,Overstock,2024,10,4,1,0.9789,-0.0211,0.4312,0.0,0.3933,5.331,24.56,0.1354,-0.0216,10417.03,0.1064,0.0,2.189,Cluster 0 — Balanced Operational Flow
REC-2024-11-WH-09,2024-11,WH-09,Depot North-6 — Kanpur Freight Center,North,Kanpur,Urban Depot,21395.59,19687.17,17168.42,3588.51,7511.03,5.5,3.03,568.0,0.952,0,4274.62,48000,0.358,14.95,5930743.52,1.353,0.844,0.4,148,-0.009,Overstock,2024,11,4,1,1.0868,0.0868,0.5509,0.0,0.3577,4.784,24.07,0.1138,0.0798,9657.39,0.0891,0.0,0.587,Cluster 0 — Balanced Operational Flow
REC-2024-12-WH-09,2024-12,WH-09,Depot North-6 — Kanpur Freight Center,North,Kanpur,Urban Depot,22184.47,23595.04,18578.99,3238.03,6491.75,4.4,2.64,814.0,0.956,0,7230.2,48000,0.387,14.33,15878155.92,1.138,0.901,1.1,148,0.164,Overstock,2024,12,4,1,0.9402,-0.0598,0.6,0.0,0.3871,5.738,25.12,0.1796,-0.0636,12087.24,0.1506,0.0,1.427,Cluster 0 — Balanced Operational Flow
REC-2023-01-WH-10,2023-01,WH-10,Depot North-7 — Varanasi Terminal,North,Varanasi,Urban Depot,12886.68,8746.71,4755.89,3151.34,6072.32,6.8,4.43,475.0,0.952,0,0.0,38000,0.125,25.0,2575715.27,0.956,0.904,2.2,170,0.101,Understock / Shortage,2023,1,1,0,1.4733,0.4733,0.6515,0.0,0.1252,1.509,11.07,0.1245,0.3213,-1316.43,0.0,0.0,2.834,Cluster 1 — High-Velocity Shortage Risk
REC-2023-02-WH-10,2023-02,WH-10,Depot North-7 — Varanasi Terminal,North,Varanasi,Urban Depot,12039.38,8842.66,1559.17,3509.92,8044.75,11.3,5.27,327.0,0.985,2,0.0,38000,0.041,25.0,2710045.18,0.923,0.866,0.4,170,0.062,Understock / Shortage,2023,2,1,0,1.3615,0.3615,0.4664,2.15,0.041,0.444,3.89,0.1367,0.2655,-6485.58,0.0,1950.75,0.561,Cluster 1 — High-Velocity Shortage Risk
REC-2023-03-WH-10,2023-03,WH-10,Depot North-7 — Varanasi Terminal,North,Varanasi,Urban Depot,11814.2,7713.46,51.26,3704.54,7012.52,8.4,5.67,488.0,0.785,7,0.0,38000,0.001,25.0,1974110.83,0.958,0.811,0.5,170,0.098,Understock / Shortage,2023,3,1,0,1.5316,0.5316,0.675,14.525,0.0013,0.014,0.13,0.1189,0.3471,-6961.26,0.0,3653.28,0.783,Cluster 1 — High-Velocity Shortage Risk
REC-2023-04-WH-10,2023-04,WH-10,Depot North-7 — Varanasi Terminal,North,Varanasi,Urban Depot,16090.26,10007.18,100.66,4234.7,9490.85,9.8,4.76,694.0,0.625,5,0.0,38000,0.003,25.0,3710357.9,1.144,0.768,0.4,170,0.05,Understock / Shortage,2023,4,2,0,1.6079,0.6079,0.4857,14.375,0.0026,0.024,0.19,0.1197,0.3781,-9390.19,0.0,4134.04,0.678,Cluster 1 — High-Velocity Shortage Risk
REC-2023-05-WH-10,2023-05,WH-10,Depot North-7 — Varanasi Terminal,North,Varanasi,Urban Depot,15342.91,10803.61,66.1,4189.83,8894.99,9.2,4.93,424.0,0.711,8,0.0,38000,0.002,25.0,10890944.04,1.148,0.903,0.1,170,0.051,Understock / Shortage,2023,5,2,0,1.4202,0.4202,0.5359,19.56,0.0017,0.016,0.13,0.2151,0.2959,-8828.89,0.0,4123.73,0.129,Cluster 1 — High-Velocity Shortage Risk
REC-2023-06-WH-10,2023-06,WH-10,Depot North-7 — Varanasi Terminal,North,Varanasi,Urban Depot,14149.02,8056.33,29.87,3475.41,7059.83,7.6,4.44,445.0,0.574,11,0.0,38000,0.001,25.0,8202504.33,0.945,0.783,0.2,170,0.023,Understock / Shortage,2023,6,2,0,1.7563,0.7563,0.5842,34.43,0.0008,0.009,0.06,0.2024,0.4306,-7029.96,0.0,3445.54,0.33,Cluster 1 — High-Velocity Shortage Risk
REC-2023-07-WH-10,2023-07,WH-10,Depot North-7 — Varanasi Terminal,North,Varanasi,Urban Depot,13494.41,8878.92,193.99,4409.62,7873.19,7.7,5.91,538.0,0.66,8,0.0,38000,0.005,25.0,5259979.78,0.961,0.825,2.0,170,-0.002,Understock / Shortage,2023,7,3,0,1.5198,0.5198,0.7675,21.6,0.0051,0.044,0.43,0.17,0.342,-7679.2,0.0,4215.63,3.05,Cluster 1 — High-Velocity Shortage Risk
REC-2023-08-WH-10,2023-08,WH-10,Depot North-7 — Varanasi Terminal,North,Varanasi,Urban Depot,12004.03,8734.91,67.8,3011.48,6172.54,7.9,4.51,493.0,0.744,8,0.0,38000,0.002,25.0,1447628.98,0.951,0.775,2.1,170,0.125,Balanced,2023,8,3,0,1.3743,0.3743,0.5709,18.24,0.0018,0.023,0.17,0.1002,0.2723,-6104.74,0.0,2943.68,3.517,Cluster 1 — High-Velocity Shortage Risk
REC-2023-09-WH-10,2023-09,WH-10,Depot North-7 — Varanasi Terminal,North,Varanasi,Urban Depot,15434.67,10992.52,236.38,5022.24,8778.01,7.3,5.88,441.0,0.717,11,0.0,38000,0.006,25.0,2716398.27,1.082,0.809,1.2,170,0.083,Understock / Shortage,2023,9,3,0,1.4041,0.4041,0.8055,26.565,0.0062,0.047,0.46,0.1068,0.2878,-8541.63,0.0,4785.86,1.888,Cluster 1 — High-Velocity Shortage Risk
REC-2023-10-WH-10,2023-10,WH-10,Depot North-7 — Varanasi Terminal,North,Varanasi,Urban Depot,16371.38,10105.05,108.89,5375.54,9468.38,7.5,5.96,470.0,0.632,5,0.0,38000,0.003,25.0,5185262.46,1.346,0.79,5.65,170,0.037,Understock / Shortage,2023,10,4,1,1.6201,0.6201,0.7947,14.2,0.0029,0.02,0.2,0.1391,0.3828,-9359.49,0.0,5266.65,9.21,Cluster 1 — High-Velocity Shortage Risk
REC-2023-11-WH-10,2023-11,WH-10,Depot North-7 — Varanasi Terminal,North,Varanasi,Urban Depot,19811.24,14313.54,36.92,4866.52,8894.81,6.1,4.44,722.0,0.728,4,0.0,38000,0.001,25.0,4504997.26,1.429,0.792,0.8,170,0.061,Understock / Shortage,2023,11,4,1,1.3841,0.3841,0.7279,9.44,0.001,0.008,0.06,0.1071,0.2775,-8857.89,0.0,4829.6,1.299,Cluster 1 — High-Velocity Shortage Risk
REC-2023-12-WH-10,2023-12,WH-10,Depot North-7 — Varanasi Terminal,North,Varanasi,Urban Depot,17530.01,12506.48,107.87,4863.87,10531.91,9.7,5.01,592.0,0.716,11,0.0,38000,0.003,25.0,1799756.19,1.149,0.818,0.9,170,0.039,Understock / Shortage,2023,12,4,1,1.4017,0.4017,0.5165,26.62,0.0028,0.022,0.18,0.0765,0.2866,-10424.04,0.0,4756.0,1.391,Cluster 1 — High-Velocity Shortage Risk
REC-2024-01-WH-10,2024-01,WH-10,Depot North-7 — Varanasi Terminal,North,Varanasi,Urban Depot,12907.54,8676.03,62.07,4071.3,7814.49,8.7,5.71,520.0,0.681,5,0.0,38000,0.002,25.0,2265144.8,0.874,0.742,1.9,170,0.186,Understock / Shortage,2024,1,1,0,1.4877,0.4877,0.6563,12.975,0.0016,0.015,0.14,0.1166,0.3278,-7752.42,0.0,4009.23,3.371,Cluster 1 — High-Velocity Shortage Risk
REC-2024-02-WH-10,2024-02,WH-10,Depot North-7 — Varanasi Terminal,North,Varanasi,Urban Depot,12426.4,8847.79,119.14,3747.05,6812.23,7.4,5.47,549.0,0.717,9,0.0,38000,0.003,25.0,4393918.39,0.894,0.765,1.6,170,0.116,Understock / Shortage,2024,2,1,0,1.4045,0.4045,0.7392,21.735,0.0031,0.032,0.29,0.1687,0.288,-6693.09,0.0,3627.91,2.728,Cluster 1 — High-Velocity Shortage Risk
REC-2024-03-WH-10,2024-03,WH-10,Depot North-7 — Varanasi Terminal,North,Varanasi,Urban Depot,15013.0,9718.97,34.87,4882.81,8135.63,6.5,5.9,552.0,0.655,5,0.0,38000,0.001,25.0,2614202.54,0.948,0.696,5.65,170,0.095,Understock / Shortage,2024,3,1,0,1.5447,0.5447,0.9077,13.625,0.0009,0.007,0.07,0.1077,0.3526,-8100.76,0.0,4847.94,10.803,Cluster 1 — High-Velocity Shortage Risk
REC-2024-04-WH-10,2024-04,WH-10,Depot North-7 — Varanasi Terminal,North,Varanasi,Urban Depot,16969.54,12400.94,152.5,4487.32,8220.62,6.6,4.78,690.0,0.733,9,0.0,38000,0.004,25.0,7894594.22,1.108,0.79,3.0,170,0.211,Understock / Shortage,2024,4,2,0,1.3684,0.3684,0.7242,21.015,0.004,0.034,0.27,0.1656,0.2692,-8068.12,0.0,4334.82,4.89,Cluster 1 — High-Velocity Shortage Risk
REC-2024-05-WH-10,2024-05,WH-10,Depot North-7 — Varanasi Terminal,North,Varanasi,Urban Depot,19726.44,13729.71,92.7,4997.39,10455.04,8.3,4.55,562.0,0.704,11,0.0,38000,0.002,25.0,6020918.83,1.115,0.822,1.4,170,0.103,Understock / Shortage,2024,5,2,0,1.4368,0.4368,0.5482,27.28,0.0024,0.019,0.14,0.1244,0.304,-10362.34,0.0,4904.69,2.148,Cluster 1 — High-Velocity Shortage Risk
REC-2024-06-WH-10,2024-06,WH-10,Depot North-7 — Varanasi Terminal,North,Varanasi,Urban Depot,15000.98,8662.19,131.45,3718.62,7718.88,8.0,4.46,619.0,0.584,6,0.0,38000,0.003,25.0,3191155.55,0.97,0.803,1.3,170,0.079,Understock / Shortage,2024,6,2,0,1.7318,0.7318,0.5575,18.48,0.0035,0.035,0.26,0.1191,0.4226,-7587.43,0.0,3587.17,2.068,Cluster 1 — High-Velocity Shortage Risk
REC-2024-07-WH-10,2024-07,WH-10,Depot North-7 — Varanasi Terminal,North,Varanasi,Urban Depot,14993.13,9504.82,182.47,4955.37,8953.54,8.0,5.98,633.0,0.643,9,0.0,38000,0.005,25.0,5442410.87,0.95,0.828,1.4,170,0.106,Understock / Shortage,2024,7,3,0,1.5774,0.5774,0.7475,25.065,0.0048,0.037,0.37,0.1556,0.3661,-8771.07,0.0,4772.9,2.122,Cluster 1 — High-Velocity Shortage Risk
REC-2024-08-WH-10,2024-08,WH-10,Depot North-7 — Varanasi Terminal,North,Varanasi,Urban Depot,15876.66,12760.67,61.92,4450.17,8631.02,7.9,5.07,448.0,0.815,4,0.0,38000,0.002,25.0,5407543.02,0.962,0.858,0.0,170,0.18,Understock / Shortage,2024,8,3,0,1.2442,0.2442,0.6418,7.7,0.0016,0.014,0.12,0.1465,0.1963,-8569.1,0.0,4388.25,0.0,Cluster 1 — High-Velocity Shortage Risk
REC-2024-09-WH-10,2024-09,WH-10,Depot North-7 — Varanasi Terminal,North,Varanasi,Urban Depot,17689.08,13065.21,53.83,4454.97,8877.24,7.5,4.53,529.0,0.742,11,0.0,38000,0.001,25.0,1529136.21,1.058,0.828,0.8,170,0.086,Understock / Shortage,2024,9,3,0,1.3539,0.3539,0.604,25.19,0.0014,0.012,0.09,0.0699,0.2614,-8823.41,0.0,4401.14,1.213,Cluster 1 — High-Velocity Shortage Risk
REC-2024-10-WH-10,2024-10,WH-10,Depot North-7 — Varanasi Terminal,North,Varanasi,Urban Depot,21207.8,15351.41,287.85,5851.26,11930.83,8.6,4.97,641.0,0.726,8,0.0,38000,0.008,25.0,13995742.07,1.355,0.808,0.3,170,0.085,Understock / Shortage,2024,10,4,1,1.3815,0.3815,0.5779,18.96,0.0076,0.049,0.41,0.1764,0.2761,-11642.98,0.0,5563.41,0.473,Cluster 1 — High-Velocity Shortage Risk
REC-2024-11-WH-10,2024-11,WH-10,Depot North-7 — Varanasi Terminal,North,Varanasi,Urban Depot,25107.14,15197.59,178.71,7089.63,15123.91,9.6,5.11,1099.0,0.617,4,0.0,38000,0.005,25.0,25283069.55,1.408,0.814,0.1,170,0.13,Understock / Shortage,2024,11,4,1,1.652,0.652,0.5323,11.66,0.0047,0.025,0.21,0.2003,0.3947,-14945.2,0.0,6910.92,0.156,Cluster 1 — High-Velocity Shortage Risk
REC-2024-12-WH-10,2024-12,WH-10,Depot North-7 — Varanasi Terminal,North,Varanasi,Urban Depot,17457.13,11959.34,163.88,4062.52,8252.23,7.2,4.19,774.0,0.695,8,0.0,38000,0.004,25.0,3167931.61,1.134,0.897,1.2,170,0.15,Understock / Shortage,2024,12,4,1,1.4597,0.4597,0.5819,20.2,0.0043,0.04,0.28,0.102,0.3149,-8088.35,0.0,3898.64,1.571,Cluster 1 — High-Velocity Shortage Risk
REC-2023-01-WH-11,2023-01,WH-11,Facility North-8 — Agra Express,North,Agra,Urban Depot,15414.74,16360.3,34923.66,2703.52,4296.38,3.1,3.18,638.0,0.962,0,26572.0,42000,0.832,5.3,2776259.35,0.869,0.917,2.2,149,0.182,Overstock,2023,1,1,0,0.9422,-0.0578,1.0258,0.0,0.8315,12.918,67.97,0.1081,-0.0613,30627.28,0.6327,0.0,2.748,Cluster 2 — Chronic Overstock Buffers
REC-2023-02-WH-11,2023-02,WH-11,Facility North-8 — Agra Express,North,Agra,Urban Depot,17264.26,21822.97,39482.37,3161.17,4599.86,2.5,3.32,521.0,0.951,0,30140.76,42000,0.94,5.25,3698670.4,0.925,0.99,0.4,149,0.035,Overstock,2023,2,1,0,0.7911,-0.2089,1.328,0.0,0.9401,12.49,68.61,0.1114,-0.2641,34882.51,0.7176,0.0,0.412,Cluster 2 — Chronic Overstock Buffers
REC-2023-03-WH-11,2023-03,WH-11,Facility North-8 — Agra Express,North,Agra,Urban Depot,17629.23,20412.46,42265.6,3061.64,5177.15,3.6,3.14,547.0,0.995,0,32495.99,42000,1.006,5.01,10891153.47,1.016,0.917,1.5,149,0.122,Overstock,2023,3,1,0,0.8637,-0.1363,0.8722,0.0,1.0063,13.805,71.92,0.1872,-0.1579,37088.45,0.7737,0.0,1.874,Cluster 2 — Chronic Overstock Buffers
REC-2023-04-WH-11,2023-04,WH-11,Facility North-8 — Agra Express,North,Agra,Urban Depot,20312.3,25390.99,47344.29,3329.63,5428.57,3.1,2.96,696.0,0.993,0,36921.28,42000,1.127,5.15,6392819.32,1.087,0.929,0.0,149,0.03,Overstock,2023,4,2,0,0.8,-0.2,0.9548,0.0,1.1272,14.219,69.92,0.1245,-0.25,41915.72,0.8791,0.0,0.0,Cluster 2 — Chronic Overstock Buffers
REC-2023-05-WH-11,2023-05,WH-11,Facility North-8 — Agra Express,North,Agra,Urban Depot,17918.55,22291.71,51717.45,2349.91,4918.24,4.3,2.37,652.0,0.971,0,43274.34,42000,1.231,4.16,4383730.37,1.14,0.966,2.3,149,0.105,Overstock,2023,5,2,0,0.8038,-0.1962,0.5512,0.0,1.2314,22.008,86.59,0.1168,-0.2441,46799.21,1.0303,0.0,2.535,Cluster 2 — Chronic Overstock Buffers
REC-2023-06-WH-11,2023-06,WH-11,Facility North-8 — Agra Express,North,Agra,Urban Depot,16509.78,19599.75,54807.42,2858.79,5170.16,4.2,3.13,736.0,0.963,0,45349.08,42000,1.305,3.61,4419514.42,0.985,0.92,0.5,149,0.086,Overstock,2023,6,2,0,0.8423,-0.1577,0.7452,0.0,1.3049,19.172,99.59,0.1273,-0.1872,49637.26,1.0797,0.0,0.62,Cluster 2 — Chronic Overstock Buffers
REC-2023-07-WH-11,2023-07,WH-11,Facility North-8 — Agra Express,North,Agra,Urban Depot,16945.28,20838.23,58700.37,2326.67,4868.46,4.5,2.46,479.0,0.984,0,50341.9,42000,1.398,3.46,7446091.81,0.946,0.957,0.1,149,0.101,Overstock,2023,7,3,0,0.8132,-0.1868,0.5467,0.0,1.3976,25.229,103.92,0.161,-0.2297,53831.91,1.1986,0.0,0.113,Cluster 2 — Chronic Overstock Buffers
REC-2023-08-WH-11,2023-08,WH-11,Facility North-8 — Agra Express,North,Agra,Urban Depot,16156.64,18824.79,61368.52,2247.03,4993.66,5.1,2.48,664.0,0.994,0,53004.31,42000,1.461,3.16,5141038.23,0.969,0.943,0.2,149,0.053,Overstock,2023,8,3,0,0.8583,-0.1417,0.4863,0.0,1.4612,27.311,113.95,0.1403,-0.1651,56374.86,1.262,0.0,0.234,Cluster 2 — Chronic Overstock Buffers
REC-2023-09-WH-11,2023-09,WH-11,Facility North-8 — Agra Express,North,Agra,Urban Depot,16351.14,17557.84,62575.22,2593.92,3956.52,2.5,2.86,448.0,0.982,0,54727.82,42000,1.49,3.14,3455007.57,1.015,0.935,0.3,149,0.02,Overstock,2023,9,3,0,0.9313,-0.0687,1.144,0.0,1.4899,24.124,114.81,0.1137,-0.0738,58618.7,1.303,0.0,0.358,Cluster 2 — Chronic Overstock Buffers
REC-2023-10-WH-11,2023-10,WH-11,Facility North-8 — Agra Express,North,Agra,Urban Depot,23319.92,28891.94,68147.24,3068.92,5167.71,2.7,2.36,718.0,0.967,0,58376.15,42000,1.623,4.11,5570182.18,1.312,0.965,0.2,149,0.148,Overstock,2023,10,4,1,0.8071,-0.1929,0.8741,0.0,1.6226,22.206,87.67,0.1012,-0.2389,62979.53,1.3899,0.0,0.221,Cluster 2 — Chronic Overstock Buffers
REC-2023-11-WH-11,2023-11,WH-11,Facility North-8 — Agra Express,North,Agra,Urban Depot,25999.91,29872.15,72019.48,3429.46,6289.45,3.3,2.37,964.0,0.971,0,60585.84,42000,1.715,4.33,1517092.44,1.395,0.935,1.4,149,0.036,Overstock,2023,11,4,1,0.8704,-0.1296,0.7182,0.0,1.7147,21.0,83.1,0.0474,-0.1489,65730.03,1.4425,0.0,1.673,Cluster 2 — Chronic Overstock Buffers
REC-2023-12-WH-11,2023-12,WH-11,Facility North-8 — Agra Express,North,Agra,Urban Depot,21694.82,26034.32,76358.98,2908.01,7102.34,5.8,2.41,688.0,0.969,0,64894.62,42000,1.818,3.41,2304965.87,1.153,0.887,1.7,149,0.032,Overstock,2023,12,4,1,0.8333,-0.1667,0.4155,0.0,1.8181,26.258,105.59,0.07,-0.2,69256.64,1.5451,0.0,2.276,Cluster 2 — Chronic Overstock Buffers
REC-2024-01-WH-11,2024-01,WH-11,Facility North-8 — Agra Express,North,Agra,Urban Depot,17213.64,21959.75,81105.09,2432.73,4555.75,3.7,2.55,601.0,0.98,0,72900.24,42000,1.931,2.55,2204628.88,0.984,0.914,1.7,149,0.121,Overstock,2024,1,1,0,0.7839,-0.2161,0.6892,0.0,1.9311,33.339,141.35,0.0863,-0.2757,76549.34,1.7357,0.0,2.139,Cluster 2 — Chronic Overstock Buffers
REC-2024-02-WH-11,2024-02,WH-11,Facility North-8 — Agra Express,North,Agra,Urban Depot,17160.17,19445.12,83390.04,2500.89,4274.11,3.1,2.64,452.0,0.976,0,75364.6,42000,1.985,2.47,3021222.65,0.924,0.966,1.1,149,0.209,Overstock,2024,2,1,0,0.8825,-0.1175,0.8516,0.0,1.9855,33.344,145.79,0.1013,-0.1332,79115.93,1.7944,0.0,1.212,Cluster 2 — Chronic Overstock Buffers
REC-2024-03-WH-11,2024-03,WH-11,Facility North-8 — Agra Express,North,Agra,Urban Depot,18740.68,22850.29,87499.65,2450.06,4761.41,3.7,2.36,623.0,0.965,0,79063.15,42000,2.083,2.57,4087216.61,1.069,0.93,0.0,149,0.186,Balanced,2024,3,1,0,0.8202,-0.1798,0.6378,0.0,2.0833,35.713,140.07,0.1079,-0.2193,82738.24,1.8825,0.0,0.0,Cluster 2 — Chronic Overstock Buffers
REC-2024-04-WH-11,2024-04,WH-11,Facility North-8 — Agra Express,North,Agra,Urban Depot,21655.21,23917.0,89761.44,3728.45,5893.97,3.0,3.12,614.0,0.98,0,78274.8,42000,2.137,2.9,16138846.7,1.035,0.974,1.1,149,0.097,Overstock,2024,4,2,0,0.9054,-0.0946,1.04,0.0,2.1372,24.075,124.35,0.1855,-0.1044,83867.47,1.8637,0.0,1.186,Cluster 2 — Chronic Overstock Buffers
REC-2024-05-WH-11,2024-05,WH-11,Facility North-8 — Agra Express,North,Agra,Urban Depot,21531.87,25046.83,93276.4,3327.3,6413.53,4.3,2.78,732.0,0.959,0,81871.92,42000,2.221,2.77,7893553.27,1.106,0.99,0.9,149,0.186,Overstock,2024,5,2,0,0.8597,-0.1403,0.6465,0.0,2.2209,28.034,129.96,0.1305,-0.1632,86862.87,1.9493,0.0,0.927,Cluster 2 — Chronic Overstock Buffers
REC-2024-06-WH-11,2024-06,WH-11,Facility North-8 — Agra Express,North,Agra,Urban Depot,17498.12,19035.33,94813.61,2644.04,5152.1,4.3,2.73,475.0,0.97,0,85695.45,42000,2.257,2.21,7929214.23,1.017,0.912,1.6,149,0.104,Overstock,2024,6,2,0,0.9192,-0.0808,0.6349,0.0,2.2575,35.859,162.56,0.1609,-0.0879,89661.51,2.0404,0.0,2.022,Cluster 2 — Chronic Overstock Buffers
REC-2024-07-WH-11,2024-07,WH-11,Facility North-8 — Agra Express,North,Agra,Urban Depot,18360.19,20922.53,97375.95,3060.05,6058.88,4.9,2.98,557.0,0.985,0,86727.0,42000,2.318,2.26,967572.18,0.882,0.897,1.1,149,0.157,Balanced,2024,7,3,0,0.8775,-0.1225,0.6082,0.0,2.3185,31.822,159.11,0.0536,-0.1396,91317.07,2.0649,0.0,1.44,Cluster 2 — Chronic Overstock Buffers
REC-2024-08-WH-11,2024-08,WH-11,Facility North-8 — Agra Express,North,Agra,Urban Depot,17698.55,19840.98,99518.38,2863.55,5577.33,4.6,2.91,516.0,0.968,0,89645.72,42000,2.369,2.13,3775056.39,0.923,0.923,0.1,149,0.105,Overstock,2024,8,3,0,0.892,-0.108,0.6326,0.0,2.3695,34.753,168.69,0.1098,-0.1211,93941.05,2.1344,0.0,0.123,Cluster 2 — Chronic Overstock Buffers
REC-2024-09-WH-11,2024-09,WH-11,Facility North-8 — Agra Express,North,Agra,Urban Depot,21375.19,22527.37,100670.56,3063.86,6270.14,4.5,2.57,941.0,0.996,0,89804.63,42000,2.397,2.55,1878500.73,1.062,0.99,3.1,149,0.15,Overstock,2024,9,3,0,0.9489,-0.0511,0.5711,0.0,2.3969,32.857,141.29,0.0641,-0.0539,94400.42,2.1382,0.0,3.193,Cluster 2 — Chronic Overstock Buffers
REC-2024-10-WH-11,2024-10,WH-11,Facility North-8 — Agra Express,North,Agra,Urban Depot,24688.34,29603.77,105585.99,4186.21,7560.28,4.1,3.07,687.0,0.958,0,91746.4,42000,2.514,2.81,4602140.57,1.331,0.99,0.8,149,0.081,Overstock,2024,10,4,1,0.834,-0.166,0.7488,0.0,2.514,25.222,128.3,0.0869,-0.1991,98025.71,2.1844,0.0,0.824,Cluster 2 — Chronic Overstock Buffers
REC-2024-11-WH-11,2024-11,WH-11,Facility North-8 — Agra Express,North,Agra,Urban Depot,27402.01,29336.01,107519.99,4174.39,8284.69,4.5,2.74,769.0,0.97,0,92973.72,42000,2.56,3.06,5669473.55,1.396,0.949,1.5,149,0.145,Overstock,2024,11,4,1,0.9341,-0.0659,0.6089,0.0,2.56,25.757,117.71,0.0869,-0.0706,99235.3,2.2137,0.0,1.73,Cluster 2 — Chronic Overstock Buffers
REC-2024-12-WH-11,2024-12,WH-11,Facility North-8 — Agra Express,North,Agra,Urban Depot,21408.05,25401.13,111513.07,3805.66,7373.67,5.0,3.19,742.0,0.956,0,98430.91,42000,2.655,2.3,4990619.79,1.198,0.905,0.2,149,0.153,Overstock,2024,12,4,1,0.8428,-0.1572,0.638,0.0,2.6551,29.302,156.27,0.1044,-0.1865,104139.4,2.3436,0.0,0.257,Cluster 2 — Chronic Overstock Buffers
REC-2023-01-WH-12,2023-01,WH-12,Depot North-9 — Dehradun Valley,North,Dehradun,Urban Depot,10763.73,12300.89,25623.67,1189.44,2804.0,4.5,1.95,360.0,0.966,0,21035.51,32000,0.801,5.04,2200290.15,0.942,0.984,0.5,189,0.112,Overstock,2023,1,1,0,0.875,-0.125,0.4333,0.0,0.8007,21.543,71.42,0.1378,-0.1428,22819.67,0.6574,0.0,0.524,Cluster 2 — Chronic Overstock Buffers
REC-2023-02-WH-12,2023-02,WH-12,Depot North-9 — Dehradun Valley,North,Dehradun,Urban Depot,9601.99,11283.73,27305.41,973.71,2478.02,4.7,1.81,347.0,0.976,0,23366.82,32000,0.853,4.22,1130083.27,0.891,0.886,0.0,189,0.074,Overstock,2023,2,1,0,0.851,-0.149,0.3851,0.0,0.8533,28.043,85.31,0.1107,-0.1751,24827.39,0.7302,0.0,0.0,Cluster 2 — Chronic Overstock Buffers
REC-2023-03-WH-12,2023-03,WH-12,Depot North-9 — Dehradun Valley,North,Dehradun,Urban Depot,10924.46,11602.04,27982.99,1326.83,2965.5,4.5,2.16,434.0,0.991,0,23027.25,32000,0.874,4.68,1347506.35,1.04,0.881,0.4,189,0.033,Overstock,2023,3,1,0,0.9416,-0.0584,0.48,0.0,0.8745,21.09,76.84,0.1063,-0.062,25017.49,0.7196,0.0,0.543,Cluster 2 — Chronic Overstock Buffers
REC-2023-04-WH-12,2023-04,WH-12,Depot North-9 — Dehradun Valley,North,Dehradun,Urban Depot,11698.53,14944.86,31229.32,1182.89,3132.65,5.0,1.78,357.0,0.963,0,26322.34,32000,0.976,4.5,2372869.92,1.08,0.968,0.9,189,0.077,Overstock,2023,4,2,0,0.7828,-0.2172,0.356,0.0,0.9759,26.401,80.09,0.1317,-0.2775,28096.67,0.8226,0.0,0.986,Cluster 2 — Chronic Overstock Buffers
REC-2023-05-WH-12,2023-05,WH-12,Depot North-9 — Dehradun Valley,North,Dehradun,Urban Depot,12307.6,13229.83,32151.55,1559.44,3159.43,3.9,2.28,356.0,0.992,0,26652.96,32000,1.005,4.59,4653871.7,1.157,0.93,0.9,189,0.16,Overstock,2023,5,2,0,0.9303,-0.0697,0.5846,0.0,1.0047,20.617,78.37,0.1753,-0.0749,28992.12,0.8329,0.0,1.089,Cluster 2 — Chronic Overstock Buffers
REC-2023-06-WH-12,2023-06,WH-12,Depot North-9 — Dehradun Valley,North,Dehradun,Urban Depot,11829.51,13433.95,33755.99,1128.49,3139.51,5.1,1.7,397.0,0.962,0,28923.74,32000,1.055,4.21,4558112.37,1.019,0.93,0.2,189,0.124,Overstock,2023,6,2,0,0.8806,-0.1194,0.3333,0.0,1.0549,29.913,85.61,0.1805,-0.1356,30616.48,0.9039,0.0,0.242,Cluster 2 — Chronic Overstock Buffers
REC-2023-07-WH-12,2023-07,WH-12,Depot North-9 — Dehradun Valley,North,Dehradun,Urban Depot,10343.37,11183.19,34595.81,1001.72,2001.58,2.9,1.74,312.0,0.957,0,31091.65,32000,1.081,3.59,618047.47,0.906,0.959,0.1,189,0.055,Overstock,2023,7,3,0,0.9249,-0.0751,0.6,0.0,1.0811,34.536,100.34,0.076,-0.0812,32594.23,0.9716,0.0,0.112,Cluster 2 — Chronic Overstock Buffers
REC-2023-08-WH-12,2023-08,WH-12,Depot North-9 — Dehradun Valley,North,Dehradun,Urban Depot,11316.13,12759.6,36039.28,1049.83,3011.29,5.2,1.65,496.0,0.969,0,31453.24,32000,1.126,3.77,2362305.95,0.941,0.962,1.9,189,0.041,Overstock,2023,8,3,0,0.8869,-0.1131,0.3173,0.0,1.1262,34.329,95.54,0.1358,-0.1276,33027.99,0.9829,0.0,2.117,Cluster 2 — Chronic Overstock Buffers
REC-2023-09-WH-12,2023-09,WH-12,Depot North-9 — Dehradun Valley,North,Dehradun,Urban Depot,11292.85,12172.74,36919.17,1336.61,2992.89,4.4,2.11,327.0,0.997,0,31921.36,32000,1.154,3.67,2977678.72,1.039,0.904,0.2,189,0.007,Overstock,2023,9,3,0,0.9277,-0.0723,0.4795,0.0,1.1537,27.621,98.08,0.1528,-0.0779,33926.28,0.9975,0.0,0.258,Cluster 2 — Chronic Overstock Buffers
REC-2023-10-WH-12,2023-10,WH-12,Depot North-9 — Dehradun Valley,North,Dehradun,Urban Depot,16006.3,19742.28,40655.15,1920.89,5602.34,6.9,2.15,685.0,0.985,0,32171.48,32000,1.27,4.72,10858173.35,1.306,0.948,0.8,189,0.148,Overstock,2023,10,4,1,0.8108,-0.1892,0.3116,0.0,1.2705,21.165,76.2,0.2059,-0.2334,35052.81,1.0054,0.0,0.925,Cluster 2 — Chronic Overstock Buffers
REC-2023-11-WH-12,2023-11,WH-12,Depot North-9 — Dehradun Valley,North,Dehradun,Urban Depot,14587.42,16333.61,42401.34,1869.16,4397.65,5.2,2.31,529.0,0.981,0,35199.95,32000,1.325,4.13,5542313.27,1.369,0.952,1.7,189,0.066,Overstock,2023,11,4,1,0.8931,-0.1069,0.4442,0.0,1.325,22.685,87.2,0.1614,-0.1197,38003.69,1.1,0.0,1.945,Cluster 2 — Chronic Overstock Buffers
REC-2023-12-WH-12,2023-12,WH-12,Depot North-9 — Dehradun Valley,North,Dehradun,Urban Depot,13852.5,15921.88,44470.72,1393.93,4118.26,5.9,1.74,474.0,0.996,0,38261.56,32000,1.39,3.74,759168.46,1.148,0.975,0.6,189,0.092,Overstock,2023,12,4,1,0.87,-0.13,0.2949,0.0,1.3897,31.903,96.31,0.0629,-0.1494,40352.46,1.1957,0.0,0.645,Cluster 2 — Chronic Overstock Buffers
REC-2024-01-WH-12,2024-01,WH-12,Depot North-9 — Dehradun Valley,North,Dehradun,Urban Depot,10036.73,11752.69,46186.68,1201.32,2037.71,2.5,2.16,361.0,0.989,0,42346.99,32000,1.443,2.61,2623124.76,0.971,0.853,0.4,189,0.086,Overstock,2024,1,1,0,0.854,-0.146,0.864,0.0,1.4433,38.447,138.05,0.1614,-0.171,44148.97,1.3233,0.0,0.576,Cluster 2 — Chronic Overstock Buffers
REC-2024-02-WH-12,2024-02,WH-12,Depot North-9 — Dehradun Valley,North,Dehradun,Urban Depot,10181.0,11142.78,47148.46,1126.72,2891.43,5.2,1.99,357.0,0.996,0,42566.95,32000,1.473,2.59,4051795.11,0.908,0.99,0.4,189,0.109,Overstock,2024,2,1,0,0.9137,-0.0863,0.3827,0.0,1.4734,41.846,138.93,0.1977,-0.0945,44257.03,1.3302,0.0,0.412,Cluster 2 — Chronic Overstock Buffers
REC-2024-03-WH-12,2024-03,WH-12,Depot North-9 — Dehradun Valley,North,Dehradun,Urban Depot,10140.65,11285.97,48293.78,1157.76,2476.04,3.9,2.06,322.0,0.997,0,44081.1,32000,1.509,2.52,770900.83,1.015,0.924,0.9,189,0.052,Overstock,2024,3,1,0,0.8985,-0.1015,0.5282,0.0,1.5092,41.713,142.87,0.0866,-0.1129,45817.74,1.3775,0.0,1.105,Cluster 2 — Chronic Overstock Buffers
REC-2024-04-WH-12,2024-04,WH-12,Depot North-9 — Dehradun Valley,North,Dehradun,Urban Depot,13307.79,15755.0,50740.99,1320.51,3494.12,4.9,1.76,540.0,0.967,0,45266.1,32000,1.586,3.15,2966475.23,1.135,0.907,0.4,189,0.128,Overstock,2024,4,2,0,0.8447,-0.1553,0.3592,0.0,1.5857,38.425,114.39,0.1294,-0.1839,47246.87,1.4146,0.0,0.512,Cluster 2 — Chronic Overstock Buffers
REC-2024-05-WH-12,2024-05,WH-12,Depot North-9 — Dehradun Valley,North,Dehradun,Urban Depot,13008.99,14496.52,52228.52,1312.96,3481.12,5.0,1.77,556.0,0.977,0,46777.96,32000,1.632,2.99,6607112.94,1.157,0.973,0.4,189,0.165,Overstock,2024,5,2,0,0.8974,-0.1026,0.354,0.0,1.6321,39.779,120.44,0.1976,-0.1143,48747.4,1.4618,0.0,0.432,Cluster 2 — Chronic Overstock Buffers
REC-2024-06-WH-12,2024-06,WH-12,Depot North-9 — Dehradun Valley,North,Dehradun,Urban Depot,11331.73,12718.23,53615.02,1042.39,3044.33,5.3,1.63,306.0,0.975,0,49007.1,32000,1.675,2.54,1408659.64,0.943,0.925,1.4,189,0.156,Overstock,2024,6,2,0,0.891,-0.109,0.3075,0.0,1.6755,51.435,141.94,0.1047,-0.1224,50570.69,1.5315,0.0,1.715,Cluster 2 — Chronic Overstock Buffers
REC-2024-07-WH-12,2024-07,WH-12,Depot North-9 — Dehradun Valley,North,Dehradun,Urban Depot,10947.66,13880.98,56548.34,1177.06,2965.18,4.9,1.93,416.0,0.987,0,51817.57,32000,1.767,2.32,3761442.81,0.924,0.919,0.0,189,0.131,Overstock,2024,7,3,0,0.7887,-0.2113,0.3939,0.0,1.7671,48.042,154.96,0.1772,-0.2679,53583.16,1.6193,0.0,0.0,Cluster 2 — Chronic Overstock Buffers
REC-2024-08-WH-12,2024-08,WH-12,Depot North-9 — Dehradun Valley,North,Dehradun,Urban Depot,10799.23,12709.49,58458.6,1379.0,3574.84,6.1,2.3,285.0,0.99,0,52815.26,32000,1.827,2.22,3321460.7,1.022,0.99,0.6,189,0.124,Overstock,2024,8,3,0,0.8497,-0.1503,0.377,0.0,1.8268,42.392,162.4,0.1688,-0.1769,54883.76,1.6505,0.0,0.618,Cluster 2 — Chronic Overstock Buffers
REC-2024-09-WH-12,2024-09,WH-12,Depot North-9 — Dehradun Valley,North,Dehradun,Urban Depot,13491.24,16175.05,61142.41,1250.7,3139.47,4.2,1.62,404.0,0.997,0,56126.89,32000,1.911,2.65,1973856.7,1.089,0.964,0.5,189,0.126,Overstock,2024,9,3,0,0.8341,-0.1659,0.3857,0.0,1.9107,48.887,135.96,0.1041,-0.1989,58002.94,1.754,0.0,0.554,Cluster 2 — Chronic Overstock Buffers
REC-2024-10-WH-12,2024-10,WH-12,Depot North-9 — Dehradun Valley,North,Dehradun,Urban Depot,13503.16,15106.7,62745.95,1447.57,3608.08,4.8,1.9,530.0,0.97,0,56966.52,32000,1.961,2.58,702008.02,1.31,0.957,1.0,189,0.118,Overstock,2024,10,4,1,0.8939,-0.1061,0.3958,0.0,1.9608,43.346,139.4,0.062,-0.1188,59137.87,1.7802,0.0,1.129,Cluster 2 — Chronic Overstock Buffers
REC-2024-11-WH-12,2024-11,WH-12,Depot North-9 — Dehradun Valley,North,Dehradun,Urban Depot,16324.62,20314.78,66736.11,1972.03,4747.22,5.1,2.17,433.0,0.985,0,59030.84,32000,2.086,2.94,3527094.86,1.398,0.938,1.6,189,0.153,Overstock,2024,11,4,1,0.8036,-0.1964,0.4255,0.0,2.0855,33.841,122.64,0.115,-0.2444,61988.89,1.8447,0.0,1.898,Cluster 2 — Chronic Overstock Buffers
REC-2024-12-WH-12,2024-12,WH-12,Depot North-9 — Dehradun Valley,North,Dehradun,Urban Depot,14673.84,17456.06,69518.33,1708.52,4056.33,4.8,2.08,421.0,0.959,0,62899.22,32000,2.172,2.53,8460545.09,1.192,0.928,1.8,189,0.165,Overstock,2024,12,4,1,0.8406,-0.1594,0.4333,0.0,2.1724,40.689,142.13,0.1982,-0.1896,65462.0,1.9656,0.0,2.189,Cluster 2 — Chronic Overstock Buffers
REC-2023-01-WH-13,2023-01,WH-13,Depot North-10 — Amritsar Border Hub,North,Amritsar,Urban Depot,12822.54,12980.38,17939.3,2260.8,6962.4,11.0,3.17,463.0,0.957,0,7585.7,36000,0.498,8.58,5708416.37,0.937,0.899,0.1,181,0.081,Overstock,2023,1,1,0,0.9878,-0.0122,0.2882,0.0,0.4983,7.935,41.97,0.1863,-0.0123,10976.9,0.2107,0.0,0.13,Cluster 0 — Balanced Operational Flow
REC-2023-02-WH-13,2023-02,WH-13,Depot North-10 — Amritsar Border Hub,North,Amritsar,Urban Depot,11843.66,12297.63,18393.27,2283.44,5797.06,8.9,3.43,362.0,0.954,0,9171.05,36000,0.511,7.73,4518024.97,0.9,0.874,2.9,181,0.103,Overstock,2023,2,1,0,0.9631,-0.0369,0.3854,0.0,0.5109,8.055,46.59,0.1795,-0.0383,12596.21,0.2548,0.0,3.996,Cluster 0 — Balanced Operational Flow
REC-2023-03-WH-13,2023-03,WH-13,Depot North-10 — Amritsar Border Hub,North,Amritsar,Urban Depot,12586.59,13205.06,19011.74,2702.07,6561.96,9.2,3.87,527.0,0.975,0,8396.68,36000,0.528,7.94,1275347.83,0.995,0.99,1.3,181,0.126,Overstock,2023,3,1,0,0.9532,-0.0468,0.4207,0.0,0.5281,7.036,45.31,0.0897,-0.0491,12449.78,0.2332,0.0,1.339,Cluster 0 — Balanced Operational Flow
REC-2023-04-WH-13,2023-04,WH-13,Depot North-10 — Amritsar Border Hub,North,Amritsar,Urban Depot,15424.55,15387.71,18974.9,3113.87,8203.97,9.9,3.63,440.0,0.976,0,6100.13,36000,0.527,9.75,5003797.42,1.135,0.837,0.2,181,0.038,Overstock,2023,4,2,0,1.0024,0.0024,0.3667,0.0,0.5271,6.094,36.91,0.145,0.0024,10770.93,0.1694,0.0,0.298,Cluster 0 — Balanced Operational Flow
REC-2023-05-WH-13,2023-05,WH-13,Depot North-10 — Amritsar Border Hub,North,Amritsar,Urban Depot,13649.11,14291.46,19617.25,2949.62,8090.78,11.3,3.86,376.0,0.974,0,7102.04,36000,0.545,8.35,2827160.8,1.159,0.926,1.4,181,0.183,Overstock,2023,5,2,0,0.9551,-0.0449,0.3416,0.0,0.5449,6.651,43.12,0.1232,-0.0471,11526.47,0.1973,0.0,1.711,Cluster 0 — Balanced Operational Flow
REC-2023-06-WH-13,2023-06,WH-13,Depot North-10 — Amritsar Border Hub,North,Amritsar,Urban Depot,12155.11,11857.01,19319.15,2089.27,5695.29,8.9,3.08,335.0,0.986,0,10489.96,36000,0.537,7.55,1835074.49,0.984,0.914,1.0,181,0.004,Overstock,2023,6,2,0,1.0251,0.0251,0.3461,0.0,0.5366,9.247,47.68,0.1114,0.0245,13623.86,0.2914,0.0,1.258,Cluster 0 — Balanced Operational Flow
REC-2023-07-WH-13,2023-07,WH-13,Depot North-10 — Amritsar Border Hub,North,Amritsar,Urban Depot,12850.43,11855.55,18324.27,2558.26,8083.94,12.9,3.54,465.0,0.968,0,6402.94,36000,0.509,8.42,1801032.67,0.88,0.913,0.4,181,0.116,Overstock,2023,7,3,0,1.0839,0.0839,0.2744,0.0,0.509,7.163,42.78,0.1044,0.0774,10240.33,0.1779,0.0,0.504,Cluster 0 — Balanced Operational Flow
REC-2023-08-WH-13,2023-08,WH-13,Depot North-10 — Amritsar Border Hub,North,Amritsar,Urban Depot,14300.55,14023.59,18047.31,2488.88,7827.75,11.2,3.08,487.0,0.965,0,6486.24,36000,0.501,9.51,3574263.45,0.978,0.909,1.0,181,0.121,Overstock,2023,8,3,0,1.0197,0.0197,0.275,0.0,0.5013,7.251,37.86,0.1322,0.0194,10219.56,0.1802,0.0,1.273,Cluster 0 — Balanced Operational Flow
REC-2023-09-WH-13,2023-09,WH-13,Depot North-10 — Amritsar Border Hub,North,Amritsar,Urban Depot,13164.39,12300.07,17182.99,2704.8,6522.47,8.7,3.69,562.0,0.966,0,6603.32,36000,0.477,9.19,2748558.2,1.076,0.919,0.1,181,0.037,Overstock,2023,9,3,0,1.0703,0.0703,0.4241,0.0,0.4773,6.353,39.16,0.1259,0.0657,10660.52,0.1834,0.0,0.124,Cluster 0 — Balanced Operational Flow
REC-2023-10-WH-13,2023-10,WH-13,Depot North-10 — Amritsar Border Hub,North,Amritsar,Urban Depot,15994.4,17255.61,18444.2,3510.57,8735.41,9.8,3.97,601.0,0.97,0,4442.94,36000,0.512,10.41,6009190.62,1.304,0.975,1.8,181,0.089,Overstock,2023,10,4,1,0.9269,-0.0731,0.4051,0.0,0.5123,5.254,34.59,0.1533,-0.0789,9708.79,0.1234,0.0,1.935,Cluster 0 — Balanced Operational Flow
REC-2023-11-WH-13,2023-11,WH-13,Depot North-10 — Amritsar Border Hub,North,Amritsar,Urban Depot,17350.1,16759.52,17853.62,2774.99,9021.03,10.8,2.85,593.0,0.985,0,4670.1,36000,0.496,11.66,8524545.15,1.365,0.888,2.3,181,0.04,Overstock,2023,11,4,1,1.0352,0.0352,0.2639,0.0,0.4959,6.434,30.87,0.1683,0.034,8832.59,0.1297,0.0,3.073,Cluster 0 — Balanced Operational Flow
REC-2023-12-WH-13,2023-12,WH-13,Depot North-10 — Amritsar Border Hub,North,Amritsar,Urban Depot,16207.39,16122.82,17769.05,2796.85,8955.66,11.4,3.09,434.0,0.964,0,4618.12,36000,0.494,10.95,357733.17,1.171,0.938,0.6,181,0.1,Overstock,2023,12,4,1,1.0052,0.0052,0.2711,0.0,0.4936,6.353,32.89,0.0369,0.0052,8813.39,0.1283,0.0,0.712,Cluster 0 — Balanced Operational Flow
REC-2024-01-WH-13,2024-01,WH-13,Depot North-10 — Amritsar Border Hub,North,Amritsar,Urban Depot,12759.64,13642.62,18652.03,2226.13,7202.39,11.7,3.13,383.0,0.991,0,8110.44,36000,0.518,8.21,7748543.61,0.981,0.886,0.5,181,0.105,Overstock,2024,1,1,0,0.9353,-0.0647,0.2675,0.0,0.5181,8.379,43.85,0.2182,-0.0692,11449.64,0.2253,0.0,0.671,Cluster 0 — Balanced Operational Flow
REC-2024-02-WH-13,2024-02,WH-13,Depot North-10 — Amritsar Border Hub,North,Amritsar,Urban Depot,12137.17,11878.19,18393.05,2600.16,6605.43,9.9,3.87,494.0,0.98,0,7887.38,36000,0.511,7.92,6093112.83,0.881,0.894,3.6,181,0.154,Overstock,2024,2,1,0,1.0218,0.0218,0.3909,0.0,0.5109,7.074,45.46,0.2034,0.0213,11787.62,0.2191,0.0,4.745,Cluster 0 — Balanced Operational Flow
REC-2024-03-WH-13,2024-03,WH-13,Depot North-10 — Amritsar Border Hub,North,Amritsar,Urban Depot,12237.03,11420.41,17576.43,2190.28,6350.87,10.2,3.2,446.0,0.98,0,7940.14,36000,0.488,8.35,1307054.0,1.027,0.951,0.3,181,0.157,Overstock,2024,3,1,0,1.0715,0.0715,0.3137,0.0,0.4882,8.025,43.09,0.0934,0.0667,11225.56,0.2206,0.0,0.344,Cluster 0 — Balanced Operational Flow
REC-2024-04-WH-13,2024-04,WH-13,Depot North-10 — Amritsar Border Hub,North,Amritsar,Urban Depot,14256.77,13457.02,16776.68,3080.01,8164.92,10.7,3.89,485.0,0.974,0,3991.74,36000,0.466,10.2,4838762.61,1.146,0.928,0.4,181,0.088,Understock / Shortage,2024,4,2,0,1.0594,0.0594,0.3636,0.0,0.466,5.447,35.3,0.1543,0.0561,8611.76,0.1109,0.0,0.486,Cluster 0 — Balanced Operational Flow
REC-2024-05-WH-13,2024-05,WH-13,Depot North-10 — Amritsar Border Hub,North,Amritsar,Urban Depot,12927.74,12678.22,16527.16,2825.31,6789.82,9.2,3.95,406.0,0.994,0,5499.38,36000,0.459,9.39,3478068.88,1.163,0.902,0.4,181,0.138,Overstock,2024,5,2,0,1.0197,0.0197,0.4293,0.0,0.4591,5.85,38.35,0.1443,0.0193,9737.34,0.1528,0.0,0.518,Cluster 0 — Balanced Operational Flow
REC-2024-06-WH-13,2024-06,WH-13,Depot North-10 — Amritsar Border Hub,North,Amritsar,Urban Depot,15782.19,15719.49,16464.46,2892.04,7679.3,9.1,3.25,461.0,0.965,0,4447.1,36000,0.457,11.5,3445746.7,0.986,0.919,0.2,181,0.169,Overstock,2024,6,2,0,1.004,0.004,0.3571,0.0,0.4573,5.693,31.3,0.1176,0.004,8785.16,0.1235,0.0,0.249,Cluster 0 — Balanced Operational Flow
REC-2024-07-WH-13,2024-07,WH-13,Depot North-10 — Amritsar Border Hub,North,Amritsar,Urban Depot,13268.05,13946.1,17142.51,2010.68,6212.23,9.5,2.73,433.0,0.967,0,7914.26,36000,0.476,9.29,2671535.76,0.904,0.825,1.5,181,0.139,Overstock,2024,7,3,0,0.9514,-0.0486,0.2874,0.0,0.4762,8.526,38.76,0.1232,-0.0511,10930.28,0.2198,0.0,2.288,Cluster 0 — Balanced Operational Flow
REC-2024-08-WH-13,2024-08,WH-13,Depot North-10 — Amritsar Border Hub,North,Amritsar,Urban Depot,12722.45,12929.44,17349.5,2496.54,6440.5,9.3,3.54,445.0,0.953,0,7164.19,36000,0.482,8.8,6090739.08,0.956,0.971,0.9,181,0.084,Overstock,2024,8,3,0,0.984,-0.016,0.3806,0.0,0.4819,6.949,40.91,0.194,-0.0163,10909.0,0.199,0.0,0.978,Cluster 0 — Balanced Operational Flow
REC-2024-09-WH-13,2024-09,WH-13,Depot North-10 — Amritsar Border Hub,North,Amritsar,Urban Depot,14790.53,15804.59,18363.56,2700.68,6496.92,7.7,3.3,453.0,0.978,0,7815.62,36000,0.51,9.67,1235054.38,1.089,0.898,0.2,181,0.134,Overstock,2024,9,3,0,0.9358,-0.0642,0.4286,0.0,0.5101,6.8,37.25,0.0751,-0.0686,11866.64,0.2171,0.0,0.261,Cluster 0 — Balanced Operational Flow
REC-2024-10-WH-13,2024-10,WH-13,Depot North-10 — Amritsar Border Hub,North,Amritsar,Urban Depot,15785.53,15006.41,17584.44,2653.07,7336.11,8.9,3.02,440.0,0.974,0,6268.72,36000,0.488,10.77,3291018.47,1.327,0.903,2.0,181,0.058,Overstock,2024,10,4,1,1.0519,0.0519,0.3393,0.0,0.4885,6.628,33.42,0.1149,0.0494,10248.33,0.1741,0.0,2.582,Cluster 0 — Balanced Operational Flow
REC-2024-11-WH-13,2024-11,WH-13,Depot North-10 — Amritsar Border Hub,North,Amritsar,Urban Depot,20001.91,20276.43,17858.96,4389.82,10923.78,9.8,3.96,687.0,0.978,0,350.45,36000,0.496,13.44,16713595.55,1.394,0.947,0.8,181,0.185,Overstock,2024,11,4,1,0.9865,-0.0135,0.4041,0.0,0.4961,4.068,26.79,0.2044,-0.0137,6935.18,0.0097,0.0,0.927,Cluster 0 — Balanced Operational Flow
REC-2024-12-WH-13,2024-12,WH-13,Depot North-10 — Amritsar Border Hub,North,Amritsar,Urban Depot,16736.91,16702.32,17824.37,3367.61,8723.42,9.6,3.63,550.0,0.992,0,4049.54,36000,0.495,11.27,2769631.9,1.179,0.955,0.0,181,0.071,Overstock,2024,12,4,1,1.0021,0.0021,0.3781,0.0,0.4951,5.293,31.95,0.0994,0.0021,9100.95,0.1125,0.0,0.0,Cluster 0 — Balanced Operational Flow
REC-2023-01-WH-14,2023-01,WH-14,Facility North-11 — Ghaziabad Depot,North,Ghaziabad,Regional DC,34182.37,37329.62,68056.11,3945.23,20352.77,14.4,2.03,1182.0,0.968,0,41785.49,78000,0.873,6.03,27010837.33,0.941,0.924,0.7,604,0.115,Overstock,2023,1,1,0,0.9157,-0.0843,0.141,0.0,0.8725,17.25,59.73,0.152,-0.0921,47703.34,0.5357,0.0,0.86,Cluster 2 — Chronic Overstock Buffers
REC-2023-02-WH-14,2023-02,WH-14,Facility North-11 — Ghaziabad Depot,North,Ghaziabad,Regional DC,34185.6,41037.03,74907.54,4478.42,19520.08,13.2,2.34,1268.0,0.98,0,48669.83,78000,0.96,5.48,10903245.32,0.931,0.985,1.0,604,0.038,Understock / Shortage,2023,2,1,0,0.833,-0.167,0.1773,0.0,0.9604,16.726,65.74,0.0966,-0.2004,55387.46,0.624,0.0,1.045,Cluster 2 — Chronic Overstock Buffers
REC-2023-03-WH-14,2023-03,WH-14,Facility North-11 — Ghaziabad Depot,North,Ghaziabad,Regional DC,34233.37,40016.66,80690.83,4405.76,19468.44,13.2,2.28,982.0,0.994,0,54613.75,78000,1.034,5.09,4895135.75,0.977,0.918,1.2,604,0.114,Overstock,2023,3,1,0,0.8555,-0.1445,0.1727,0.0,1.0345,18.315,70.71,0.0646,-0.1689,61222.39,0.7002,0.0,1.495,Cluster 2 — Chronic Overstock Buffers
REC-2023-04-WH-14,2023-04,WH-14,Facility North-11 — Ghaziabad Depot,North,Ghaziabad,Regional DC,29144.4,33690.92,85237.35,3644.44,16662.27,13.4,2.2,1185.0,0.982,0,63108.42,78000,1.093,4.1,11965197.39,1.089,0.911,2.6,604,0.054,Overstock,2023,4,2,0,0.8651,-0.1349,0.1642,0.0,1.0928,23.388,87.74,0.1187,-0.156,68575.08,0.8091,0.0,3.294,Cluster 2 — Chronic Overstock Buffers
REC-2023-05-WH-14,2023-05,WH-14,Facility North-11 — Ghaziabad Depot,North,Ghaziabad,Regional DC,39791.13,48827.45,94273.67,5829.54,23735.55,13.5,2.56,1064.0,0.955,0,61793.81,78000,1.209,5.06,44398082.87,1.161,0.913,1.4,604,0.056,Overstock,2023,5,2,0,0.8149,-0.1851,0.1896,0.0,1.2086,16.172,71.08,0.1675,-0.2271,70538.12,0.7922,0.0,1.765,Cluster 2 — Chronic Overstock Buffers
REC-2023-06-WH-14,2023-06,WH-14,Facility North-11 — Ghaziabad Depot,North,Ghaziabad,Regional DC,37548.31,43383.25,100108.61,5591.1,24865.9,15.4,2.55,1452.0,0.963,0,66856.06,78000,1.283,4.5,21924845.98,0.988,0.962,0.1,604,0.05,Overstock,2023,6,2,0,0.8655,-0.1345,0.1656,0.0,1.2834,17.905,79.98,0.1247,-0.1554,75242.71,0.8571,0.0,0.111,Cluster 2 — Chronic Overstock Buffers
REC-2023-07-WH-14,2023-07,WH-14,Facility North-11 — Ghaziabad Depot,North,Ghaziabad,Regional DC,26965.69,31989.15,105132.07,3627.12,15851.57,13.6,2.28,898.0,0.968,0,83839.82,78000,1.348,3.08,53972413.94,0.899,0.895,1.4,604,0.113,Overstock,2023,7,3,0,0.843,-0.157,0.1676,0.0,1.3478,28.985,116.96,0.2724,-0.1863,89280.5,1.0749,0.0,1.841,Cluster 2 — Chronic Overstock Buffers
REC-2023-08-WH-14,2023-08,WH-14,Facility North-11 — Ghaziabad Depot,North,Ghaziabad,Regional DC,31221.26,34100.59,108011.4,4325.57,17334.43,12.5,2.37,1095.0,0.962,0,84188.62,78000,1.385,3.47,20427887.17,0.946,0.911,0.1,604,0.098,Overstock,2023,8,3,0,0.9156,-0.0844,0.1896,0.0,1.3848,24.97,103.79,0.1448,-0.0922,90676.97,1.0793,0.0,0.127,Cluster 2 — Chronic Overstock Buffers
REC-2023-09-WH-14,2023-09,WH-14,Facility North-11 — Ghaziabad Depot,North,Ghaziabad,Regional DC,40415.9,50757.1,118352.6,6209.38,24800.69,13.8,2.73,1131.0,0.997,0,84237.84,78000,1.517,4.1,17406626.49,1.115,0.903,3.2,604,0.18,Overstock,2023,9,3,0,0.7963,-0.2037,0.1978,0.0,1.5173,19.06,87.85,0.1032,-0.2559,93551.91,1.08,0.0,4.131,Cluster 2 — Chronic Overstock Buffers
REC-2023-10-WH-14,2023-10,WH-14,Facility North-11 — Ghaziabad Depot,North,Ghaziabad,Regional DC,48656.12,57041.74,126738.22,7182.2,27779.96,12.7,2.64,2138.0,0.964,0,88184.96,78000,1.625,4.61,10372950.07,1.356,0.99,2.5,604,0.129,Overstock,2023,10,4,1,0.853,-0.147,0.2079,0.0,1.6248,17.646,78.14,0.0662,-0.1723,98958.26,1.1306,0.0,2.575,Cluster 2 — Chronic Overstock Buffers
REC-2023-11-WH-14,2023-11,WH-14,Facility North-11 — Ghaziabad Depot,North,Ghaziabad,Regional DC,40960.53,46029.96,131807.65,4879.23,22901.86,13.2,2.08,1269.0,0.996,0,101586.94,78000,1.69,3.73,36230748.83,1.361,0.912,0.9,604,0.084,Overstock,2023,11,4,1,0.8899,-0.1101,0.1576,0.0,1.6898,27.014,96.54,0.147,-0.1238,108905.79,1.3024,0.0,1.138,Cluster 2 — Chronic Overstock Buffers
REC-2023-12-WH-14,2023-12,WH-14,Facility North-11 — Ghaziabad Depot,North,Ghaziabad,Regional DC,39598.87,44160.92,136369.7,4830.83,23310.3,14.0,2.1,1116.0,0.996,0,105813.16,78000,1.748,3.48,9765089.61,1.15,0.885,0.6,604,0.049,Overstock,2023,12,4,1,0.8967,-0.1033,0.15,0.0,1.7483,28.229,103.31,0.0789,-0.1152,113059.4,1.3566,0.0,0.807,Cluster 2 — Chronic Overstock Buffers
REC-2024-01-WH-14,2024-01,WH-14,Facility North-11 — Ghaziabad Depot,North,Ghaziabad,Regional DC,28279.04,35981.66,144072.32,4272.02,16526.27,13.0,2.71,1053.0,0.975,0,121138.02,78000,1.847,2.36,21522814.67,0.913,0.963,0.0,604,0.137,Overstock,2024,1,1,0,0.7859,-0.2141,0.2085,0.0,1.8471,33.725,152.84,0.1641,-0.2724,127546.05,1.5531,0.0,0.0,Cluster 2 — Chronic Overstock Buffers
REC-2024-02-WH-14,2024-02,WH-14,Facility North-11 — Ghaziabad Depot,North,Ghaziabad,Regional DC,33293.59,38928.64,149707.37,4188.96,19725.97,14.0,2.1,1293.0,0.967,0,123697.96,78000,1.919,2.67,20174429.47,0.985,0.872,1.7,604,0.155,Overstock,2024,2,1,0,0.8552,-0.1448,0.15,0.0,1.9193,35.739,134.9,0.1349,-0.1693,129981.4,1.5859,0.0,2.353,Cluster 2 — Chronic Overstock Buffers
REC-2024-03-WH-14,2024-03,WH-14,Facility North-11 — Ghaziabad Depot,North,Ghaziabad,Regional DC,39549.56,43059.24,153217.05,6170.35,23703.99,13.3,2.75,1047.0,0.987,0,120257.53,78000,1.964,3.1,54926705.34,1.01,0.924,0.4,604,0.035,Overstock,2024,3,1,0,0.9185,-0.0815,0.2068,0.0,1.9643,24.831,116.22,0.1874,-0.0887,129513.06,1.5418,0.0,0.491,Cluster 2 — Chronic Overstock Buffers
REC-2024-04-WH-14,2024-04,WH-14,Facility North-11 — Ghaziabad Depot,North,Ghaziabad,Regional DC,43957.9,46951.45,156210.6,4998.52,26830.94,14.9,2.0,1545.0,0.975,0,121881.88,78000,2.003,3.38,13255226.46,1.156,0.982,0.7,604,0.255,Overstock,2024,4,2,0,0.9362,-0.0638,0.1342,0.0,2.0027,31.251,106.61,0.0828,-0.0681,129379.66,1.5626,0.0,0.738,Cluster 2 — Chronic Overstock Buffers
REC-2024-05-WH-14,2024-05,WH-14,Facility North-11 — Ghaziabad Depot,North,Ghaziabad,Regional DC,46475.16,50535.91,160271.35,5067.16,24431.81,12.5,1.93,1409.0,0.993,0,128238.8,78000,2.055,3.48,68621753.08,1.131,0.854,1.3,604,0.106,Overstock,2024,5,2,0,0.9196,-0.0804,0.1544,0.0,2.0548,31.629,103.46,0.1782,-0.0874,135839.54,1.6441,0.0,1.869,Cluster 2 — Chronic Overstock Buffers
REC-2024-06-WH-14,2024-06,WH-14,Facility North-11 — Ghaziabad Depot,North,Ghaziabad,Regional DC,32072.54,37684.7,165883.51,3934.58,16549.78,11.8,2.14,1288.0,0.965,0,143431.86,78000,2.127,2.32,16904837.73,0.967,0.839,1.5,604,0.138,Overstock,2024,6,2,0,0.8511,-0.1489,0.1814,0.0,2.1267,42.16,155.16,0.1282,-0.175,149333.73,1.8389,0.0,2.224,Cluster 2 — Chronic Overstock Buffers
REC-2024-07-WH-14,2024-07,WH-14,Facility North-11 — Ghaziabad Depot,North,Ghaziabad,Regional DC,35159.41,37103.75,167827.85,4953.92,19134.88,12.1,2.51,1386.0,0.993,0,141262.09,78000,2.152,2.51,8532515.23,0.896,0.869,0.3,604,0.107,Overstock,2024,7,3,0,0.9476,-0.0524,0.2074,0.0,2.1516,33.878,143.2,0.0831,-0.0553,148692.97,1.8111,0.0,0.418,Cluster 2 — Chronic Overstock Buffers
REC-2024-08-WH-14,2024-08,WH-14,Facility North-11 — Ghaziabad Depot,North,Ghaziabad,Regional DC,35391.53,42077.74,174514.06,4773.62,19638.06,12.6,2.39,932.0,0.992,0,147715.57,78000,2.237,2.43,41433163.24,0.997,0.937,0.5,604,0.039,Overstock,2024,8,3,0,0.8411,-0.1589,0.1897,0.0,2.2374,36.558,147.93,0.1819,-0.1889,154876.0,1.8938,0.0,0.594,Cluster 2 — Chronic Overstock Buffers
REC-2024-09-WH-14,2024-09,WH-14,Facility North-11 — Ghaziabad Depot,North,Ghaziabad,Regional DC,39253.26,49077.7,184338.5,5464.4,22735.83,13.2,2.49,1384.0,0.975,0,153406.07,78000,2.363,2.56,50940479.27,1.038,0.965,0.9,604,0.048,Overstock,2024,9,3,0,0.7998,-0.2002,0.1886,0.0,2.3633,33.734,140.88,0.1818,-0.2503,161602.67,1.9667,0.0,0.994,Cluster 2 — Chronic Overstock Buffers
REC-2024-10-WH-14,2024-10,WH-14,Facility North-11 — Ghaziabad Depot,North,Ghaziabad,Regional DC,47751.16,54502.08,191089.42,6570.14,29172.36,14.2,2.45,1535.0,0.966,0,152061.85,78000,2.45,3.0,27078650.65,1.307,0.921,1.6,604,0.204,Overstock,2024,10,4,1,0.8761,-0.1239,0.1725,0.0,2.4499,29.085,120.05,0.109,-0.1414,161917.06,1.9495,0.0,1.979,Cluster 2 — Chronic Overstock Buffers
REC-2024-11-WH-14,2024-11,WH-14,Facility North-11 — Ghaziabad Depot,North,Ghaziabad,Regional DC,49803.24,56524.59,197810.77,7362.82,28114.17,12.5,2.65,1608.0,0.974,0,154716.24875000003,78000,2.536,3.02,75237415.62,1.41,0.954,0.4,604,0.039,Overstock,2024,11,4,1,0.8811,-0.1189,0.212,0.0,2.536,26.866,119.16,0.1742,-0.135,169696.6,1.9835,0.0,0.455,Cluster 2 — Chronic Overstock Buffers
REC-2024-12-WH-14,2024-12,WH-14,Facility North-11 — Ghaziabad Depot,North,Ghaziabad,Regional DC,38579.55,44001.78,203233.0,5728.06,23989.05,14.2,2.62,1679.0,0.959,0,154716.24875000003,78000,2.606,2.28,9800988.52,1.181,0.958,0.5,604,0.12,Overstock,2024,12,4,1,0.8768,-0.1232,0.1845,0.0,2.6056,35.48,158.04,0.0811,-0.1405,179243.95,1.9835,0.0,0.563,Cluster 2 — Chronic Overstock Buffers
REC-2023-01-WH-15,2023-01,WH-15,Hub West-Central — Mumbai Port Mega,West,Mumbai,Mega Hub,82858.21,85029.65,120573.17,14387.05,61063.84,16.9,3.03,2471.0,0.955,0,37928.76,215875,0.482,8.25,142223147.8025,0.927,0.933,0.9,703,0.223,Understock / Shortage,2023,1,1,0,0.9745,-0.0255,0.1793,0.0,0.5585,8.381,43.66,0.1439,-0.0262,59509.33,0.1757,0.0,1.081,Cluster 0 — Balanced Operational Flow
REC-2023-02-WH-15,2023-02,WH-15,Hub West-Central — Mumbai Port Mega,West,Mumbai,Mega Hub,89185.7,83765.48,115152.95,18094.77,61795.76,14.7,3.66,2719.0,0.976,0,26215.03,215875,0.461,9.29,113917543.22,0.881,0.898,0.7,703,0.203,Overstock,2023,2,1,0,1.0647,0.0647,0.249,0.0,0.5334,6.364,38.73,0.1197,0.0608,53357.19,0.1214,0.0,0.914,Cluster 0 — Balanced Operational Flow
REC-2023-03-WH-15,2023-03,WH-15,Hub West-Central — Mumbai Port Mega,West,Mumbai,Mega Hub,103206.59,100505.89,112452.25,22849.69,67228.52,12.9,3.96,3821.0,0.96,0,10949.2,215875,0.45,11.01,142223147.8025,1.048,0.837,0.6,703,0.059,Overstock,2023,3,1,0,1.0269,0.0269,0.307,0.0,0.5209,4.921,32.69,0.1156,0.0262,45223.73,0.0507,0.0,0.893,Cluster 0 — Balanced Operational Flow
REC-2023-04-WH-15,2023-04,WH-15,Hub West-Central — Mumbai Port Mega,West,Mumbai,Mega Hub,101012.58,105063.9,116503.57,22553.45,79793.91,17.0,3.94,3191.0,0.973,0,2879.49,215875,0.466,10.4,142223147.8025,1.114,0.886,0.9,703,0.144,Overstock,2023,4,2,0,0.9614,-0.0386,0.2318,0.0,0.5397,5.166,34.6,0.1181,-0.0401,36709.66,0.0133,0.0,1.208,Cluster 0 — Balanced Operational Flow
REC-2023-05-WH-15,2023-05,WH-15,Hub West-Central — Mumbai Port Mega,West,Mumbai,Mega Hub,110927.6,103353.39,108929.36,18868.87,80618.57,16.7,3.04,3259.0,0.989,0,7.49,215875,0.436,12.22,142223147.8025,1.128,0.85,0.5,703,0.094,Overstock,2023,5,2,0,1.0733,0.0733,0.182,0.0,0.5046,5.773,29.46,0.1075,0.0683,28310.79,0.0,0.0,0.725,Cluster 0 — Balanced Operational Flow
REC-2023-06-WH-15,2023-06,WH-15,Hub West-Central — Mumbai Port Mega,West,Mumbai,Mega Hub,110410.52,107625.24,106144.08,22559.16,69667.65,12.8,3.62,3564.0,0.987,0,2637.69,215875,0.425,12.48,142223147.8025,1.003,0.844,1.7,703,0.12,Overstock,2023,6,2,0,1.0259,0.0259,0.2828,0.0,0.4917,4.705,28.84,0.108,0.0252,36476.43,0.0122,0.0,2.496,Cluster 0 — Balanced Operational Flow
REC-2023-07-WH-15,2023-07,WH-15,Hub West-Central — Mumbai Port Mega,West,Mumbai,Mega Hub,93255.19,99760.59,112649.48,16835.66,64706.66,15.4,3.19,3257.0,0.983,0,22689.33,215875,0.451,9.93,142223147.8025,0.893,0.865,0.5,703,0.118,Balanced,2023,7,3,0,0.9348,-0.0652,0.2071,0.0,0.5218,6.691,36.24,0.1279,-0.0698,47942.82,0.1051,0.0,0.702,Cluster 0 — Balanced Operational Flow
REC-2023-08-WH-15,2023-08,WH-15,Hub West-Central — Mumbai Port Mega,West,Mumbai,Mega Hub,106888.51,102155.58,107916.55,20465.89,66071.65,12.8,3.37,3710.0,0.994,0,11146.07,215875,0.432,11.89,17785468.09,0.956,0.852,0.1,703,0.131,Overstock,2023,8,3,0,1.0463,0.0463,0.2633,0.0,0.4999,5.273,30.29,0.0395,0.0443,41844.9,0.0516,0.0,0.144,Cluster 0 — Balanced Operational Flow
REC-2023-09-WH-15,2023-09,WH-15,Hub West-Central — Mumbai Port Mega,West,Mumbai,Mega Hub,106093.79,100389.03,102211.79,23610.6,71352.81,13.5,3.98,3956.0,0.985,0,0.0,215875,0.409,12.46,142223147.8025,1.046,0.855,0.4,703,0.124,Overstock,2023,9,3,0,1.0568,0.0568,0.2948,0.0,0.4735,4.329,28.9,0.1124,0.0538,30858.98,0.0,0.0,0.574,Cluster 0 — Balanced Operational Flow
REC-2023-10-WH-15,2023-10,WH-15,Hub West-Central — Mumbai Port Mega,West,Mumbai,Mega Hub,124125.97625,124331.64749999999,110506.09,28018.39,83145.04,12.5,3.76,4158.0,0.959,0,0.0,215875,0.442,14.37,142223147.8025,1.302,0.86,0.5,703,0.082,Overstock,2023,10,4,1,0.9983,-0.0017,0.3008,0.0,0.5119,3.944,26.71,0.0961,-0.0017,27361.05,0.0,0.0,0.71,Cluster 0 — Balanced Operational Flow
REC-2023-11-WH-15,2023-11,WH-15,Hub West-Central — Mumbai Port Mega,West,Mumbai,Mega Hub,124125.97625,124331.64749999999,110968.38,28236.04,91496.42374999999,14.4,3.11,4324.875,0.972,0,0.0,215875,0.444,17.15,108295513.46,1.389,0.922,0.5,703,0.093,Overstock,2023,11,4,1,0.9983,-0.0017,0.216,0.0,0.514,3.93,26.82,0.0838,-0.0017,19471.96,0.0,0.0,0.617,Cluster 0 — Balanced Operational Flow
REC-2023-12-WH-15,2023-12,WH-15,Hub West-Central — Mumbai Port Mega,West,Mumbai,Mega Hub,101816.22,97476.09,106628.25,15884.61,69847.21,15.9,2.78,4324.875,0.963,0,12954.12,215875,0.427,11.46,56472990.28,1.149,0.913,3.1,703,0.102,Understock / Shortage,2023,12,4,1,1.0445,0.0445,0.1748,0.0,0.4939,6.713,31.42,0.0738,0.0426,36781.04,0.06,0.0,3.909,Cluster 0 — Balanced Operational Flow
REC-2024-01-WH-15,2024-01,WH-15,Hub West-Central — Mumbai Port Mega,West,Mumbai,Mega Hub,79397.35,78277.56,105508.46,17736.6,56111.99,14.5,4.01,2717.0,0.985,0,22791.57,215875,0.422,9.03,142223147.8025,0.896,0.801,3.8,703,0.141,Overstock,2024,1,1,0,1.0143,0.0143,0.2766,0.0,0.4887,5.949,39.87,0.1502,0.0141,49396.47,0.1056,0.0,6.069,Cluster 0 — Balanced Operational Flow
REC-2024-02-WH-15,2024-02,WH-15,Hub West-Central — Mumbai Port Mega,West,Mumbai,Mega Hub,90514.15,92172.96,107167.27,14825.75,51936.55,12.3,2.87,3027.0,0.99,0,32992.1,215875,0.429,10.14,142223147.8025,0.872,0.956,0.7,703,0.208,Overstock,2024,2,1,0,0.982,-0.018,0.2333,0.0,0.4964,7.228,35.52,0.1318,-0.0183,55230.72,0.1528,0.0,0.792,Cluster 0 — Balanced Operational Flow
REC-2024-03-WH-15,2024-03,WH-15,Hub West-Central — Mumbai Port Mega,West,Mumbai,Mega Hub,91719.86,96697.8,112145.21,20572.58,68266.91,15.6,4.05,2476.0,0.952,0,13019.43,215875,0.449,9.81,142223147.8025,1.005,0.828,0.3,703,0.141,Understock / Shortage,2024,3,1,0,0.9485,-0.0515,0.2596,0.0,0.5195,5.451,36.68,0.13,-0.0543,43878.3,0.0603,0.0,0.455,Cluster 0 — Balanced Operational Flow
REC-2024-04-WH-15,2024-04,WH-15,Hub West-Central — Mumbai Port Mega,West,Mumbai,Mega Hub,102974.16,97215.77,106386.82,19037.0,66405.11,13.8,3.3,2957.0,0.974,0,11426.21,215875,0.426,11.62,142223147.8025,1.084,0.901,0.5,703,0.268,Overstock,2024,4,2,0,1.0592,0.0592,0.2391,0.0,0.4928,5.588,30.99,0.1158,0.0559,39981.71,0.0529,0.0,0.648,Cluster 0 — Balanced Operational Flow
REC-2024-05-WH-15,2024-05,WH-15,Hub West-Central — Mumbai Port Mega,West,Mumbai,Mega Hub,124125.97625,124331.64749999999,106229.35,20232.99,77553.14,13.6,2.84,4324.875,0.992,0,0.0,215875,0.425,14.28,52707052.48,1.107,0.89,5.5,703,0.18,Overstock,2024,5,2,0,0.9983,-0.0017,0.2088,0.0,0.4921,5.25,25.67,0.0585,-0.0017,28676.21,0.0,0.0,7.315,Cluster 0 — Balanced Operational Flow
REC-2024-06-WH-15,2024-06,WH-15,Hub West-Central — Mumbai Port Mega,West,Mumbai,Mega Hub,105196.42,110612.8,111645.73,22847.97,76147.49,15.2,3.91,3335.0,0.987,0,1226.28,215875,0.447,11.31,142223147.8025,0.972,0.86,2.3,703,0.117,Overstock,2024,6,2,0,0.951,-0.049,0.2572,0.0,0.5172,4.886,31.84,0.1134,-0.0515,35498.24,0.0057,0.0,3.266,Cluster 0 — Balanced Operational Flow
REC-2024-07-WH-15,2024-07,WH-15,Hub West-Central — Mumbai Port Mega,West,Mumbai,Mega Hub,90472.45,84150.42,105323.7,18478.45,60698.93,14.0,3.6,3948.0,0.979,0,16907.09,215875,0.421,10.31,41435181.81,0.962,0.872,1.9,703,0.093,Overstock,2024,7,3,0,1.0751,0.0751,0.2571,0.0,0.4879,5.7,34.92,0.0711,0.0699,44624.77,0.0783,0.0,2.63,Cluster 0 — Balanced Operational Flow
REC-2024-08-WH-15,2024-08,WH-15,Hub West-Central — Mumbai Port Mega,West,Mumbai,Mega Hub,107687.95,101857.94,99493.69,23832.13,75163.39,14.3,3.95,3559.0,0.993,0,0.0,215875,0.398,12.99,142223147.8025,0.982,0.86,5.65,703,0.28,Overstock,2024,8,3,0,1.0572,0.0572,0.2762,0.0,0.4609,4.175,27.72,0.1107,0.0541,24330.3,0.0,0.0,8.023,Cluster 0 — Balanced Operational Flow
REC-2024-09-WH-15,2024-09,WH-15,Hub West-Central — Mumbai Port Mega,West,Mumbai,Mega Hub,118033.61,114536.82,95996.9,25127.99,88472.69,16.1,3.82,4324.875,0.956,0,0.0,215875,0.384,14.75,142223147.8025,1.123,0.831,2.8,703,0.144,Overstock,2024,9,3,0,1.0305,0.0305,0.2373,0.0,0.4447,3.82,24.4,0.101,0.0296,7524.21,0.0,0.0,4.22,Cluster 0 — Balanced Operational Flow
REC-2024-10-WH-15,2024-10,WH-15,Hub West-Central — Mumbai Port Mega,West,Mumbai,Mega Hub,124125.97625,124331.64749999999,95393.0,24806.15,91496.42374999999,16.9,3.07,4324.875,0.98,0,0.0,215875,0.382,17.73,142223147.8025,1.369,0.847,1.4,703,0.203,Overstock,2024,10,4,1,0.9983,-0.0017,0.1817,0.0,0.4419,3.846,23.06,0.0961,-0.0017,3896.58,0.0,0.0,2.043,Cluster 0 — Balanced Operational Flow
REC-2024-11-WH-15,2024-11,WH-15,Hub West-Central — Mumbai Port Mega,West,Mumbai,Mega Hub,124125.97625,124331.64749999999,84458.54,31395.42,91496.42374999999,14.5,3.24,4324.875,0.963,0,0.0,215875,0.338,24.21,73948042.27,1.364,0.861,1.3,703,0.191,Overstock,2024,11,4,1,0.9983,-0.0017,0.2234,0.0,0.3912,2.69,20.41,0.0693,-0.0017,-7037.88,0.0,0.0,1.842,Cluster 0 — Balanced Operational Flow
REC-2024-12-WH-15,2024-12,WH-15,Hub West-Central — Mumbai Port Mega,West,Mumbai,Mega Hub,124125.97625,124331.64749999999,87392.78,24209.86,81733.17,12.4,3.09,3743.0,0.962,0,0.0,215875,0.35,19.11,142223147.8025,1.155,0.837,0.8,703,0.209,Overstock,2024,12,4,1,0.9983,-0.0017,0.2492,0.0,0.4048,3.61,21.12,0.0961,-0.0017,5659.61,0.0,0.0,1.191,Cluster 0 — Balanced Operational Flow
REC-2023-01-WH-16,2023-01,WH-16,Depot West-1 — Bhiwandi Logistics Hub,West,Bhiwandi,Mega Hub,86357.17,42172.78,26635.12,30029.72,91496.42374999999,21.4,6.29,2651.0,0.983,0,0.0,210000,0.127,25.0,41162038.52,0.967,0.65,1.2,855,0.145,Understock / Shortage,2023,1,1,0,2.0477,1.0477,0.2939,0.0,0.1268,0.887,9.25,0.0743,0.5116,-64861.3,0.0,3394.6,2.46,Cluster 1 — High-Velocity Shortage Risk
REC-2023-02-WH-16,2023-02,WH-16,Depot West-1 — Bhiwandi Logistics Hub,West,Bhiwandi,Mega Hub,68815.9,45622.53,3441.75,27466.94,83895.98,24.6,7.23,2300.0,0.96,0,0.0,210000,0.016,25.0,122386635.69,0.902,0.743,1.4,855,0.107,Understock / Shortage,2023,2,1,0,1.5084,0.5084,0.2939,0.0,0.0164,0.125,1.5,0.1608,0.337,-80454.23,0.0,24025.19,2.479,Cluster 1 — High-Velocity Shortage Risk
REC-2023-03-WH-16,2023-03,WH-16,Depot West-1 — Bhiwandi Logistics Hub,West,Bhiwandi,Mega Hub,73125.18,36215.61,1204.63,25805.72,82843.36,23.4,6.39,3248.0,0.542,9,0.0,210000,0.006,25.0,142223147.8025,1.0,0.678,0.3,855,0.094,Understock / Shortage,2023,3,1,0,2.0192,1.0192,0.2731,29.61,0.0057,0.047,0.49,0.1631,0.5047,-81638.73,0.0,24601.09,0.59,Cluster 1 — High-Velocity Shortage Risk
REC-2023-04-WH-16,2023-04,WH-16,Depot West-1 — Bhiwandi Logistics Hub,West,Bhiwandi,Mega Hub,105749.76,63281.18,1222.5,32902.6525,91496.42374999999,24.2,5.9,3937.0,0.61,9,0.0,210000,0.006,25.0,142223147.8025,1.13,0.719,1.2,855,0.197,Understock / Shortage,2023,4,2,0,1.6711,0.6711,0.2438,26.55,0.0058,0.037,0.35,0.1128,0.4016,-90273.92,0.0,31680.15,2.212,Cluster 1 — High-Velocity Shortage Risk
REC-2023-05-WH-16,2023-05,WH-16,Depot West-1 — Bhiwandi Logistics Hub,West,Bhiwandi,Mega Hub,97698.83,53623.14,1285.49,31505.7,91496.42374999999,19.9,5.81,3880.0,0.561,5,0.0,210000,0.006,25.0,71901513.56,1.191,0.735,1.0,855,0.097,Understock / Shortage,2023,5,2,0,1.822,0.822,0.292,15.975,0.0061,0.041,0.39,0.0868,0.4511,-90210.93,0.0,30220.21,1.795,Cluster 1 — High-Velocity Shortage Risk
REC-2023-06-WH-16,2023-06,WH-16,Depot West-1 — Bhiwandi Logistics Hub,West,Bhiwandi,Mega Hub,83654.3,41522.13,269.39,23350.34,83581.44,21.6,4.98,3091.0,0.512,10,0.0,210000,0.001,25.0,96580346.42,0.965,0.681,0.3,855,0.048,Understock / Shortage,2023,6,2,0,2.0147,1.0147,0.2306,34.4,0.0013,0.012,0.1,0.1175,0.5036,-83312.05,0.0,23080.95,0.587,Cluster 1 — High-Velocity Shortage Risk
REC-2023-07-WH-16,2023-07,WH-16,Depot West-1 — Bhiwandi Logistics Hub,West,Bhiwandi,Mega Hub,79629.03,40126.79,632.21,22667.46,82654.66,22.6,5.07,2857.0,0.507,5,0.0,210000,0.003,25.0,23718049.06,0.965,0.716,0.7,855,0.063,Understock / Shortage,2023,7,3,0,1.9844,0.9844,0.2243,17.325,0.003,0.028,0.24,0.0612,0.4961,-82022.45,0.0,22035.25,1.296,Cluster 1 — High-Velocity Shortage Risk
REC-2023-08-WH-16,2023-08,WH-16,Depot West-1 — Bhiwandi Logistics Hub,West,Bhiwandi,Mega Hub,70492.18,36563.27,57.79,23513.47,75677.68,22.2,5.96,2113.0,0.528,7,0.0,210000,0.0,25.0,101642771.57,0.946,0.716,0.7,855,0.134,Understock / Shortage,2023,8,3,0,1.928,0.928,0.2685,23.52,0.0003,0.002,0.02,0.143,0.4813,-75619.89,0.0,23455.68,1.296,Cluster 1 — High-Velocity Shortage Risk
REC-2023-09-WH-16,2023-09,WH-16,Depot West-1 — Bhiwandi Logistics Hub,West,Bhiwandi,Mega Hub,107870.08,63599.37,530.43,30976.16,91496.42374999999,23.7,5.13,3606.0,0.59,9,0.0,210000,0.003,25.0,142223147.8025,1.112,0.68,0.4,855,0.107,Understock / Shortage,2023,9,3,0,1.6961,0.6961,0.2165,27.45,0.0025,0.017,0.15,0.1106,0.4104,-90965.99,0.0,30445.73,0.784,Cluster 1 — High-Velocity Shortage Risk
REC-2023-10-WH-16,2023-10,WH-16,Depot West-1 — Bhiwandi Logistics Hub,West,Bhiwandi,Mega Hub,124125.97625,74390.3,1943.68,32902.6525,91496.42374999999,20.6,6.75,3873.0,0.599,8,0.0,210000,0.009,25.0,142223147.8025,1.358,0.66,0.3,855,0.155,Understock / Shortage,2023,10,4,1,1.6686,0.6686,0.3277,24.04,0.0093,0.059,0.47,0.0961,0.4007,-89552.74,0.0,30958.97,0.606,Cluster 1 — High-Velocity Shortage Risk
REC-2023-11-WH-16,2023-11,WH-16,Depot West-1 — Bhiwandi Logistics Hub,West,Bhiwandi,Mega Hub,102643.19,56607.03,1121.09,32204.93,91496.42374999999,24.9,5.63,3344.0,0.57,11,0.0,210000,0.005,25.0,118598006.08,1.282,0.754,4.5,855,0.18,Understock / Shortage,2023,11,4,1,1.8133,0.8133,0.2261,34.65,0.0053,0.035,0.33,0.1061,0.4485,-90375.33,0.0,31083.84,7.821,Cluster 1 — High-Velocity Shortage Risk
REC-2023-12-WH-16,2023-12,WH-16,Depot West-1 — Bhiwandi Logistics Hub,West,Bhiwandi,Mega Hub,93359.16,50131.17,920.91,30295.08,91496.42374999999,23.3,5.86,2656.0,0.549,6,0.0,210000,0.004,25.0,90765857.12,1.164,0.688,0.8,855,0.106,Balanced,2023,12,4,1,1.8623,0.8623,0.2515,19.53,0.0044,0.03,0.3,0.102,0.463,-90575.51,0.0,29374.17,1.549,Cluster 1 — High-Velocity Shortage Risk
REC-2024-01-WH-16,2024-01,WH-16,Depot West-1 — Bhiwandi Logistics Hub,West,Bhiwandi,Mega Hub,80192.77,50458.7,166.99,25186.65,87469.7,23.3,5.67,3618.0,0.641,7,0.0,210000,0.001,25.0,46451866.48,0.971,0.703,0.8,855,0.183,Understock / Shortage,2024,1,1,0,1.5893,0.5893,0.2433,19.565,0.0008,0.007,0.06,0.085,0.3708,-87302.71,0.0,25019.66,1.513,Cluster 1 — High-Velocity Shortage Risk
REC-2024-02-WH-16,2024-02,WH-16,Depot West-1 — Bhiwandi Logistics Hub,West,Bhiwandi,Mega Hub,88626.74,59669.34,237.53,29580.0,91496.42374999999,24.0,6.02,2931.0,0.675,6,0.0,210000,0.001,25.0,60518136.43,0.933,0.821,0.8,855,0.257,Understock / Shortage,2024,2,1,0,1.4853,0.4853,0.2508,15.75,0.0011,0.008,0.08,0.0878,0.3267,-91258.89,0.0,29342.47,1.23,Cluster 1 — High-Velocity Shortage Risk
REC-2024-03-WH-16,2024-03,WH-16,Depot West-1 — Bhiwandi Logistics Hub,West,Bhiwandi,Mega Hub,87177.65,53321.35,1486.32,32902.6525,91496.42374999999,23.3,7.16,3128.0,0.614,10,0.0,210000,0.007,25.0,64731420.35,0.996,0.757,3.6,855,0.169,Understock / Shortage,2024,3,1,0,1.6349,0.6349,0.3073,29.3,0.0071,0.045,0.51,0.0923,0.3884,-90010.1,0.0,31416.33,6.224,Cluster 1 — High-Velocity Shortage Risk
REC-2024-04-WH-16,2024-04,WH-16,Depot West-1 — Bhiwandi Logistics Hub,West,Bhiwandi,Mega Hub,101623.65,62669.23,947.94,30074.43,91496.42374999999,22.7,5.32,4324.875,0.631,5,0.0,210000,0.005,25.0,61502385.59,1.128,0.758,2.9,855,0.054,Understock / Shortage,2024,4,2,0,1.6216,0.6216,0.2344,14.225,0.0045,0.032,0.28,0.0772,0.3833,-90548.48,0.0,29126.49,5.005,Cluster 1 — High-Velocity Shortage Risk
REC-2024-05-WH-16,2024-05,WH-16,Depot West-1 — Bhiwandi Logistics Hub,West,Bhiwandi,Mega Hub,102456.4,57331.33,1154.99,32902.6525,91496.42374999999,22.9,5.89,2713.0,0.569,9,0.0,210000,0.005,25.0,142223147.8025,1.141,0.753,0.7,855,0.08,Understock / Shortage,2024,5,2,0,1.7871,0.7871,0.2572,28.395,0.0055,0.035,0.34,0.1164,0.4404,-90341.43,0.0,31747.66,1.219,Cluster 1 — High-Velocity Shortage Risk
REC-2024-06-WH-16,2024-06,WH-16,Depot West-1 — Bhiwandi Logistics Hub,West,Bhiwandi,Mega Hub,100624.42,63288.84,811.39,30464.15,91496.42374999999,23.6,5.41,2653.0,0.64,9,0.0,210000,0.004,25.0,140483053.44,1.024,0.713,2.9,855,0.171,Understock / Shortage,2024,6,2,0,1.5899,0.5899,0.2292,25.2,0.0039,0.027,0.24,0.1178,0.371,-90685.03,0.0,29652.76,5.397,Cluster 1 — High-Velocity Shortage Risk
REC-2024-07-WH-16,2024-07,WH-16,Depot West-1 — Bhiwandi Logistics Hub,West,Bhiwandi,Mega Hub,92559.61,58450.86,381.98,32902.6525,91496.42374999999,22.3,6.45,3958.0,0.64,7,0.0,210000,0.002,25.0,107010735.28,0.932,0.767,5.65,855,0.195,Overstock,2024,7,3,0,1.5835,0.5835,0.2892,19.6,0.0018,0.012,0.12,0.1118,0.3685,-91114.44,0.0,32520.67,9.599,Cluster 1 — High-Velocity Shortage Risk
REC-2024-08-WH-16,2024-08,WH-16,Depot West-1 — Bhiwandi Logistics Hub,West,Bhiwandi,Mega Hub,106501.63,62901.53,1863.74,32902.6525,91496.42374999999,23.3,6.54,4265.0,0.594,4,0.0,210000,0.009,25.0,142223147.8025,0.953,0.751,4.0,855,0.266,Understock / Shortage,2024,8,3,0,1.6931,0.6931,0.2807,12.12,0.0089,0.057,0.52,0.112,0.4094,-89632.68,0.0,31038.91,6.988,Cluster 1 — High-Velocity Shortage Risk
REC-2024-09-WH-16,2024-09,WH-16,Depot West-1 — Bhiwandi Logistics Hub,West,Bhiwandi,Mega Hub,90791.34,60986.44,1420.65,31238.43,91496.42374999999,21.7,6.18,3215.0,0.692,8,0.0,210000,0.007,25.0,142223147.8025,1.013,0.788,0.1,855,0.09,Understock / Shortage,2024,9,3,0,1.4887,0.4887,0.2848,20.32,0.0068,0.045,0.47,0.1314,0.3283,-90075.77,0.0,29817.78,0.164,Cluster 1 — High-Velocity Shortage Risk
REC-2024-10-WH-16,2024-10,WH-16,Depot West-1 — Bhiwandi Logistics Hub,West,Bhiwandi,Mega Hub,124125.97625,93885.7,926.35,32902.6525,91496.42374999999,23.7,6.9,4324.875,0.708,4,0.0,210000,0.004,25.0,142223147.8025,1.377,0.75,0.3,855,0.075,Understock / Shortage,2024,10,4,1,1.3221,0.3221,0.2911,9.84,0.0044,0.028,0.22,0.0961,0.2436,-90570.07,0.0,31976.3,0.525,Cluster 1 — High-Velocity Shortage Risk
REC-2024-11-WH-16,2024-11,WH-16,Depot West-1 — Bhiwandi Logistics Hub,West,Bhiwandi,Mega Hub,124125.97625,79922.24,924.3,32902.6525,91496.42374999999,24.3,6.19,4324.875,0.582,7,0.0,210000,0.004,25.0,142223147.8025,1.389,0.724,5.65,855,0.197,Understock / Shortage,2024,11,4,1,1.5531,0.5531,0.2547,21.63,0.0044,0.028,0.22,0.0961,0.3561,-90572.12,0.0,31978.35,10.328,Cluster 1 — High-Velocity Shortage Risk
REC-2024-12-WH-16,2024-12,WH-16,Depot West-1 — Bhiwandi Logistics Hub,West,Bhiwandi,Mega Hub,113470.19,75018.8,1166.71,32902.6525,91496.42374999999,23.9,6.18,3353.0,0.669,8,0.0,210000,0.006,25.0,142223147.8025,1.147,0.754,0.9,855,0.142,Understock / Shortage,2024,12,4,1,1.5126,0.5126,0.2586,21.24,0.0056,0.035,0.31,0.1051,0.3389,-90329.71,0.0,31735.94,1.564,Cluster 1 — High-Velocity Shortage Risk
REC-2023-01-WH-17,2023-01,WH-17,Depot West-2 — Navi Mumbai Metro,West,Navi Mumbai,Urban Depot,25171.86,32180.4,52232.09,2266.69,9063.09,8.1,1.49,978.0,0.955,0,39768.96,55000,0.95,5.78,12770124.94,0.935,0.944,0.6,302,0.061,Overstock,2023,1,1,0,0.7822,-0.2178,0.184,0.0,0.9497,23.043,62.25,0.142,-0.2784,43169.0,0.7231,0.0,0.701,Cluster 2 — Chronic Overstock Buffers
REC-2023-02-WH-17,2023-02,WH-17,Depot West-2 — Navi Mumbai Metro,West,Navi Mumbai,Urban Depot,23130.48,26718.38,55819.99,2114.33,9053.47,9.0,1.52,730.0,0.979,0,43595.02,55000,1.015,4.97,22514351.89,0.921,0.934,1.0,302,0.065,Overstock,2023,2,1,0,0.8657,-0.1343,0.1689,0.0,1.0149,26.401,72.4,0.2051,-0.1551,46766.52,0.7926,0.0,1.198,Cluster 2 — Chronic Overstock Buffers
REC-2023-03-WH-17,2023-03,WH-17,Depot West-2 — Navi Mumbai Metro,West,Navi Mumbai,Urban Depot,23370.36,27426.26,59875.89,2161.26,8704.96,8.4,1.6,954.0,0.96,0,47929.04,55000,1.089,4.68,16916450.36,1.028,0.88,0.2,302,0.096,Overstock,2023,3,1,0,0.8521,-0.1479,0.1905,0.0,1.0887,27.704,76.86,0.176,-0.1735,51170.93,0.8714,0.0,0.272,Cluster 2 — Chronic Overstock Buffers
REC-2023-04-WH-17,2023-04,WH-17,Depot West-2 — Navi Mumbai Metro,West,Navi Mumbai,Urban Depot,27951.54,30726.02,62650.37,3099.94,12417.12,10.0,1.93,1027.0,0.953,0,45583.34,55000,1.139,5.35,8399850.29,1.117,0.928,0.1,302,0.077,Overstock,2023,4,2,0,0.9097,-0.0903,0.193,0.0,1.1391,20.21,67.24,0.1037,-0.0993,50233.25,0.8288,0.0,0.122,Cluster 2 — Chronic Overstock Buffers
REC-2023-05-WH-17,2023-05,WH-17,Depot West-2 — Navi Mumbai Metro,West,Navi Mumbai,Urban Depot,26592.01,31095.52,67153.88,2200.23,10089.19,8.9,1.46,711.0,0.979,0,53764.34,55000,1.221,4.75,18168641.44,1.098,0.902,0.3,302,0.16,Overstock,2023,5,2,0,0.8552,-0.1448,0.164,0.0,1.221,30.521,75.76,0.1603,-0.1694,57064.69,0.9775,0.0,0.388,Cluster 2 — Chronic Overstock Buffers
REC-2023-06-WH-17,2023-06,WH-17,Depot West-2 — Navi Mumbai Metro,West,Navi Mumbai,Urban Depot,21576.89,24092.42,69669.41,1824.7,8369.69,9.1,1.38,749.0,0.982,0,58562.67,55000,1.267,3.72,8161875.17,1.029,0.99,0.7,302,0.122,Overstock,2023,6,2,0,0.8956,-0.1044,0.1516,0.0,1.2667,38.181,96.87,0.1324,-0.1166,61299.72,1.0648,0.0,0.721,Cluster 2 — Chronic Overstock Buffers
REC-2023-07-WH-17,2023-07,WH-17,Depot West-2 — Navi Mumbai Metro,West,Navi Mumbai,Urban Depot,21899.44,24264.06,72034.03,1969.02,9925.82,10.9,1.47,777.0,0.972,0,59154.68,55000,1.31,3.65,14223815.93,0.95,0.919,0.3,302,0.105,Balanced,2023,7,3,0,0.9025,-0.0975,0.1349,0.0,1.3097,36.584,98.68,0.1722,-0.108,62108.21,1.0755,0.0,0.373,Cluster 2 — Chronic Overstock Buffers
REC-2023-08-WH-17,2023-08,WH-17,Depot West-2 — Navi Mumbai Metro,West,Navi Mumbai,Urban Depot,21833.48,27735.12,77935.67,1829.31,8597.69,9.3,1.46,850.0,0.991,0,66594.02,55000,1.417,3.36,10676728.63,0.903,0.919,0.2,302,0.06,Overstock,2023,8,3,0,0.7872,-0.2128,0.157,0.0,1.417,42.604,107.09,0.1497,-0.2703,69337.98,1.2108,0.0,0.249,Cluster 2 — Chronic Overstock Buffers
REC-2023-09-WH-17,2023-09,WH-17,Depot West-2 — Navi Mumbai Metro,West,Navi Mumbai,Urban Depot,25985.15,29743.24,81693.76,2423.61,10565.62,9.4,1.59,1082.0,0.995,0,67492.72,55000,1.485,3.82,15460905.11,1.093,0.918,0.1,302,0.097,Overstock,2023,9,3,0,0.8736,-0.1264,0.1691,0.0,1.4853,33.707,94.32,0.1513,-0.1446,71128.14,1.2271,0.0,0.125,Cluster 2 — Chronic Overstock Buffers
REC-2023-10-WH-17,2023-10,WH-17,Depot West-2 — Navi Mumbai Metro,West,Navi Mumbai,Urban Depot,35528.41,40878.09,87043.44,2980.66,14705.04,9.9,1.37,1469.0,0.969,0,67867.41,55000,1.583,4.9,29626046.37,1.417,0.964,0.1,302,0.1,Overstock,2023,10,4,1,0.8691,-0.1309,0.1384,0.0,1.5826,29.203,73.5,0.1532,-0.1506,72338.4,1.234,0.0,0.111,Cluster 2 — Chronic Overstock Buffers
REC-2023-11-WH-17,2023-11,WH-17,Depot West-2 — Navi Mumbai Metro,West,Navi Mumbai,Urban Depot,39479.82,44598.03,92161.65,3292.39,14478.34,8.5,1.36,1184.0,0.981,0,72744.72,55000,1.676,5.14,50090140.47,1.406,0.935,0.1,302,0.144,Overstock,2023,11,4,1,0.8852,-0.1148,0.16,0.0,1.6757,27.992,70.03,0.1793,-0.1296,77683.31,1.3226,0.0,0.12,Cluster 2 — Chronic Overstock Buffers
REC-2023-12-WH-17,2023-12,WH-17,Depot West-2 — Navi Mumbai Metro,West,Navi Mumbai,Urban Depot,25207.44,31938.33,98892.54,2337.13,9143.14,8.1,1.6,839.0,0.952,0,86243.7,55000,1.798,3.06,3460773.33,1.181,0.902,0.8,302,0.069,Overstock,2023,12,4,1,0.7893,-0.2107,0.1975,0.0,1.798,42.314,117.69,0.0738,-0.267,89749.4,1.5681,0.0,1.035,Cluster 2 — Chronic Overstock Buffers
REC-2024-01-WH-17,2024-01,WH-17,Depot West-2 — Navi Mumbai Metro,West,Navi Mumbai,Urban Depot,23412.46,24930.36,100410.44,2537.48,9561.22,9.0,1.92,733.0,0.978,0,87043.0,55000,1.826,2.8,4969601.52,0.946,0.91,0.5,302,0.187,Overstock,2024,1,1,0,0.9391,-0.0609,0.2133,0.0,1.8256,39.571,128.66,0.0952,-0.0648,90849.22,1.5826,0.0,0.635,Cluster 2 — Chronic Overstock Buffers
REC-2024-02-WH-17,2024-02,WH-17,Depot West-2 — Navi Mumbai Metro,West,Navi Mumbai,Urban Depot,21643.09,23197.57,101964.92,1669.82,8523.47,9.5,1.34,774.0,0.966,0,90936.72,55000,1.854,2.55,6044403.46,0.841,0.919,1.4,302,0.193,Overstock,2024,2,1,0,0.933,-0.067,0.1411,0.0,1.8539,61.063,141.34,0.1136,-0.0718,93441.45,1.6534,0.0,1.74,Cluster 2 — Chronic Overstock Buffers
REC-2024-03-WH-17,2024-03,WH-17,Depot West-2 — Navi Mumbai Metro,West,Navi Mumbai,Urban Depot,26573.64,28758.27,104149.55,2268.01,9974.37,8.7,1.51,850.0,0.965,0,90773.16,55000,1.894,3.06,4725332.71,1.048,0.952,1.1,302,0.214,Overstock,2024,3,1,0,0.924,-0.076,0.1736,0.0,1.8936,45.921,117.58,0.0818,-0.0822,94175.18,1.6504,0.0,1.258,Cluster 2 — Chronic Overstock Buffers
REC-2024-04-WH-17,2024-04,WH-17,Depot West-2 — Navi Mumbai Metro,West,Navi Mumbai,Urban Depot,36232.79,42328.54,110245.3,3139.29,14733.78,9.6,1.47,1245.0,0.99,0,90802.58,55000,2.004,3.94,30701519.78,1.161,0.965,0.1,302,0.204,Overstock,2024,4,2,0,0.856,-0.144,0.1531,0.0,2.0045,35.118,91.28,0.1529,-0.1682,95511.52,1.651,0.0,0.11,Cluster 2 — Chronic Overstock Buffers
REC-2024-05-WH-17,2024-05,WH-17,Depot West-2 — Navi Mumbai Metro,West,Navi Mumbai,Urban Depot,26352.78,33086.26,116978.78,2158.94,9537.72,8.4,1.44,976.0,0.969,0,104202.65,55000,2.127,2.7,21170104.83,1.115,0.99,0.6,302,0.176,Overstock,2024,5,2,0,0.7965,-0.2035,0.1714,0.0,2.1269,54.183,133.17,0.1746,-0.2555,107441.06,1.8946,0.0,0.618,Cluster 2 — Chronic Overstock Buffers
REC-2024-06-WH-17,2024-06,WH-17,Depot West-2 — Navi Mumbai Metro,West,Navi Mumbai,Urban Depot,25145.99,27933.61,119766.4,2783.79,11501.07,10.4,1.87,861.0,0.975,0,104089.64,55000,2.178,2.52,7953211.79,0.954,0.898,0.7,302,0.065,Overstock,2024,6,2,0,0.9002,-0.0998,0.1798,0.0,2.1776,43.023,142.89,0.1122,-0.1109,108265.33,1.8925,0.0,0.914,Cluster 2 — Chronic Overstock Buffers
REC-2024-07-WH-17,2024-07,WH-17,Depot West-2 — Navi Mumbai Metro,West,Navi Mumbai,Urban Depot,23136.93,26064.87,122694.34,2188.31,8975.14,8.8,1.61,715.0,0.986,0,110436.74,55000,2.231,2.26,10094884.09,0.927,0.99,0.5,302,0.113,Overstock,2024,7,3,0,0.8877,-0.1123,0.183,0.0,2.2308,56.068,159.09,0.1373,-0.1265,113719.2,2.0079,0.0,0.515,Cluster 2 — Chronic Overstock Buffers
REC-2024-08-WH-17,2024-08,WH-17,Depot West-2 — Navi Mumbai Metro,West,Navi Mumbai,Urban Depot,23797.04,25577.6,124474.9,2330.61,7724.61,6.8,1.66,650.0,0.995,0,113254.38,55000,2.263,2.29,22815722.18,0.997,0.944,0.1,302,0.13,Overstock,2024,8,3,0,0.9304,-0.0696,0.2441,0.0,2.2632,53.409,156.92,0.2007,-0.0748,116750.29,2.0592,0.0,0.117,Cluster 2 — Chronic Overstock Buffers
REC-2024-09-WH-17,2024-09,WH-17,Depot West-2 — Navi Mumbai Metro,West,Navi Mumbai,Urban Depot,28979.42,35846.78,131342.26,2289.83,9438.09,7.4,1.39,890.0,0.952,0,118469.43,55000,2.388,2.65,21442701.94,1.161,0.944,0.0,302,0.157,Overstock,2024,9,3,0,0.8084,-0.1916,0.1878,0.0,2.388,57.359,135.97,0.1598,-0.237,121904.17,2.154,0.0,0.0,Cluster 2 — Chronic Overstock Buffers
REC-2024-10-WH-17,2024-10,WH-17,Depot West-2 — Navi Mumbai Metro,West,Navi Mumbai,Urban Depot,31434.49,33783.09,133690.86,3381.05,11763.58,8.0,1.86,931.0,0.991,0,116855.7,55000,2.431,2.82,5781568.49,1.351,0.99,0.5,302,0.067,Overstock,2024,10,4,1,0.9305,-0.0695,0.2325,0.0,2.4307,39.541,127.59,0.0765,-0.0747,121927.28,2.1246,0.0,0.515,Cluster 2 — Chronic Overstock Buffers
REC-2024-11-WH-17,2024-11,WH-17,Depot West-2 — Navi Mumbai Metro,West,Navi Mumbai,Urban Depot,39113.43,43123.41,137700.84,3345.57,17165.65,10.6,1.36,1551.0,0.961,0,115516.84,55000,2.504,3.41,69252533.15,1.381,0.976,0.2,302,0.191,Understock / Shortage,2024,11,4,1,0.907,-0.093,0.1283,0.0,2.5037,41.159,105.62,0.2128,-0.1025,120535.19,2.1003,0.0,0.214,Cluster 2 — Chronic Overstock Buffers
REC-2024-12-WH-17,2024-12,WH-17,Depot West-2 — Navi Mumbai Metro,West,Navi Mumbai,Urban Depot,31937.0,39140.57,144904.41,3015.74,13448.49,9.8,1.57,1264.0,0.985,0,126932.31,55000,2.635,2.64,20873066.2,1.11,0.846,0.8,302,0.175,Overstock,2024,12,4,1,0.816,-0.184,0.1602,0.0,2.6346,48.049,136.12,0.1431,-0.2256,131455.92,2.3079,0.0,1.17,Cluster 2 — Chronic Overstock Buffers
REC-2023-01-WH-18,2023-01,WH-18,Facility West-3 — Pune Auto Corridor,West,Pune,Regional DC,44189.61,41264.25,66240.79,6723.63,31469.81,16.8,2.69,1575.0,0.995,0,24685.53,120000,0.552,8.01,30140049.95,0.956,0.903,1.3,622,0.053,Overstock,2023,1,1,0,1.0709,0.0709,0.1601,0.0,0.552,9.852,44.97,0.1242,0.0662,34770.98,0.2057,0.0,1.678,Cluster 0 — Balanced Operational Flow
REC-2023-02-WH-18,2023-02,WH-18,Facility West-3 — Pune Auto Corridor,West,Pune,Regional DC,45510.45,44242.64,64972.98,7084.09,33176.75,17.2,2.73,1438.0,0.973,0,21170.1,120000,0.541,8.41,34041739.08,0.878,0.864,0.8,622,0.092,Overstock,2023,2,1,0,1.0287,0.0287,0.1587,0.0,0.5414,9.172,42.83,0.1282,0.0279,31796.23,0.1764,0.0,1.126,Cluster 0 — Balanced Operational Flow
REC-2023-03-WH-18,2023-03,WH-18,Facility West-3 — Pune Auto Corridor,West,Pune,Regional DC,54130.94,52597.09,63439.13,8458.95,37148.35,15.9,2.72,1698.0,0.973,0,13602.35,120000,0.529,10.24,51761168.27,1.024,0.871,0.3,622,0.123,Overstock,2023,3,1,0,1.0292,0.0292,0.1711,0.0,0.5287,7.5,35.16,0.1329,0.0283,26290.78,0.1134,0.0,0.416,Cluster 0 — Balanced Operational Flow
REC-2023-04-WH-18,2023-04,WH-18,Facility West-3 — Pune Auto Corridor,West,Pune,Regional DC,49935.78,47292.01,60795.36,7744.02,40035.82,19.4,2.7,1352.0,0.956,0,9143.51,120000,0.507,9.86,18468779.43,1.167,0.942,0.2,622,0.039,Overstock,2023,4,2,0,1.0559,0.0559,0.1392,0.0,0.5066,7.851,36.52,0.0861,0.0529,20759.54,0.0762,0.0,0.235,Cluster 0 — Balanced Operational Flow
REC-2023-05-WH-18,2023-05,WH-18,Facility West-3 — Pune Auto Corridor,West,Pune,Regional DC,53078.51,55608.81,63325.66,7389.84,35344.52,15.8,2.46,2403.0,0.977,0,16896.38,120000,0.528,10.06,64740920.81,1.142,0.826,1.9,622,0.134,Overstock,2023,5,2,0,0.9545,-0.0455,0.1557,0.0,0.5277,8.569,35.79,0.1516,-0.0477,27981.14,0.1408,0.0,2.892,Cluster 0 — Balanced Operational Flow
REC-2023-06-WH-18,2023-06,WH-18,Facility West-3 — Pune Auto Corridor,West,Pune,Regional DC,53707.75,57537.15,67155.06,9663.07,40634.54,17.3,3.17,1700.0,0.971,0,12025.91,120000,0.56,9.6,24695664.49,1.029,0.843,1.4,622,0.142,Overstock,2023,6,2,0,0.9334,-0.0666,0.1832,0.0,0.5596,6.95,37.51,0.0925,-0.0713,26520.52,0.1002,0.0,2.059,Cluster 0 — Balanced Operational Flow
REC-2023-07-WH-18,2023-07,WH-18,Facility West-3 — Pune Auto Corridor,West,Pune,Regional DC,49166.01,47328.21,65317.26,8514.56,36539.19,17.1,3.05,1335.0,0.993,0,16006.23,120000,0.544,9.03,47130145.98,0.916,0.867,0.2,622,0.087,Overstock,2023,7,3,0,1.0388,0.0388,0.1784,0.0,0.5443,7.671,39.86,0.1396,0.0374,28778.07,0.1334,0.0,0.28,Cluster 0 — Balanced Operational Flow
REC-2023-08-WH-18,2023-08,WH-18,Facility West-3 — Pune Auto Corridor,West,Pune,Regional DC,48542.83,47259.24,64033.67,6532.82,33878.61,16.9,2.29,1463.0,0.983,0,20355.83,120000,0.534,9.1,54156735.73,0.958,0.859,0.6,622,0.204,Overstock,2023,8,3,0,1.0272,0.0272,0.1355,0.0,0.5336,9.802,39.57,0.1516,0.0264,30155.06,0.1696,0.0,0.854,Cluster 0 — Balanced Operational Flow
REC-2023-09-WH-18,2023-09,WH-18,Facility West-3 — Pune Auto Corridor,West,Pune,Regional DC,51359.07,48316.2,60990.8,8772.81,35650.72,15.7,2.98,1706.0,0.972,0,12180.87,120000,0.508,10.1,55158189.85,1.084,0.833,0.5,622,0.099,Overstock,2023,9,3,0,1.063,0.063,0.1898,0.0,0.5083,6.952,35.63,0.1446,0.0592,25340.08,0.1015,0.0,0.75,Cluster 0 — Balanced Operational Flow
REC-2023-10-WH-18,2023-10,WH-18,Facility West-3 — Pune Auto Corridor,West,Pune,Regional DC,71714.11,66249.11,55525.8,10493.92,55195.72,18.7,2.53,2500.0,0.954,0,0.0,120000,0.463,15.5,48262383.64,1.317,0.828,0.3,622,0.224,Overstock,2023,10,4,1,1.0825,0.0825,0.1353,0.0,0.4627,5.291,23.23,0.0969,0.0762,330.08,0.0,0.0,0.455,Cluster 0 — Balanced Operational Flow
REC-2023-11-WH-18,2023-11,WH-18,Facility West-3 — Pune Auto Corridor,West,Pune,Regional DC,91376.07,85505.99,49655.72,16729.35,73382.51,18.6,3.16,3054.0,0.963,0,0.0,120000,0.414,22.08,62906473.88,1.468,0.87,2.9,622,0.156,Overstock,2023,11,4,1,1.0687,0.0687,0.1699,0.0,0.4138,2.968,16.3,0.0868,0.0642,-23726.79,0.0,0.0,4.031,Cluster 0 — Balanced Operational Flow
REC-2023-12-WH-18,2023-12,WH-18,Facility West-3 — Pune Auto Corridor,West,Pune,Regional DC,53312.75,55914.56,52257.53,7692.53,40746.44,18.6,2.56,1647.0,0.968,0,0.0,120000,0.435,12.24,40098311.24,1.133,0.822,0.8,622,0.055,Overstock,2023,12,4,1,0.9535,-0.0465,0.1376,0.0,0.4355,6.793,29.41,0.1188,-0.0488,11511.09,0.0,0.0,1.227,Cluster 0 — Balanced Operational Flow
REC-2024-01-WH-18,2024-01,WH-18,Facility West-3 — Pune Auto Corridor,West,Pune,Regional DC,53592.19,51116.34,49781.68,8784.76,37903.18,16.3,2.9,1425.0,0.98,0,0.0,120000,0.415,12.92,89869787.07,0.917,0.929,1.7,622,0.193,Overstock,2024,1,1,0,1.0484,0.0484,0.1779,0.0,0.4148,5.667,27.87,0.1769,0.0462,11878.5,0.0,0.0,2.062,Cluster 0 — Balanced Operational Flow
REC-2024-02-WH-18,2024-02,WH-18,Facility West-3 — Pune Auto Corridor,West,Pune,Regional DC,51292.47,48844.02,47333.23,7069.92,38016.38,18.1,2.3,1482.0,0.954,0,0.0,120000,0.394,13.0,15621460.18,0.918,0.876,0.4,622,0.189,Overstock,2024,2,1,0,1.0501,0.0501,0.1271,0.0,0.3944,6.695,27.68,0.0771,0.0477,9316.85,0.0,0.0,0.549,Cluster 0 — Balanced Operational Flow
REC-2024-03-WH-18,2024-03,WH-18,Facility West-3 — Pune Auto Corridor,West,Pune,Regional DC,66280.02,61508.54,42561.75,11194.28,50078.56,17.6,3.01,2856.0,0.992,0,0.0,120000,0.355,18.69,49588462.54,1.001,0.916,1.9,622,0.116,Overstock,2024,3,1,0,1.0776,0.0776,0.171,0.0,0.3547,3.802,19.26,0.1062,0.072,-7516.81,0.0,0.0,2.379,Cluster 0 — Balanced Operational Flow
REC-2024-04-WH-18,2024-04,WH-18,Facility West-3 — Pune Auto Corridor,West,Pune,Regional DC,59924.21,64704.89,47342.43,9359.72,42717.53,16.7,2.66,1782.0,0.961,0,0.0,120000,0.395,15.19,33411481.2,1.069,0.876,0.8,622,0.213,Overstock,2024,4,2,0,0.9261,-0.0739,0.1593,0.0,0.3945,5.058,23.7,0.0965,-0.0798,4624.9,0.0,0.0,1.098,Cluster 0 — Balanced Operational Flow
REC-2024-05-WH-18,2024-05,WH-18,Facility West-3 — Pune Auto Corridor,West,Pune,Regional DC,53297.53,55463.01,49507.91,8372.2,37508.18,16.4,2.73,1808.0,0.955,0,0.0,120000,0.413,12.92,41536151.84,1.124,0.811,0.2,622,0.134,Overstock,2024,5,2,0,0.961,-0.039,0.1665,0.0,0.4126,5.913,27.87,0.1209,-0.0406,11999.73,0.0,0.0,0.313,Cluster 0 — Balanced Operational Flow
REC-2024-06-WH-18,2024-06,WH-18,Facility West-3 — Pune Auto Corridor,West,Pune,Regional DC,57848.02,54968.3,46628.19,8908.07,43424.06,17.9,2.63,2171.0,0.984,0,0.0,120000,0.389,14.89,35766193.55,1.001,0.841,1.9,622,0.071,Overstock,2024,6,2,0,1.0524,0.0524,0.1469,0.0,0.3886,5.234,24.18,0.1034,0.0498,3204.13,0.0,0.0,2.806,Cluster 0 — Balanced Operational Flow
REC-2024-07-WH-18,2024-07,WH-18,Facility West-3 — Pune Auto Corridor,West,Pune,Regional DC,48757.12,47822.5,45693.57,7751.02,31642.01,14.7,2.83,1495.0,0.992,0,2425.03,120000,0.381,12.8,41024792.8,0.891,0.874,0.2,622,0.219,Overstock,2024,7,3,0,1.0195,0.0195,0.1925,0.0,0.3808,5.895,28.12,0.1314,0.0192,14051.56,0.0202,0.0,0.276,Cluster 0 — Balanced Operational Flow
REC-2024-08-WH-18,2024-08,WH-18,Facility West-3 — Pune Auto Corridor,West,Pune,Regional DC,56644.77,60091.05,49139.85,10246.9,41779.16,16.7,3.13,2391.0,0.963,0,0.0,120000,0.409,13.83,29078330.59,0.987,0.872,2.1,622,0.256,Understock / Shortage,2024,8,3,0,0.9426,-0.0574,0.1874,0.0,0.4095,4.796,26.03,0.0952,-0.0608,7360.69,0.0,0.0,2.906,Cluster 0 — Balanced Operational Flow
REC-2024-09-WH-18,2024-09,WH-18,Facility West-3 — Pune Auto Corridor,West,Pune,Regional DC,55186.54,54548.07,48501.38,8047.5,39319.87,17.0,2.54,2170.0,0.996,0,0.0,120000,0.404,13.65,64505301.06,1.072,0.839,0.2,622,0.121,Overstock,2024,9,3,0,1.0117,0.0117,0.1494,0.0,0.4042,6.027,26.37,0.1455,0.0116,9181.51,0.0,0.0,0.297,Cluster 0 — Balanced Operational Flow
REC-2024-10-WH-18,2024-10,WH-18,Facility West-3 — Pune Auto Corridor,West,Pune,Regional DC,71309.56,72721.74,49913.56,11242.59,52126.74,17.2,2.73,2416.0,0.959,0,0.0,120000,0.416,17.14,136852447.06,1.273,0.811,0.1,622,0.083,Overstock,2024,10,4,1,0.9806,-0.0194,0.1587,0.0,0.4159,4.44,21.0,0.1641,-0.0198,-2213.18,0.0,0.0,0.157,Cluster 0 — Balanced Operational Flow
REC-2024-11-WH-18,2024-11,WH-18,Facility West-3 — Pune Auto Corridor,West,Pune,Regional DC,81257.83,82468.97,51124.7,11881.14,56572.95,16.5,2.61,2951.0,0.959,0,0.0,120000,0.426,19.07,127118432.07,1.378,0.91,0.6,622,0.12,Overstock,2024,11,4,1,0.9853,-0.0147,0.1582,0.0,0.426,4.303,18.87,0.1388,-0.0149,-5448.25,0.0,0.0,0.762,Cluster 0 — Balanced Operational Flow
REC-2024-12-WH-18,2024-12,WH-18,Facility West-3 — Pune Auto Corridor,West,Pune,Regional DC,76749.17,79090.95,53466.48,12019.13,61394.43,19.3,2.79,2735.0,0.976,0,0.0,120000,0.446,17.23,129181156.89,1.159,0.862,2.0,622,0.23,Overstock,2024,12,4,1,0.9704,-0.0296,0.1446,0.0,0.4456,4.448,20.9,0.1481,-0.0305,-7927.95,0.0,0.0,2.828,Cluster 0 — Balanced Operational Flow
REC-2023-01-WH-19,2023-01,WH-19,Depot West-4 — Chakan Industrial DC,West,Pune,Regional DC,38497.66,36308.01,32751.39,6294.37,15148.83,6.9,2.93,1038.0,0.956,0,8161.0,85000,0.385,14.11,18131657.07,0.936,0.859,0.1,644,0.094,Overstock,2023,1,1,0,1.0603,0.0603,0.4246,0.0,0.3853,5.203,25.52,0.1106,0.0569,17602.56,0.096,0.0,0.142,Cluster 0 — Balanced Operational Flow
REC-2023-02-WH-19,2023-02,WH-19,Depot West-4 — Chakan Industrial DC,West,Pune,Regional DC,39643.31,38999.52,32107.6,5910.22,15424.61,7.2,2.68,1154.0,0.951,0,7817.66,85000,0.378,14.82,19479511.61,0.944,0.832,0.5,644,0.088,Overstock,2023,2,1,0,1.0165,0.0165,0.3722,0.0,0.3777,5.433,24.3,0.1113,0.0162,16682.99,0.092,0.0,0.752,Cluster 0 — Balanced Operational Flow
REC-2023-03-WH-19,2023-03,WH-19,Depot West-4 — Chakan Industrial DC,West,Pune,Regional DC,40222.2,39512.08,31397.48,6977.22,19043.88,9.0,3.13,1427.0,0.986,0,1887.77,85000,0.369,15.37,26602215.07,1.031,0.878,1.6,644,0.108,Overstock,2023,3,1,0,1.018,0.018,0.3478,0.0,0.3694,4.5,23.42,0.1282,0.0177,12353.6,0.0222,0.0,2.186,Cluster 0 — Balanced Operational Flow
REC-2023-04-WH-19,2023-04,WH-19,Depot West-4 — Chakan Industrial DC,West,Pune,Regional DC,40464.47,38082.97,29015.98,6024.57,16275.57,7.6,2.67,1235.0,0.968,0,3703.56,85000,0.341,16.73,30610073.62,1.13,0.886,0.7,644,0.075,Overstock,2023,4,2,0,1.0625,0.0625,0.3513,0.0,0.3414,4.816,21.51,0.1367,0.0589,12740.41,0.0436,0.0,0.939,Cluster 0 — Balanced Operational Flow
REC-2023-05-WH-19,2023-05,WH-19,Depot West-4 — Chakan Industrial DC,West,Pune,Regional DC,45689.23,43953.41,27280.16,6056.7,18545.09,8.2,2.37,1699.0,0.952,0,0.0,85000,0.321,20.1,45384095.99,1.153,0.897,1.0,644,0.043,Overstock,2023,5,2,0,1.0395,0.0395,0.289,0.0,0.3209,4.504,17.91,0.1474,0.038,8735.07,0.0,0.0,1.309,Cluster 0 — Balanced Operational Flow
REC-2023-06-WH-19,2023-06,WH-19,Depot West-4 — Chakan Industrial DC,West,Pune,Regional DC,34742.16,36520.23,29058.23,5191.21,11676.41,5.6,2.69,1189.0,0.977,0,9595.01,85000,0.342,14.35,16198853.72,1.046,0.891,0.0,644,0.192,Overstock,2023,6,2,0,0.9513,-0.0487,0.4804,0.0,0.3419,5.598,25.09,0.1158,-0.0512,17381.82,0.1129,0.0,0.0,Cluster 0 — Balanced Operational Flow
REC-2023-07-WH-19,2023-07,WH-19,Depot West-4 — Chakan Industrial DC,West,Pune,Regional DC,31306.33,32386.45,30138.35,5098.76,13864.53,8.4,2.93,1137.0,0.988,0,8625.68,85000,0.355,12.47,17945999.07,0.913,0.91,0.9,644,0.177,Overstock,2023,7,3,0,0.9666,-0.0334,0.3488,0.0,0.3546,5.911,28.88,0.1353,-0.0345,16273.82,0.1015,0.0,1.143,Cluster 0 — Balanced Operational Flow
REC-2023-08-WH-19,2023-08,WH-19,Depot West-4 — Chakan Industrial DC,West,Pune,Regional DC,26890.0,26727.92,29976.27,3583.62,10037.22,7.2,2.35,796.0,0.984,0,14563.62,85000,0.353,10.76,3002253.15,0.979,0.853,1.2,644,0.109,Overstock,2023,8,3,0,1.0061,0.0061,0.3264,0.0,0.3527,8.365,33.44,0.0644,0.006,19939.05,0.1713,0.0,1.729,Cluster 0 — Balanced Operational Flow
REC-2023-09-WH-19,2023-09,WH-19,Depot West-4 — Chakan Industrial DC,West,Pune,Regional DC,48962.67,51253.78,32267.38,6140.65,21155.87,9.2,2.19,2169.0,0.965,0,1900.54,85000,0.38,18.21,23136659.98,1.101,0.842,0.3,644,0.16,Overstock,2023,9,3,0,0.9553,-0.0447,0.238,0.0,0.3796,5.255,19.77,0.0982,-0.0468,11111.51,0.0224,0.0,0.442,Cluster 0 — Balanced Operational Flow
REC-2023-10-WH-19,2023-10,WH-19,Depot West-4 — Chakan Industrial DC,West,Pune,Regional DC,47804.55,45360.2,29823.03,7635.17,20064.35,7.8,2.82,1743.0,0.987,0,0.0,85000,0.351,19.24,32056732.42,1.361,0.901,1.6,644,0.137,Overstock,2023,10,4,1,1.0539,0.0539,0.3615,0.0,0.3509,3.906,18.72,0.1184,0.0511,9758.68,0.0,0.0,2.075,Cluster 0 — Balanced Operational Flow
REC-2023-11-WH-19,2023-11,WH-19,Depot West-4 — Chakan Industrial DC,West,Pune,Regional DC,60519.08,60539.72,29843.67,10498.97,24620.09,7.0,3.13,2324.0,0.951,0,0.0,85000,0.351,24.33,48467280.9,1.334,0.878,1.0,644,0.186,Overstock,2023,11,4,1,0.9997,-0.0003,0.4471,0.0,0.3511,2.843,14.79,0.115,-0.0003,5223.58,0.0,0.0,1.366,Cluster 0 — Balanced Operational Flow
REC-2023-12-WH-19,2023-12,WH-19,Depot West-4 — Chakan Industrial DC,West,Pune,Regional DC,46104.81,48241.67,31980.53,6004.68,17223.52,7.3,2.31,1441.0,0.985,0,5749.99,85000,0.376,17.3,9888002.01,1.164,0.912,1.0,644,0.155,Overstock,2023,12,4,1,0.9557,-0.0443,0.3164,0.0,0.3762,5.326,20.81,0.0682,-0.0463,14757.01,0.0676,0.0,1.264,Cluster 0 — Balanced Operational Flow
REC-2024-01-WH-19,2024-01,WH-19,Depot West-4 — Chakan Industrial DC,West,Pune,Regional DC,38459.19,38309.69,31831.03,6332.22,14536.85,6.4,2.94,1120.0,0.976,0,7795.85,85000,0.374,14.5,42109517.31,0.875,0.886,1.3,644,0.128,Overstock,2024,1,1,0,1.0039,0.0039,0.4594,0.0,0.3745,5.027,24.83,0.1687,0.0039,17294.18,0.0917,0.0,1.745,Cluster 0 — Balanced Operational Flow
REC-2024-02-WH-19,2024-02,WH-19,Depot West-4 — Chakan Industrial DC,West,Pune,Regional DC,34806.14,34827.15,31852.04,5913.98,14963.58,7.8,3.04,927.0,0.981,0,8017.49,85000,0.375,13.11,10596881.39,0.909,0.85,0.6,644,0.212,Overstock,2024,2,1,0,0.9994,-0.0006,0.3897,0.0,0.3747,5.386,27.45,0.0935,-0.0006,16888.46,0.0943,0.0,0.87,Cluster 0 — Balanced Operational Flow
REC-2024-03-WH-19,2024-03,WH-19,Depot West-4 — Chakan Industrial DC,West,Pune,Regional DC,44242.9,42567.78,30176.92,7414.29,19359.87,8.1,3.0,1401.0,0.96,0,0.0,85000,0.355,17.59,92629014.53,1.026,0.866,1.4,644,0.15,Overstock,2024,3,1,0,1.0394,0.0394,0.3704,0.0,0.355,4.07,20.46,0.2175,0.0379,10817.05,0.0,0.0,1.963,Cluster 0 — Balanced Operational Flow
REC-2024-04-WH-19,2024-04,WH-19,Depot West-4 — Chakan Industrial DC,West,Pune,Regional DC,45960.53,42903.39,27119.78,6162.09,18724.63,8.2,2.36,1372.0,0.989,0,0.0,85000,0.319,20.34,17545235.9,1.149,0.894,0.3,644,0.168,Overstock,2024,4,2,0,1.0713,0.0713,0.2878,0.0,0.3191,4.401,17.7,0.0911,0.0665,8395.15,0.0,0.0,0.395,Cluster 0 — Balanced Operational Flow
REC-2024-05-WH-19,2024-05,WH-19,Depot West-4 — Chakan Industrial DC,West,Pune,Regional DC,53018.46,49816.31,23917.63,6623.81,20231.88,7.7,2.17,2359.0,0.96,0,0.0,85000,0.281,25.0,92107589.9,1.175,0.848,0.2,644,0.166,Overstock,2024,5,2,0,1.0643,0.0643,0.2818,0.0,0.2814,3.611,13.53,0.181,0.0604,3685.75,0.0,0.0,0.291,Cluster 0 — Balanced Operational Flow
REC-2024-06-WH-19,2024-06,WH-19,Depot West-4 — Chakan Industrial DC,West,Pune,Regional DC,42462.96,39432.11,20886.78,7400.1,22262.14,10.5,3.07,1303.0,0.951,0,0.0,85000,0.246,24.4,39718592.23,1.069,0.875,1.7,644,0.127,Overstock,2024,6,2,0,1.0769,0.0769,0.2924,0.0,0.2457,2.822,14.76,0.1484,0.0714,-1375.36,0.0,0.0,2.338,Cluster 0 — Balanced Operational Flow
REC-2024-07-WH-19,2024-07,WH-19,Depot West-4 — Chakan Industrial DC,West,Pune,Regional DC,37052.27,37574.48,21408.99,5223.72,14486.79,7.5,2.53,1246.0,0.977,0,0.0,85000,0.252,20.77,38194752.47,0.889,0.918,1.4,644,0.239,Overstock,2024,7,3,0,0.9861,-0.0139,0.3373,0.0,0.2519,4.098,17.33,0.1668,-0.0141,6922.2,0.0,0.0,1.744,Cluster 0 — Balanced Operational Flow
REC-2024-08-WH-19,2024-08,WH-19,Depot West-4 — Chakan Industrial DC,West,Pune,Regional DC,37287.75,37904.19,22025.43,6525.42,18457.5,9.6,3.14,1020.0,0.965,0,0.0,85000,0.259,20.32,29455544.4,0.946,0.885,1.3,644,0.094,Overstock,2024,8,3,0,0.9837,-0.0163,0.3271,0.0,0.2591,3.375,17.72,0.1456,-0.0165,3567.93,0.0,0.0,1.748,Cluster 0 — Balanced Operational Flow
REC-2024-09-WH-19,2024-09,WH-19,Depot West-4 — Chakan Industrial DC,West,Pune,Regional DC,45320.28,45150.78,21855.93,6136.29,19430.24,8.8,2.39,2013.0,0.992,0,0.0,85000,0.257,24.88,12879983.79,1.074,0.848,0.4,644,0.168,Overstock,2024,9,3,0,1.0038,0.0038,0.2716,0.0,0.2571,3.562,14.47,0.0792,0.0037,2425.69,0.0,0.0,0.582,Cluster 0 — Balanced Operational Flow
REC-2024-10-WH-19,2024-10,WH-19,Depot West-4 — Chakan Industrial DC,West,Pune,Regional DC,56605.31,52151.36,17401.98,7600.15,22128.85,7.7,2.35,2317.0,0.985,0,0.0,85000,0.205,25.0,65947402.61,1.345,0.869,0.0,644,0.143,Overstock,2024,10,4,1,1.0854,0.0854,0.3052,0.0,0.2047,2.29,9.22,0.1435,0.0787,-4726.87,0.0,0.0,0.0,Cluster 0 — Balanced Operational Flow
REC-2024-11-WH-19,2024-11,WH-19,Depot West-4 — Chakan Industrial DC,West,Pune,Regional DC,64552.71,64810.24,17659.51,10136.57,28426.5,8.5,2.81,2214.0,0.973,0,0.0,85000,0.208,25.0,68260035.33,1.368,0.924,0.3,644,0.135,Balanced,2024,11,4,1,0.996,-0.004,0.3306,0.0,0.2078,1.742,8.21,0.128,-0.004,-10766.99,0.0,0.0,0.368,Cluster 0 — Balanced Operational Flow
REC-2024-12-WH-19,2024-12,WH-19,Depot West-4 — Chakan Industrial DC,West,Pune,Regional DC,46457.89,48742.66,19944.28,7129.54,21686.35,9.4,2.69,1730.0,0.981,0,0.0,85000,0.235,25.0,83824501.83,1.145,0.92,2.4,644,0.181,Balanced,2024,12,4,1,0.9531,-0.0469,0.2862,0.0,0.2346,2.797,12.88,0.1971,-0.0492,-1742.07,0.0,0.0,2.976,Cluster 0 — Balanced Operational Flow
REC-2023-01-WH-20,2023-01,WH-20,Hub West-5 — Ahmedabad Sanand Park,West,Ahmedabad,Mega Hub,67244.73,68203.57,93518.32,10172.82,48278.17,17.0,2.66,2600.0,0.985,0,29980.92,175000,0.534,8.63,55634293.4,0.985,0.925,0.5,1121,0.096,Overstock,2023,1,1,0,0.9859,-0.0141,0.1565,0.0,0.5344,9.193,41.72,0.1109,-0.0143,45240.15,0.1713,0.0,0.612,Cluster 0 — Balanced Operational Flow
REC-2023-02-WH-20,2023-02,WH-20,Hub West-5 — Ahmedabad Sanand Park,West,Ahmedabad,Mega Hub,60960.8,62059.0,94616.52,8853.56,45023.63,17.8,2.58,1789.0,0.955,0,36312.55,175000,0.541,7.73,25530877.92,0.875,0.989,0.2,1121,0.074,Overstock,2023,2,1,0,0.9823,-0.0177,0.1449,0.0,0.5407,10.687,46.56,0.0829,-0.018,49592.89,0.2075,0.0,0.207,Cluster 0 — Balanced Operational Flow
REC-2023-03-WH-20,2023-03,WH-20,Hub West-5 — Ahmedabad Sanand Park,West,Ahmedabad,Mega Hub,72148.55,66744.41,89212.38,10390.17,53198.31,17.8,2.49,1961.0,0.973,0,20428.82,175000,0.51,9.7,131813259.94,1.038,0.948,0.1,1121,0.054,Overstock,2023,3,1,0,1.081,0.081,0.1399,0.0,0.5098,8.586,37.1,0.1591,0.0749,36014.07,0.1167,0.0,0.116,Cluster 0 — Balanced Operational Flow
REC-2023-04-WH-20,2023-04,WH-20,Hub West-5 — Ahmedabad Sanand Park,West,Ahmedabad,Mega Hub,85142.28,81488.52,85558.62,16192.77,66426.72,17.7,3.4,2409.0,0.993,0,0.0,175000,0.489,11.94,142223147.8025,1.122,0.911,0.7,1121,0.106,Overstock,2023,4,2,0,1.0448,0.0448,0.1921,0.0,0.4889,5.284,30.15,0.1401,0.0429,19131.9,0.0,0.0,0.887,Cluster 0 — Balanced Operational Flow
REC-2023-05-WH-20,2023-05,WH-20,Hub West-5 — Ahmedabad Sanand Park,West,Ahmedabad,Mega Hub,85985.02,88451.99,88025.59,13642.9,60934.66,16.5,2.75,3048.0,0.973,0,6626.58,175000,0.503,11.72,142223147.8025,1.188,0.99,0.2,1121,-0.021,Overstock,2023,5,2,0,0.9721,-0.0279,0.1667,0.0,0.503,6.452,30.71,0.1387,-0.0287,27090.93,0.0379,0.0,0.206,Cluster 0 — Balanced Operational Flow
REC-2023-06-WH-20,2023-06,WH-20,Hub West-5 — Ahmedabad Sanand Park,West,Ahmedabad,Mega Hub,78829.04,74693.35,83889.9,12273.61,62198.67,19.0,2.71,2904.0,0.965,0,3280.82,175000,0.479,11.28,18121445.67,1.002,0.945,0.3,1121,0.048,Overstock,2023,6,2,0,1.0554,0.0554,0.1426,0.0,0.4794,6.835,31.93,0.054,0.0525,21691.23,0.0187,0.0,0.35,Cluster 0 — Balanced Operational Flow
REC-2023-07-WH-20,2023-07,WH-20,Hub West-5 — Ahmedabad Sanand Park,West,Ahmedabad,Mega Hub,71198.48,73236.98,85928.4,13455.5,56411.92,18.1,3.39,1902.0,0.985,0,9333.23,175000,0.491,9.94,142223147.8025,0.897,0.931,1.3,1121,0.103,Overstock,2023,7,3,0,0.9722,-0.0278,0.1873,0.0,0.491,6.386,36.21,0.1675,-0.0286,29516.48,0.0533,0.0,1.569,Cluster 0 — Balanced Operational Flow
REC-2023-08-WH-20,2023-08,WH-20,Hub West-5 — Ahmedabad Sanand Park,West,Ahmedabad,Mega Hub,74184.24,71508.53,83252.69,14314.76,59567.15,18.3,3.37,2918.0,0.976,0,2213.4,175000,0.476,10.69,107778301.01,0.908,0.967,0.5,1121,0.116,Balanced,2023,8,3,0,1.0374,0.0374,0.1842,0.0,0.4757,5.816,33.67,0.1399,0.0361,23685.54,0.0126,0.0,0.55,Cluster 0 — Balanced Operational Flow
REC-2023-09-WH-20,2023-09,WH-20,Hub West-5 — Ahmedabad Sanand Park,West,Ahmedabad,Mega Hub,92695.39,91973.65,82530.95,16953.91,76587.94,19.3,3.25,3206.0,0.968,0,0.0,175000,0.472,13.48,109085429.39,1.081,0.817,3.7,1121,0.252,Overstock,2023,9,3,0,1.0078,0.0078,0.1684,0.0,0.4716,4.868,26.71,0.1127,0.0078,5943.01,0.0,0.0,5.731,Cluster 0 — Balanced Operational Flow
REC-2023-10-WH-20,2023-10,WH-20,Hub West-5 — Ahmedabad Sanand Park,West,Ahmedabad,Mega Hub,96628.29,96974.19,82876.85,14109.63,71120.32,17.7,2.59,3570.0,0.95,0,0.0,175000,0.474,13.99,142223147.8025,1.282,0.876,1.0,1121,0.153,Overstock,2023,10,4,1,0.9964,-0.0036,0.1463,0.0,0.4736,5.874,25.73,0.1234,-0.0036,11756.53,0.0,0.0,1.372,Cluster 0 — Balanced Operational Flow
REC-2023-11-WH-20,2023-11,WH-20,Hub West-5 — Ahmedabad Sanand Park,West,Ahmedabad,Mega Hub,103387.56,98813.6,78302.89,20553.16,83274.95,18.2,3.53,4127.0,0.984,0,0.0,175000,0.447,15.84,142223147.8025,1.406,0.925,0.5,1121,0.073,Overstock,2023,11,4,1,1.0463,0.0463,0.194,0.0,0.4474,3.81,22.72,0.1153,0.0442,-4972.06,0.0,0.0,0.612,Cluster 0 — Balanced Operational Flow
REC-2023-12-WH-20,2023-12,WH-20,Hub West-5 — Ahmedabad Sanand Park,West,Ahmedabad,Mega Hub,93104.52,89381.18,74579.55,17435.39,69884.27,16.9,3.28,3372.0,0.97,0,0.0,175000,0.426,14.98,142223147.8025,1.146,0.92,0.2,1121,0.139,Overstock,2023,12,4,1,1.0417,0.0417,0.1941,0.0,0.4262,4.277,24.03,0.1281,0.04,4695.28,0.0,0.0,0.248,Cluster 0 — Balanced Operational Flow
REC-2024-01-WH-20,2024-01,WH-20,Hub West-5 — Ahmedabad Sanand Park,West,Ahmedabad,Mega Hub,84524.63,82860.51,72915.43,12886.05,65573.07,18.7,2.6,2630.0,0.955,0,0.0,175000,0.417,13.91,99164223.24,0.887,0.883,1.8,1121,0.31,Overstock,2024,1,1,0,1.0201,0.0201,0.139,0.0,0.4167,5.658,25.88,0.1178,0.0197,7342.36,0.0,0.0,2.432,Cluster 0 — Balanced Operational Flow
REC-2024-02-WH-20,2024-02,WH-20,Hub West-5 — Ahmedabad Sanand Park,West,Ahmedabad,Mega Hub,70353.39,73601.82,76163.86,12370.67,50596.01,16.3,3.07,2699.0,0.984,0,7011.85,175000,0.435,11.08,91609407.63,0.892,0.912,2.1,1121,0.165,Overstock,2024,2,1,0,0.9559,-0.0441,0.1883,0.0,0.4352,6.157,32.48,0.136,-0.0462,25567.85,0.0401,0.0,2.654,Cluster 0 — Balanced Operational Flow
REC-2024-03-WH-20,2024-03,WH-20,Hub West-5 — Ahmedabad Sanand Park,West,Ahmedabad,Mega Hub,59723.54,56408.77,72849.09,9467.71,48088.93,19.4,2.67,1899.0,0.963,0,10558.6,175000,0.416,9.84,37656384.64,1.086,0.897,0.3,1121,0.164,Overstock,2024,3,1,0,1.0588,0.0588,0.1376,0.0,0.4163,7.694,36.59,0.1027,0.0555,24760.16,0.0603,0.0,0.393,Cluster 0 — Balanced Operational Flow
REC-2024-04-WH-20,2024-04,WH-20,Hub West-5 — Ahmedabad Sanand Park,West,Ahmedabad,Mega Hub,94492.8,96020.19,74376.48,16676.88,72427.63,17.7,3.12,2739.0,0.966,0,0.0,175000,0.425,15.25,56762635.36,1.091,0.882,0.3,1121,0.187,Overstock,2024,4,2,0,0.9841,-0.0159,0.1763,0.0,0.425,4.46,23.61,0.0797,-0.0162,1948.85,0.0,0.0,0.406,Cluster 0 — Balanced Operational Flow
REC-2024-05-WH-20,2024-05,WH-20,Hub West-5 — Ahmedabad Sanand Park,West,Ahmedabad,Mega Hub,93633.96,100718.03,81460.55,16152.0,65153.77,15.7,3.0,2799.0,0.963,0,0.0,175000,0.465,13.79,127564272.86,1.143,0.956,0.5,1121,0.197,Overstock,2024,5,2,0,0.9297,-0.0703,0.1911,0.0,0.4655,5.043,26.1,0.1206,-0.0757,16306.78,0.0,0.0,0.566,Cluster 0 — Balanced Operational Flow
REC-2024-06-WH-20,2024-06,WH-20,Hub West-5 — Ahmedabad Sanand Park,West,Ahmedabad,Mega Hub,83179.91,78677.72,76958.36,14859.61,66708.42,18.7,3.08,2890.0,0.968,0,0.0,175000,0.44,12.97,142223147.8025,1.04,0.99,4.5,1121,0.152,Overstock,2024,6,2,0,1.0572,0.0572,0.1647,0.0,0.4398,5.179,27.76,0.1434,0.0541,10249.94,0.0,0.0,4.635,Cluster 0 — Balanced Operational Flow
REC-2024-07-WH-20,2024-07,WH-20,Hub West-5 — Ahmedabad Sanand Park,West,Ahmedabad,Mega Hub,76393.69,73274.25,73838.92,13355.3,58682.22,17.8,3.04,2147.0,0.952,0,0.0,175000,0.422,12.42,88821594.97,0.904,0.947,0.5,1121,0.246,Overstock,2024,7,3,0,1.0426,0.0426,0.1708,0.0,0.4219,5.529,29.0,0.1234,0.0408,15156.7,0.0,0.0,0.58,Cluster 0 — Balanced Operational Flow
REC-2024-08-WH-20,2024-08,WH-20,Hub West-5 — Ahmedabad Sanand Park,West,Ahmedabad,Mega Hub,79045.28,81739.54,76533.18,13432.26,63757.75,19.1,2.98,3301.0,0.963,0,0.0,175000,0.437,12.39,142223147.8025,0.971,0.888,0.7,1121,0.078,Overstock,2024,8,3,0,0.967,-0.033,0.156,0.0,0.4373,5.698,29.05,0.1509,-0.0341,12775.43,0.0,0.0,0.935,Cluster 0 — Balanced Operational Flow
REC-2024-09-WH-20,2024-09,WH-20,Hub West-5 — Ahmedabad Sanand Park,West,Ahmedabad,Mega Hub,109111.45,101622.16,69043.89,21538.28,88096.26,18.3,3.49,4324.875,0.993,0,0.0,175000,0.395,18.96,142223147.8025,1.106,0.971,0.8,1121,0.211,Overstock,2024,9,3,0,1.0737,0.0737,0.1907,0.0,0.3945,3.206,18.98,0.1093,0.0686,-19052.37,0.0,0.0,0.87,Cluster 0 — Balanced Operational Flow
REC-2024-10-WH-20,2024-10,WH-20,Hub West-5 — Ahmedabad Sanand Park,West,Ahmedabad,Mega Hub,105451.75,113096.12,76688.26,20045.23,88940.37,19.6,3.37,3943.0,0.992,0,0.0,175000,0.438,16.5,142223147.8025,1.332,0.941,3.2,1121,0.112,Overstock,2024,10,4,1,0.9324,-0.0676,0.1719,0.0,0.4382,3.826,21.82,0.1131,-0.0725,-12252.11,0.0,0.0,3.766,Cluster 0 — Balanced Operational Flow
REC-2024-11-WH-20,2024-11,WH-20,Hub West-5 — Ahmedabad Sanand Park,West,Ahmedabad,Mega Hub,113580.39,119857.65,82965.52,22256.16,89268.59,17.7,3.46,4105.0,0.964,0,0.0,175000,0.474,16.43,142223147.8025,1.375,0.919,0.8,1121,0.148,Overstock,2024,11,4,1,0.9476,-0.0524,0.1955,0.0,0.4741,3.728,21.91,0.105,-0.0553,-6303.07,0.0,0.0,0.994,Cluster 0 — Balanced Operational Flow
REC-2024-12-WH-20,2024-12,WH-20,Hub West-5 — Ahmedabad Sanand Park,West,Ahmedabad,Mega Hub,89876.49,88569.96,81658.99,13716.33,67642.22,18.0,2.64,2514.0,0.962,0,0.0,175000,0.467,13.21,142223147.8025,1.12,0.917,1.6,1121,0.134,Overstock,2024,12,4,1,1.0148,0.0148,0.1467,0.0,0.4666,5.953,27.26,0.1327,0.0145,14016.77,0.0,0.0,1.998,Cluster 0 — Balanced Operational Flow
REC-2023-01-WH-21,2023-01,WH-21,Depot West-6 — Surat Textile DC,West,Surat,Regional DC,41035.2,38672.0,45387.99,5907.0,21773.94,11.6,2.51,1453.0,0.967,0,14753.55,92000,0.493,10.85,22699373.81,0.934,0.88,1.4,400,0.16,Overstock,2023,1,1,0,1.0611,0.0611,0.2164,0.0,0.4933,7.684,33.18,0.1161,0.0576,23614.05,0.1604,0.0,1.904,Cluster 0 — Balanced Operational Flow
REC-2023-02-WH-21,2023-02,WH-21,Depot West-6 — Surat Textile DC,West,Surat,Regional DC,36918.58,38350.77,46820.18,4203.83,20324.94,13.1,1.95,1324.0,0.961,0,20189.5,92000,0.509,9.46,19746093.2,0.855,0.925,0.6,400,0.125,Overstock,2023,2,1,0,0.9627,-0.0373,0.1489,0.0,0.5089,11.138,38.05,0.1204,-0.0388,26495.24,0.2195,0.0,0.735,Cluster 0 — Balanced Operational Flow
REC-2023-03-WH-21,2023-03,WH-21,Depot West-6 — Surat Textile DC,West,Surat,Regional DC,44837.09,44350.1,46333.19,6463.99,26192.31,13.2,2.47,1539.0,0.976,0,10444.9,92000,0.504,11.61,99298610.21,1.018,0.797,1.8,400,0.168,Overstock,2023,3,1,0,1.011,0.011,0.1871,0.0,0.5036,7.168,31.0,0.2222,0.0109,20140.88,0.1135,0.0,2.896,Cluster 0 — Balanced Operational Flow
REC-2023-04-WH-21,2023-04,WH-21,Depot West-6 — Surat Textile DC,West,Surat,Regional DC,46704.48,47557.59,47186.3,5057.36,24206.2,12.3,1.79,1758.0,0.959,0,15394.06,92000,0.513,11.88,39214494.77,1.089,0.855,1.1,400,0.117,Overstock,2023,4,2,0,0.9821,-0.0179,0.1455,0.0,0.5129,9.33,30.31,0.1341,-0.0183,22980.1,0.1673,0.0,1.579,Cluster 0 — Balanced Operational Flow
REC-2023-05-WH-21,2023-05,WH-21,Depot West-6 — Surat Textile DC,West,Surat,Regional DC,50715.44,48154.26,44625.12,7064.1,28702.69,12.8,2.46,2057.0,0.971,0,5326.28,92000,0.485,13.64,39312154.54,1.174,0.946,3.4,400,0.074,Overstock,2023,5,2,0,1.0532,0.0532,0.1922,0.0,0.4851,6.317,26.4,0.1236,0.0505,15922.43,0.0579,0.0,3.951,Cluster 0 — Balanced Operational Flow
REC-2023-06-WH-21,2023-06,WH-21,Depot West-6 — Surat Textile DC,West,Surat,Regional DC,39259.92,38598.02,43963.22,4997.68,20309.05,11.7,2.2,1340.0,0.968,0,16157.65,92000,0.478,10.72,24493137.64,0.97,0.905,1.9,400,0.076,Overstock,2023,6,2,0,1.0171,0.0171,0.188,0.0,0.4779,8.797,33.59,0.1261,0.0169,23654.17,0.1756,0.0,2.441,Cluster 0 — Balanced Operational Flow
REC-2023-07-WH-21,2023-07,WH-21,Depot West-6 — Surat Textile DC,West,Surat,Regional DC,35283.84,35010.3,43689.68,3987.37,19159.42,12.9,1.94,979.0,0.978,0,18549.21,92000,0.475,9.69,9647333.16,0.939,0.847,0.1,400,0.086,Overstock,2023,7,3,0,1.0078,0.0078,0.1504,0.0,0.4749,10.957,37.15,0.088,0.0078,24530.26,0.2016,0.0,0.146,Cluster 0 — Balanced Operational Flow
REC-2023-08-WH-21,2023-08,WH-21,Depot West-6 — Surat Textile DC,West,Surat,Regional DC,41140.78,40534.27,43083.17,4779.62,23567.24,13.7,2.06,1605.0,0.984,0,12346.5,92000,0.468,11.46,69477933.68,1.023,0.847,1.0,400,0.141,Overstock,2023,8,3,0,1.015,0.015,0.1504,0.0,0.4683,9.014,31.42,0.2026,0.0147,19515.93,0.1342,0.0,1.459,Cluster 0 — Balanced Operational Flow
REC-2023-09-WH-21,2023-09,WH-21,Depot West-6 — Surat Textile DC,West,Surat,Regional DC,45336.14,48665.95,46412.98,4617.73,23054.43,12.2,1.78,1236.0,0.974,0,16431.96,92000,0.504,11.72,17315488.58,1.062,0.907,0.3,400,0.209,Overstock,2023,9,3,0,0.9316,-0.0684,0.1459,0.0,0.5045,10.051,30.71,0.0918,-0.0734,23358.55,0.1786,0.0,0.384,Cluster 0 — Balanced Operational Flow
REC-2023-10-WH-21,2023-10,WH-21,Depot West-6 — Surat Textile DC,West,Surat,Regional DC,52851.77,55703.57,49264.78,7211.98,26414.79,10.9,2.42,1425.0,0.953,0,12032.02,92000,0.535,12.87,70476313.56,1.324,0.833,0.1,400,0.095,Overstock,2023,10,4,1,0.9488,-0.0512,0.222,0.0,0.5355,6.831,27.96,0.1588,-0.054,22849.99,0.1308,0.0,0.15,Cluster 0 — Balanced Operational Flow
REC-2023-11-WH-21,2023-11,WH-21,Depot West-6 — Surat Textile DC,West,Surat,Regional DC,67184.45,72071.58,54151.91,8886.11,38447.27,13.2,2.36,2026.0,0.956,0,2375.48,92000,0.589,14.89,108358413.88,1.396,0.866,0.2,400,0.162,Overstock,2023,11,4,1,0.9322,-0.0678,0.1788,0.0,0.5886,6.094,24.18,0.1549,-0.0727,15704.64,0.0258,0.0,0.28,Cluster 0 — Balanced Operational Flow
REC-2023-12-WH-21,2023-12,WH-21,Depot West-6 — Surat Textile DC,West,Surat,Regional DC,50766.6,50534.03,53919.34,6916.13,30776.43,14.1,2.32,1904.0,0.992,0,12768.71,92000,0.586,11.3,79143458.68,1.134,0.883,0.6,400,0.146,Overstock,2023,12,4,1,1.0046,0.0046,0.1645,0.0,0.5861,7.796,31.86,0.1752,0.0046,23142.91,0.1388,0.0,0.811,Cluster 0 — Balanced Operational Flow
REC-2024-01-WH-21,2024-01,WH-21,Depot West-6 — Surat Textile DC,West,Surat,Regional DC,46387.43,43313.32,50845.23,6080.09,25562.81,12.6,2.29,2051.0,0.997,0,16162.29,92000,0.553,10.95,33263930.38,0.993,0.845,2.7,400,0.184,Overstock,2024,1,1,0,1.071,0.071,0.1817,0.0,0.5527,8.363,32.88,0.1243,0.0663,25282.42,0.1757,0.0,3.956,Cluster 0 — Balanced Operational Flow
REC-2024-02-WH-21,2024-02,WH-21,Depot West-6 — Surat Textile DC,West,Surat,Regional DC,45121.51,42094.97,47818.69,4895.99,27757.56,15.2,1.86,1428.0,0.969,0,12717.15,92000,0.52,11.32,31697508.63,0.954,0.79,2.0,400,0.147,Overstock,2024,2,1,0,1.0719,0.0719,0.1224,0.0,0.5198,9.767,31.79,0.1248,0.0671,20061.13,0.1382,0.0,3.26,Cluster 0 — Balanced Operational Flow
REC-2024-03-WH-21,2024-03,WH-21,Depot West-6 — Surat Textile DC,West,Surat,Regional DC,46381.08,46186.71,47624.32,5967.34,22355.32,10.6,2.27,1307.0,0.97,0,16317.99,92000,0.518,11.69,64799078.02,1.008,0.921,1.4,400,0.144,Overstock,2024,3,1,0,1.0042,0.0042,0.2142,0.0,0.5177,7.981,30.8,0.1736,0.0042,25269.0,0.1774,0.0,1.732,Cluster 0 — Balanced Operational Flow
REC-2024-04-WH-21,2024-04,WH-21,Depot West-6 — Surat Textile DC,West,Surat,Regional DC,51899.82,50832.92,46557.42,6867.03,28664.95,12.6,2.26,1509.0,0.96,0,7591.92,92000,0.506,13.38,78829337.98,1.09,0.923,1.9,400,0.12,Overstock,2024,4,2,0,1.021,0.021,0.1794,0.0,0.5061,6.78,26.91,0.1711,0.0206,17892.47,0.0825,0.0,2.339,Cluster 0 — Balanced Operational Flow
REC-2024-05-WH-21,2024-05,WH-21,Depot West-6 — Surat Textile DC,West,Surat,Regional DC,50020.01,50476.72,47014.13,5528.76,28537.96,13.8,1.85,1850.0,0.991,0,10183.03,92000,0.511,12.77,117197762.73,1.138,0.864,1.5,400,0.168,Overstock,2024,5,2,0,0.991,-0.009,0.1341,0.0,0.511,8.504,28.2,0.2164,-0.0091,18476.17,0.1107,0.0,2.112,Cluster 0 — Balanced Operational Flow
REC-2024-06-WH-21,2024-06,WH-21,Depot West-6 — Surat Textile DC,West,Surat,Regional DC,46751.71,46363.7,46626.12,5488.61,26682.72,13.6,1.98,1384.0,0.995,0,11710.48,92000,0.507,12.03,73652273.18,0.993,0.87,0.9,400,0.106,Overstock,2024,6,2,0,1.0084,0.0084,0.1456,0.0,0.5068,8.495,29.92,0.1836,0.0083,19943.4,0.1273,0.0,1.251,Cluster 0 — Balanced Operational Flow
REC-2024-07-WH-21,2024-07,WH-21,Depot West-6 — Surat Textile DC,West,Surat,Regional DC,50683.72,48714.57,44656.97,6446.54,29085.27,13.4,2.18,1660.0,0.977,0,5901.89,92000,0.485,13.62,10349574.79,0.954,0.9,1.8,400,0.224,Overstock,2024,7,3,0,1.0404,0.0404,0.1627,0.0,0.4854,6.927,26.43,0.0635,0.0389,15571.7,0.0642,0.0,2.34,Cluster 0 — Balanced Operational Flow
REC-2024-08-WH-21,2024-08,WH-21,Depot West-6 — Surat Textile DC,West,Surat,Regional DC,49098.72,52430.19,47988.44,7394.36,32598.37,15.4,2.58,1331.0,0.982,0,4298.53,92000,0.522,12.28,70081171.1,0.974,0.882,0.3,400,0.104,Overstock,2024,8,3,0,0.9365,-0.0635,0.1675,0.0,0.5216,6.49,29.32,0.1705,-0.0679,15390.07,0.0467,0.0,0.406,Cluster 0 — Balanced Operational Flow
REC-2024-09-WH-21,2024-09,WH-21,Depot West-6 — Surat Textile DC,West,Surat,Regional DC,56507.6,57180.52,48661.36,8384.26,34377.76,13.8,2.57,1536.0,0.983,0,1707.21,92000,0.529,13.93,82698148.47,1.118,0.885,1.0,400,0.154,Overstock,2024,9,3,0,0.9882,-0.0118,0.1862,0.0,0.5289,5.804,25.83,0.1609,-0.0119,14283.6,0.0186,0.0,1.345,Cluster 0 — Balanced Operational Flow
REC-2024-10-WH-21,2024-10,WH-21,Depot West-6 — Surat Textile DC,West,Surat,Regional DC,65111.27,68373.14,51923.23,9158.06,38675.17,13.6,2.41,2776.0,0.952,0,0.0,92000,0.564,15.05,140907447.0,1.314,0.844,0.1,400,0.192,Overstock,2024,10,4,1,0.9523,-0.0477,0.1772,0.0,0.5644,5.67,23.92,0.1823,-0.0501,13248.06,0.0,0.0,0.147,Cluster 0 — Balanced Operational Flow
REC-2024-11-WH-21,2024-11,WH-21,Depot West-6 — Surat Textile DC,West,Surat,Regional DC,53073.27,54928.21,53778.17,6262.0,31029.53,14.0,2.01,1455.0,0.969,0,13355.64,92000,0.585,11.84,105406888.55,1.378,0.833,0.1,400,0.152,Overstock,2024,11,4,1,0.9662,-0.0338,0.1436,0.0,0.5845,8.588,30.4,0.1934,-0.035,22748.64,0.1452,0.0,0.15,Cluster 0 — Balanced Operational Flow
REC-2024-12-WH-21,2024-12,WH-21,Depot West-6 — Surat Textile DC,West,Surat,Regional DC,57470.9,53830.24,50137.51,8053.94,34298.98,13.7,2.42,1883.0,0.988,0,3757.62,92000,0.545,13.76,52351361.46,1.099,0.861,0.4,400,0.204,Overstock,2024,12,4,1,1.0676,0.0676,0.1766,0.0,0.545,6.225,26.17,0.1259,0.0633,15838.53,0.0408,0.0,0.567,Cluster 0 — Balanced Operational Flow
REC-2023-01-WH-22,2023-01,WH-22,Facility West-7 — Vadodara Depot,West,Vadodara,Regional DC,28132.39,34213.66,68805.67,2730.52,14639.9,12.7,1.71,991.0,0.99,0,50069.99,76000,0.905,4.91,17655231.66,0.942,0.959,0.2,320,0.159,Overstock,2023,1,1,0,0.8223,-0.1777,0.1346,0.0,0.9053,25.199,73.37,0.1494,-0.2162,54165.77,0.6588,0.0,0.225,Cluster 2 — Chronic Overstock Buffers
REC-2023-02-WH-22,2023-02,WH-22,Facility West-7 — Vadodara Depot,West,Vadodara,Regional DC,24869.13,27349.16,71285.7,2761.14,11962.72,11.1,1.85,1114.0,0.987,0,55181.27,76000,0.938,4.19,20553745.71,0.865,0.927,1.1,320,0.095,Overstock,2023,2,1,0,0.9093,-0.0907,0.1667,0.0,0.938,25.817,85.99,0.1823,-0.0997,59322.98,0.7261,0.0,1.341,Cluster 2 — Chronic Overstock Buffers
REC-2023-03-WH-22,2023-03,WH-22,Facility West-7 — Vadodara Depot,West,Vadodara,Regional DC,34520.97,40486.54,77251.27,2904.18,16942.71,12.2,1.42,1362.0,0.953,0,55952.29,76000,1.016,5.36,7986291.85,1.005,0.921,0.2,320,0.165,Overstock,2023,3,1,0,0.8527,-0.1473,0.1164,0.0,1.0165,26.6,67.13,0.0819,-0.1728,60308.56,0.7362,0.0,0.247,Cluster 2 — Chronic Overstock Buffers
REC-2023-04-WH-22,2023-04,WH-22,Facility West-7 — Vadodara Depot,West,Vadodara,Regional DC,39117.2,48230.86,86364.93,3226.22,17308.41,10.8,1.28,1195.0,0.978,0,64217.19,76000,1.136,5.44,37151677.14,1.13,0.907,0.7,320,0.227,Overstock,2023,4,2,0,0.811,-0.189,0.1185,0.0,1.1364,26.77,66.24,0.1558,-0.233,69056.52,0.845,0.0,0.895,Cluster 2 — Chronic Overstock Buffers
REC-2023-05-WH-22,2023-05,WH-22,Facility West-7 — Vadodara Depot,West,Vadodara,Regional DC,34207.47,41860.64,94018.1,3206.19,16775.15,11.9,1.56,933.0,0.993,0,72433.67,76000,1.237,4.37,12512210.25,1.139,0.88,1.8,320,0.09,Overstock,2023,5,2,0,0.8172,-0.1828,0.1311,0.0,1.2371,29.324,82.45,0.1034,-0.2237,77242.95,0.9531,0.0,2.448,Cluster 2 — Chronic Overstock Buffers
REC-2023-06-WH-22,2023-06,WH-22,Facility West-7 — Vadodara Depot,West,Vadodara,Regional DC,26900.94,32978.27,100095.43,2401.45,11278.76,9.9,1.53,940.0,0.994,0,85214.5,76000,1.317,3.23,15782652.58,0.978,0.976,0.0,320,0.099,Overstock,2023,6,2,0,0.8157,-0.1843,0.1545,0.0,1.317,41.681,111.63,0.1477,-0.2259,88816.67,1.1212,0.0,0.0,Cluster 2 — Chronic Overstock Buffers
REC-2023-07-WH-22,2023-07,WH-22,Facility West-7 — Vadodara Depot,West,Vadodara,Regional DC,31179.12,35792.06,104708.37,2760.91,14089.32,10.9,1.54,907.0,0.959,0,86477.68,76000,1.378,3.57,32756454.81,0.921,0.92,0.2,320,0.052,Overstock,2023,7,3,0,0.8711,-0.1289,0.1413,0.0,1.3777,37.925,100.75,0.1836,-0.1479,90619.05,1.1379,0.0,0.248,Cluster 2 — Chronic Overstock Buffers
REC-2023-08-WH-22,2023-08,WH-22,Facility West-7 — Vadodara Depot,West,Vadodara,Regional DC,32560.16,38773.68,110921.89,2742.04,15549.04,11.8,1.43,968.0,0.971,0,91259.79,76000,1.459,3.52,7521130.43,0.973,0.891,0.2,320,0.106,Overstock,2023,8,3,0,0.8397,-0.1603,0.1212,0.0,1.4595,40.452,102.2,0.0842,-0.1908,95372.85,1.2008,0.0,0.265,Cluster 2 — Chronic Overstock Buffers
REC-2023-09-WH-22,2023-09,WH-22,Facility West-7 — Vadodara Depot,West,Vadodara,Regional DC,35753.73,37609.15,112777.31,3730.64,14337.58,8.9,1.75,1419.0,0.992,0,92843.77,76000,1.484,3.8,33678300.55,1.067,0.866,1.0,320,0.082,Overstock,2023,9,3,0,0.9507,-0.0493,0.1966,0.0,1.4839,30.23,94.63,0.1623,-0.0519,98439.73,1.2216,0.0,1.402,Cluster 2 — Chronic Overstock Buffers
REC-2023-10-WH-22,2023-10,WH-22,Facility West-7 — Vadodara Depot,West,Vadodara,Regional DC,42947.01,50512.18,120342.48,3479.45,19513.0,11.2,1.39,1920.0,0.956,0,95610.3,76000,1.583,4.28,91420055.79,1.365,0.868,0.3,320,0.119,Overstock,2023,10,4,1,0.8502,-0.1498,0.1241,0.0,1.5835,34.587,84.06,0.2226,-0.1762,100829.48,1.258,0.0,0.419,Cluster 2 — Chronic Overstock Buffers
REC-2023-11-WH-22,2023-11,WH-22,Facility West-7 — Vadodara Depot,West,Vadodara,Regional DC,50047.77,53869.78,124164.49,4237.39,25924.76,13.0,1.4,2230.0,0.99,0,91883.64,76000,1.634,4.84,2988483.09,1.394,0.896,0.0,320,0.112,Overstock,2023,11,4,1,0.9291,-0.0709,0.1077,0.0,1.6337,29.302,74.43,0.0345,-0.0764,98239.73,1.209,0.0,0.0,Cluster 2 — Chronic Overstock Buffers
REC-2023-12-WH-22,2023-12,WH-22,Facility West-7 — Vadodara Depot,West,Vadodara,Regional DC,35994.25,40800.19,128970.43,3038.62,13596.93,8.8,1.37,969.0,0.996,0,110815.57,76000,1.697,3.35,12430580.15,1.124,0.839,0.3,320,0.134,Overstock,2023,12,4,1,0.8822,-0.1178,0.1557,0.0,1.697,42.444,107.49,0.098,-0.1335,115373.5,1.4581,0.0,0.445,Cluster 2 — Chronic Overstock Buffers
REC-2024-01-WH-22,2024-01,WH-22,Facility West-7 — Vadodara Depot,West,Vadodara,Regional DC,31873.06,40661.0,137758.37,3204.87,16591.56,12.6,1.72,867.0,0.967,0,116359.5,76000,1.813,2.78,13242733.46,0.956,0.934,0.3,320,0.235,Overstock,2024,1,1,0,0.7839,-0.2161,0.1365,0.0,1.8126,42.984,129.66,0.1142,-0.2757,121166.81,1.531,0.0,0.359,Cluster 2 — Chronic Overstock Buffers
REC-2024-02-WH-22,2024-02,WH-22,Facility West-7 — Vadodara Depot,West,Vadodara,Regional DC,28145.69,29840.37,139453.05,2771.67,13560.85,11.5,1.68,744.0,0.989,0,121734.7,76000,1.835,2.42,8965241.85,0.95,0.959,0.2,320,0.143,Overstock,2024,2,1,0,0.9432,-0.0568,0.1461,0.0,1.8349,50.314,148.64,0.1064,-0.0602,125892.2,1.6018,0.0,0.225,Cluster 2 — Chronic Overstock Buffers
REC-2024-03-WH-22,2024-03,WH-22,Facility West-7 — Vadodara Depot,West,Vadodara,Regional DC,37571.33,44550.52,146432.24,3112.56,13757.77,8.5,1.35,1200.0,0.959,0,128005.63,76000,1.927,3.08,43255627.3,1.043,0.893,0.3,320,0.214,Overstock,2024,3,1,0,0.8433,-0.1567,0.1588,0.0,1.9267,47.046,116.92,0.1751,-0.1858,132674.47,1.6843,0.0,0.396,Cluster 2 — Chronic Overstock Buffers
REC-2024-04-WH-22,2024-04,WH-22,Facility West-7 — Vadodara Depot,West,Vadodara,Regional DC,36619.72,45452.56,155265.08,3172.0,19040.55,13.0,1.42,1551.0,0.968,0,131466.53,76000,2.043,2.83,18893987.28,1.098,0.913,1.6,320,0.227,Overstock,2024,4,2,0,0.8057,-0.1943,0.1092,0.0,2.043,48.949,127.2,0.1187,-0.2412,136224.53,1.7298,0.0,2.018,Cluster 2 — Chronic Overstock Buffers
REC-2024-05-WH-22,2024-05,WH-22,Facility West-7 — Vadodara Depot,West,Vadodara,Regional DC,40676.84,50491.23,165079.47,3498.32,18548.75,11.1,1.44,1421.0,0.993,0,141283.24,76000,2.172,2.96,22804187.04,1.173,0.889,0.5,320,0.16,Overstock,2024,5,2,0,0.8056,-0.1944,0.1297,0.0,2.1721,47.188,121.75,0.1174,-0.2413,146530.72,1.859,0.0,0.666,Cluster 2 — Chronic Overstock Buffers
REC-2024-06-WH-22,2024-06,WH-22,Facility West-7 — Vadodara Depot,West,Vadodara,Regional DC,34554.92,37342.87,167867.42,2901.34,15571.48,11.0,1.47,1361.0,0.983,0,147943.93,76000,2.209,2.47,31690302.93,0.979,0.874,0.7,320,0.142,Overstock,2024,6,2,0,0.9253,-0.0747,0.1336,0.0,2.2088,57.859,145.74,0.1629,-0.0807,152295.94,1.9466,0.0,0.965,Cluster 2 — Chronic Overstock Buffers
REC-2024-07-WH-22,2024-07,WH-22,Facility West-7 — Vadodara Depot,West,Vadodara,Regional DC,36777.93,42698.58,173788.07,3168.49,18615.22,12.6,1.36,1378.0,0.995,0,150420.12,76000,2.287,2.54,57467200.05,0.872,0.859,0.3,320,0.235,Overstock,2024,7,3,0,0.8613,-0.1387,0.1079,0.0,2.2867,54.849,141.76,0.2061,-0.161,155172.85,1.9792,0.0,0.427,Cluster 2 — Chronic Overstock Buffers
REC-2024-08-WH-22,2024-08,WH-22,Facility West-7 — Vadodara Depot,West,Vadodara,Regional DC,35076.13,39569.45,178281.39,3536.81,16982.66,11.5,1.77,1547.0,0.966,0,154716.24875000003,76000,2.346,2.36,32766720.78,0.943,0.82,1.5,320,0.177,Overstock,2024,8,3,0,0.8864,-0.1136,0.1539,0.0,2.3458,50.407,152.48,0.1632,-0.1281,161298.73,2.0357,0.0,2.31,Cluster 2 — Chronic Overstock Buffers
REC-2024-09-WH-22,2024-09,WH-22,Facility West-7 — Vadodara Depot,West,Vadodara,Regional DC,43928.29,46970.18,181323.28,3785.04,20331.36,11.3,1.33,1829.0,0.993,0,154716.24875000003,76000,2.386,2.91,18294284.33,1.103,0.975,1.0,320,0.182,Overstock,2024,9,3,0,0.9352,-0.0648,0.1177,0.0,2.3858,47.905,123.83,0.0974,-0.0692,160991.92,2.0357,0.0,1.075,Cluster 2 — Chronic Overstock Buffers
REC-2024-10-WH-22,2024-10,WH-22,Facility West-7 — Vadodara Depot,West,Vadodara,Regional DC,47286.83,55613.42,189649.87,4310.43,15974.51,7.4,1.52,1900.0,0.996,0,154716.24875000003,76000,2.495,2.99,9455877.23,1.362,0.859,0.4,320,0.169,Overstock,2024,10,4,1,0.8503,-0.1497,0.2054,0.0,2.4954,43.998,120.32,0.065,-0.1761,173675.36,2.0357,0.0,0.569,Cluster 2 — Chronic Overstock Buffers
REC-2024-11-WH-22,2024-11,WH-22,Facility West-7 — Vadodara Depot,West,Vadodara,Regional DC,45414.21,55564.58,199800.24,4520.13,22685.81,12.0,1.75,1561.0,0.963,0,154716.24875000003,76000,2.629,2.73,9104317.42,1.334,0.901,0.2,320,0.133,Overstock,2024,11,4,1,0.8173,-0.1827,0.1458,0.0,2.629,44.202,131.99,0.0664,-0.2235,177114.43,2.0357,0.0,0.259,Cluster 2 — Chronic Overstock Buffers
REC-2024-12-WH-22,2024-12,WH-22,Facility West-7 — Vadodara Depot,West,Vadodara,Regional DC,41495.36,47523.23,205828.11,4169.07,19798.99,11.3,1.69,1201.0,0.952,0,154716.24875000003,76000,2.708,2.42,27883102.7,1.167,0.89,0.7,320,0.158,Overstock,2024,12,4,1,0.8732,-0.1268,0.1496,0.0,2.7083,49.37,148.81,0.1273,-0.1453,186029.12,2.0357,0.0,0.931,Cluster 2 — Chronic Overstock Buffers
REC-2023-01-WH-23,2023-01,WH-23,Depot West-8 — Rajkot Saurashtra,West,Rajkot,Urban Depot,15545.02,17578.8,33659.61,2768.07,8623.36,11.3,3.15,690.0,0.958,0,20884.14,42000,0.801,5.54,3207066.02,0.93,0.882,3.8,160,0.099,Overstock,2023,1,1,0,0.8843,-0.1157,0.2788,0.0,0.8014,12.16,64.96,0.1152,-0.1308,25036.25,0.4972,0.0,5.145,Cluster 2 — Chronic Overstock Buffers
REC-2023-02-WH-23,2023-02,WH-23,Depot West-8 — Rajkot Saurashtra,West,Rajkot,Urban Depot,15708.07,19241.26,37192.8,2023.95,6788.73,9.1,2.31,571.0,0.973,0,27368.15,42000,0.886,5.07,928942.38,0.932,0.896,0.1,160,0.128,Overstock,2023,2,1,0,0.8164,-0.1836,0.2538,0.0,0.8855,18.376,71.03,0.0614,-0.2249,30404.07,0.6516,0.0,0.131,Cluster 2 — Chronic Overstock Buffers
REC-2023-03-WH-23,2023-03,WH-23,Depot West-8 — Rajkot Saurashtra,West,Rajkot,Urban Depot,15969.37,17135.76,38359.19,2935.16,7619.51,8.8,3.31,561.0,0.967,0,26336.94,42000,0.913,5.0,6948723.65,1.066,0.968,2.3,160,0.191,Overstock,2023,3,1,0,0.9319,-0.0681,0.3761,0.0,0.9133,13.069,72.06,0.1651,-0.073,30739.68,0.6271,0.0,2.521,Cluster 2 — Chronic Overstock Buffers
REC-2023-04-WH-23,2023-04,WH-23,Depot West-8 — Rajkot Saurashtra,West,Rajkot,Urban Depot,21554.95,24301.96,41106.2,3752.29,11296.52,10.5,3.14,838.0,0.957,0,24181.24,42000,0.979,6.29,13464539.63,1.092,0.826,1.5,160,0.151,Overstock,2023,4,2,0,0.887,-0.113,0.299,0.0,0.9787,10.955,57.21,0.1702,-0.1274,29809.68,0.5757,0.0,2.283,Cluster 2 — Chronic Overstock Buffers
REC-2023-05-WH-23,2023-05,WH-23,Depot West-8 — Rajkot Saurashtra,West,Rajkot,Urban Depot,20512.65,24231.0,44824.55,2677.35,9651.65,10.2,2.32,557.0,0.987,0,31156.88,42000,1.067,5.49,5257792.21,1.097,0.948,1.2,160,0.121,Overstock,2023,5,2,0,0.8465,-0.1535,0.2275,0.0,1.0673,16.742,65.56,0.1118,-0.1813,35172.9,0.7418,0.0,1.387,Cluster 2 — Chronic Overstock Buffers
REC-2023-06-WH-23,2023-06,WH-23,Depot West-8 — Rajkot Saurashtra,West,Rajkot,Urban Depot,17469.92,21783.97,49138.6,3246.17,9069.48,10.0,3.32,529.0,0.956,0,35199.86,42000,1.17,4.27,3411111.26,0.967,0.907,0.6,160,0.073,Overstock,2023,6,2,0,0.802,-0.198,0.332,0.0,1.17,15.137,84.38,0.1057,-0.2469,40069.12,0.8381,0.0,0.767,Cluster 2 — Chronic Overstock Buffers
REC-2023-07-WH-23,2023-07,WH-23,Depot West-8 — Rajkot Saurashtra,West,Rajkot,Urban Depot,16039.05,18594.11,51693.66,2220.82,8208.73,11.2,2.46,481.0,0.972,0,40153.7,42000,1.231,3.72,5291758.24,1.003,0.864,1.3,160,0.107,Overstock,2023,7,3,0,0.8626,-0.1374,0.2196,0.0,1.2308,23.277,96.69,0.1434,-0.1593,43484.93,0.956,0.0,1.83,Cluster 2 — Chronic Overstock Buffers
REC-2023-08-WH-23,2023-08,WH-23,Depot West-8 — Rajkot Saurashtra,West,Rajkot,Urban Depot,15853.81,19600.82,55440.67,2230.36,7462.12,9.9,2.49,434.0,0.99,0,44633.01,42000,1.32,3.43,6832100.18,0.904,0.927,0.5,160,0.124,Overstock,2023,8,3,0,0.8088,-0.1912,0.2515,0.0,1.32,24.857,104.91,0.1649,-0.2363,47978.55,1.0627,0.0,0.609,Cluster 2 — Chronic Overstock Buffers
REC-2023-09-WH-23,2023-09,WH-23,Depot West-8 — Rajkot Saurashtra,West,Rajkot,Urban Depot,20216.93,24613.39,59837.13,3588.65,9047.22,8.1,3.17,563.0,0.982,0,45406.94,42000,1.425,4.05,14745630.72,1.057,0.923,1.4,160,0.084,Overstock,2023,9,3,0,0.8214,-0.1786,0.3914,0.0,1.4247,16.674,88.79,0.1899,-0.2175,50789.91,1.0811,0.0,1.723,Cluster 2 — Chronic Overstock Buffers
REC-2023-10-WH-23,2023-10,WH-23,Depot West-8 — Rajkot Saurashtra,West,Rajkot,Urban Depot,25076.04,32067.42,66828.51,3768.49,10455.43,8.0,2.64,746.0,0.956,0,50720.34,42000,1.591,4.5,20662951.59,1.337,0.886,0.5,160,0.065,Overstock,2023,10,4,1,0.782,-0.218,0.33,0.0,1.5912,17.733,79.95,0.1813,-0.2788,56373.08,1.2076,0.0,0.671,Cluster 2 — Chronic Overstock Buffers
REC-2023-11-WH-23,2023-11,WH-23,Depot West-8 — Rajkot Saurashtra,West,Rajkot,Urban Depot,30187.35,31989.37,68630.53,5244.27,14300.48,9.0,3.13,867.0,0.972,0,46463.64,42000,1.634,5.28,9703423.42,1.387,0.922,0.4,160,0.15,Overstock,2023,11,4,1,0.9437,-0.0563,0.3478,0.0,1.6341,13.087,68.2,0.1032,-0.0597,54330.05,1.1063,0.0,0.494,Cluster 2 — Chronic Overstock Buffers
REC-2023-12-WH-23,2023-12,WH-23,Depot West-8 — Rajkot Saurashtra,West,Rajkot,Urban Depot,23664.69,29641.73,74607.57,4376.61,11239.37,8.7,3.29,763.0,0.986,0,56803.28,42000,1.776,3.81,6133303.23,1.173,0.94,0.4,160,0.166,Overstock,2023,12,4,1,0.7984,-0.2016,0.3782,0.0,1.7764,17.047,94.58,0.1047,-0.2526,63368.2,1.3525,0.0,0.472,Cluster 2 — Chronic Overstock Buffers
REC-2024-01-WH-23,2024-01,WH-23,Depot West-8 — Rajkot Saurashtra,West,Rajkot,Urban Depot,16177.3,18811.62,77241.89,2664.08,7085.88,8.2,2.92,655.0,0.96,0,66159.89,42000,1.839,2.51,7059521.6,0.941,0.978,2.0,160,0.152,Understock / Shortage,2024,1,1,0,0.86,-0.14,0.3561,0.0,1.8391,28.994,143.24,0.1642,-0.1628,70156.01,1.5752,0.0,2.132,Cluster 2 — Chronic Overstock Buffers
REC-2024-02-WH-23,2024-02,WH-23,Depot West-8 — Rajkot Saurashtra,West,Rajkot,Urban Depot,16493.74,17565.18,78313.33,2935.07,7828.21,8.9,3.21,501.0,0.997,0,66082.52,42000,1.865,2.53,12166885.46,0.871,0.894,1.5,160,0.054,Overstock,2024,2,1,0,0.939,-0.061,0.3607,0.0,1.8646,26.682,142.44,0.2115,-0.065,70485.12,1.5734,0.0,1.977,Cluster 2 — Chronic Overstock Buffers
REC-2024-03-WH-23,2024-03,WH-23,Depot West-8 — Rajkot Saurashtra,West,Rajkot,Urban Depot,20527.37,24810.68,82596.64,2872.55,9578.16,9.8,2.5,883.0,0.977,0,68709.66,42000,1.967,2.98,2492518.78,0.981,0.9,0.1,160,0.182,Overstock,2024,3,1,0,0.8274,-0.1726,0.2551,0.0,1.9666,28.754,120.71,0.0769,-0.2087,73018.48,1.6359,0.0,0.13,Cluster 2 — Chronic Overstock Buffers
REC-2024-04-WH-23,2024-04,WH-23,Depot West-8 — Rajkot Saurashtra,West,Rajkot,Urban Depot,22188.31,23969.17,84377.5,3569.61,9412.53,7.9,2.84,670.0,0.952,0,69610.55,42000,2.009,3.16,801532.04,1.115,0.866,1.5,160,0.188,Overstock,2024,4,2,0,0.9257,-0.0743,0.3595,0.0,2.009,23.638,114.08,0.0403,-0.0803,74964.97,1.6574,0.0,2.103,Cluster 2 — Chronic Overstock Buffers
REC-2024-05-WH-23,2024-05,WH-23,Depot West-8 — Rajkot Saurashtra,West,Rajkot,Urban Depot,24147.95,25882.91,86112.46,3726.52,9924.49,7.7,2.74,856.0,0.965,0,70598.19,42000,2.05,3.37,5980355.16,1.136,0.891,2.3,160,0.202,Overstock,2024,5,2,0,0.933,-0.067,0.3558,0.0,2.0503,23.108,106.98,0.1013,-0.0718,76187.97,1.6809,0.0,3.052,Cluster 2 — Chronic Overstock Buffers
REC-2024-06-WH-23,2024-06,WH-23,Depot West-8 — Rajkot Saurashtra,West,Rajkot,Urban Depot,20491.7,25978.6,91599.36,2991.07,10573.0,11.1,2.55,837.0,0.955,0,76539.76,42000,2.181,2.68,2100436.98,1.025,0.832,0.2,160,0.111,Overstock,2024,6,2,0,0.7888,-0.2112,0.2297,0.0,2.1809,30.624,134.1,0.0707,-0.2678,81026.36,1.8224,0.0,0.301,Cluster 2 — Chronic Overstock Buffers
REC-2024-07-WH-23,2024-07,WH-23,Depot West-8 — Rajkot Saurashtra,West,Rajkot,Urban Depot,19849.81,21804.15,93553.7,3564.19,10379.29,10.3,3.18,857.0,0.98,0,77828.12,42000,2.227,2.55,3102406.68,0.925,0.932,0.8,160,0.237,Overstock,2024,7,3,0,0.9104,-0.0896,0.3087,0.0,2.2275,26.248,141.39,0.0887,-0.0985,83174.41,1.8531,0.0,0.963,Cluster 2 — Chronic Overstock Buffers
REC-2024-08-WH-23,2024-08,WH-23,Depot West-8 — Rajkot Saurashtra,West,Rajkot,Urban Depot,19428.55,21913.39,96038.54,2982.99,9394.41,9.9,2.73,633.0,0.986,0,82169.64,42000,2.287,2.43,5223627.51,0.967,0.964,0.4,160,0.126,Overstock,2024,8,3,0,0.8866,-0.1134,0.2758,0.0,2.2866,32.195,148.29,0.1176,-0.1279,86644.13,1.9564,0.0,0.443,Cluster 2 — Chronic Overstock Buffers
REC-2024-09-WH-23,2024-09,WH-23,Depot West-8 — Rajkot Saurashtra,West,Rajkot,Urban Depot,25944.3,31122.37,101216.61,3438.99,11222.28,9.0,2.36,763.0,0.986,0,84835.84,42000,2.41,3.08,9890632.01,1.11,0.881,0.5,160,0.139,Overstock,2024,9,3,0,0.8336,-0.1664,0.2622,0.0,2.4099,29.432,117.04,0.1212,-0.1996,89994.33,2.0199,0.0,0.678,Cluster 2 — Chronic Overstock Buffers
REC-2024-10-WH-23,2024-10,WH-23,Depot West-8 — Rajkot Saurashtra,West,Rajkot,Urban Depot,32562.27,36609.76,105264.1,4841.58,14827.34,9.2,2.61,1137.0,0.972,0,83174.39,42000,2.506,3.71,26077166.94,1.343,0.93,3.9,160,0.252,Understock / Shortage,2024,10,4,1,0.8894,-0.1106,0.2837,0.0,2.5063,21.742,96.98,0.1568,-0.1243,90436.76,1.9803,0.0,4.719,Cluster 2 — Chronic Overstock Buffers
REC-2024-11-WH-23,2024-11,WH-23,Depot West-8 — Rajkot Saurashtra,West,Rajkot,Urban Depot,30882.25,38457.24,112839.09,5007.69,17154.71,11.8,2.91,1236.0,0.98,0,88172.84,42000,2.687,3.28,18645516.16,1.374,0.864,0.9,160,0.14,Overstock,2024,11,4,1,0.803,-0.197,0.2466,0.0,2.6866,22.533,109.62,0.1398,-0.2453,95684.38,2.0994,0.0,1.267,Cluster 2 — Chronic Overstock Buffers
REC-2024-12-WH-23,2024-12,WH-23,Depot West-8 — Rajkot Saurashtra,West,Rajkot,Urban Depot,25419.96,27340.24,114759.37,3648.66,12037.25,9.9,2.57,967.0,0.985,0,97249.13,42000,2.732,2.66,7964289.69,1.142,0.926,0.6,160,0.128,Overstock,2024,12,4,1,0.9298,-0.0702,0.2596,0.0,2.7324,31.452,135.44,0.111,-0.0755,102722.12,2.3155,0.0,0.733,Cluster 2 — Chronic Overstock Buffers
REC-2023-01-WH-24,2023-01,WH-24,Depot West-9 — Nashik Agri Hub,West,Nashik,Urban Depot,20996.53,13221.41,7354.24,6612.04,11791.18,7.4,5.7,664.0,0.991,0,0.0,48000,0.153,25.0,2765343.61,0.934,0.869,0.7,258,0.137,Understock / Shortage,2023,1,1,0,1.5881,0.5881,0.7703,0.0,0.1532,1.112,10.51,0.0792,0.3703,-4436.94,0.0,0.0,0.975,Cluster 1 — High-Velocity Shortage Risk
REC-2023-02-WH-24,2023-02,WH-24,Depot West-9 — Nashik Agri Hub,West,Nashik,Urban Depot,15053.9,8670.82,971.16,5516.71,8979.11,6.9,6.65,615.0,0.969,0,0.0,48000,0.02,25.0,8425401.26,0.902,0.819,2.4,258,0.098,Understock / Shortage,2023,2,1,0,1.7362,0.7362,0.9638,0.0,0.0202,0.176,1.94,0.1928,0.424,-8007.95,0.0,4545.55,3.703,Cluster 1 — High-Velocity Shortage Risk
REC-2023-03-WH-24,2023-03,WH-24,Depot West-9 — Nashik Agri Hub,West,Nashik,Urban Depot,17723.05,11777.08,36.9,6977.61,10876.68,6.6,7.14,499.0,0.719,7,0.0,48000,0.001,25.0,5908098.07,1.03,0.814,0.1,258,0.199,Understock / Shortage,2023,3,1,0,1.5049,0.5049,1.0818,16.835,0.0008,0.005,0.06,0.1371,0.3355,-10839.78,0.0,6940.71,0.156,Cluster 1 — High-Velocity Shortage Risk
REC-2023-04-WH-24,2023-04,WH-24,Depot West-9 — Nashik Agri Hub,West,Nashik,Urban Depot,20553.04,13239.98,270.61,8217.45,13835.28,8.2,7.25,890.0,0.646,8,0.0,48000,0.006,25.0,9932272.23,1.139,0.868,5.65,258,0.09,Understock / Shortage,2023,4,2,0,1.5523,0.5523,0.8841,22.16,0.0056,0.033,0.39,0.1533,0.3558,-13564.67,0.0,7946.84,7.887,Cluster 1 — High-Velocity Shortage Risk
REC-2023-05-WH-24,2023-05,WH-24,Depot West-9 — Nashik Agri Hub,West,Nashik,Urban Depot,25702.62,17167.1,126.34,7531.99,14557.37,8.2,5.29,984.0,0.678,4,0.0,48000,0.003,25.0,7374277.86,1.124,0.818,0.8,258,0.222,Balanced,2023,5,2,0,1.4972,0.4972,0.6451,10.44,0.0026,0.017,0.15,0.1057,0.3321,-14431.03,0.0,7405.65,1.237,Cluster 1 — High-Velocity Shortage Risk
REC-2023-06-WH-24,2023-06,WH-24,Depot West-9 — Nashik Agri Hub,West,Nashik,Urban Depot,23058.04,16346.76,4.13,9065.96,14676.75,7.3,7.14,705.0,0.714,10,0.0,48000,0.0,25.0,11408950.83,0.994,0.836,2.0,258,0.149,Understock / Shortage,2023,6,2,0,1.4106,0.4106,0.9781,24.3,0.0001,0.0,0.01,0.1465,0.2911,-14672.62,0.0,9061.83,2.984,Cluster 1 — High-Velocity Shortage Risk
REC-2023-07-WH-24,2023-07,WH-24,Depot West-9 — Nashik Agri Hub,West,Nashik,Urban Depot,18725.17,11747.83,216.33,7085.39,12453.27,8.6,6.87,602.0,0.628,11,0.0,48000,0.005,25.0,2480589.0,0.959,0.797,0.3,258,0.127,Understock / Shortage,2023,7,3,0,1.5939,0.5939,0.7988,31.46,0.0045,0.031,0.35,0.0841,0.3726,-12236.94,0.0,6869.06,0.483,Cluster 1 — High-Velocity Shortage Risk
REC-2023-08-WH-24,2023-08,WH-24,Depot West-9 — Nashik Agri Hub,West,Nashik,Urban Depot,21440.95,14337.32,217.58,6965.41,14040.92,9.9,5.86,726.0,0.679,11,0.0,48000,0.005,25.0,12265902.11,0.975,0.839,1.1,258,0.162,Understock / Shortage,2023,8,3,0,1.4955,0.4955,0.5919,28.655,0.0045,0.031,0.3,0.1633,0.3313,-13823.34,0.0,6747.83,1.631,Cluster 1 — High-Velocity Shortage Risk
REC-2023-09-WH-24,2023-09,WH-24,Depot West-9 — Nashik Agri Hub,West,Nashik,Urban Depot,21864.59,14593.15,108.19,6893.82,13161.67,8.6,5.7,744.0,0.677,8,0.0,48000,0.002,25.0,5335616.52,1.027,0.851,1.6,258,0.171,Understock / Shortage,2023,9,3,0,1.4983,0.4983,0.6628,20.92,0.0023,0.016,0.15,0.1056,0.3326,-13053.48,0.0,6785.63,2.315,Cluster 1 — High-Velocity Shortage Risk
REC-2023-10-WH-24,2023-10,WH-24,Depot West-9 — Nashik Agri Hub,West,Nashik,Urban Depot,29013.97,17801.03,291.85,8477.97,16021.6,7.8,5.3,1160.0,0.617,4,0.0,48000,0.006,25.0,18305825.45,1.346,0.826,0.3,258,0.205,Understock / Shortage,2023,10,4,1,1.6299,0.6299,0.6795,11.66,0.0061,0.034,0.3,0.1475,0.3865,-15729.75,0.0,8186.12,0.457,Cluster 1 — High-Velocity Shortage Risk
REC-2023-11-WH-24,2023-11,WH-24,Depot West-9 — Nashik Agri Hub,West,Nashik,Urban Depot,29212.26,19490.33,225.12,8382.45,15880.26,7.7,5.2,1032.0,0.677,7,0.0,48000,0.005,25.0,21247457.46,1.421,0.857,0.4,258,0.113,Understock / Shortage,2023,11,4,1,1.4988,0.4988,0.6753,18.305,0.0047,0.027,0.23,0.1578,0.3328,-15655.14,0.0,8157.33,0.572,Cluster 1 — High-Velocity Shortage Risk
REC-2023-12-WH-24,2023-12,WH-24,Depot West-9 — Nashik Agri Hub,West,Nashik,Urban Depot,21478.81,15628.39,342.41,7197.5,13426.35,8.7,6.05,809.0,0.738,7,0.0,48000,0.007,25.0,1421111.84,1.147,0.805,3.5,258,0.12,Understock / Shortage,2023,12,4,1,1.3743,0.3743,0.6954,16.17,0.0071,0.048,0.48,0.0555,0.2724,-13083.94,0.0,6855.09,5.547,Cluster 1 — High-Velocity Shortage Risk
REC-2024-01-WH-24,2024-01,WH-24,Depot West-9 — Nashik Agri Hub,West,Nashik,Urban Depot,15583.69,11348.55,223.98,4761.89,8605.87,7.4,5.54,461.0,0.75,4,0.0,48000,0.005,25.0,5785534.95,0.941,0.843,3.1,258,0.298,Understock / Shortage,2024,1,1,0,1.3732,0.3732,0.7486,9.0,0.0047,0.047,0.43,0.1543,0.2718,-8381.89,0.0,4537.91,4.56,Cluster 1 — High-Velocity Shortage Risk
REC-2024-02-WH-24,2024-02,WH-24,Depot West-9 — Nashik Agri Hub,West,Nashik,Urban Depot,17172.28,10021.32,171.68,6073.95,10481.5,7.7,6.42,675.0,0.597,7,0.0,48000,0.004,25.0,3888066.58,0.969,0.8,3.0,258,0.179,Understock / Shortage,2024,2,1,0,1.7136,0.7136,0.8338,21.105,0.0036,0.028,0.3,0.1148,0.4164,-10309.82,0.0,5902.27,4.8,Cluster 1 — High-Velocity Shortage Risk
REC-2024-03-WH-24,2024-03,WH-24,Depot West-9 — Nashik Agri Hub,West,Nashik,Urban Depot,26135.42,20083.15,198.17,8199.98,14385.36,7.1,5.69,694.0,0.775,11,0.0,48000,0.004,25.0,9629230.45,1.048,0.827,2.4,258,0.185,Understock / Shortage,2024,3,1,0,1.3014,0.3014,0.8014,23.375,0.0041,0.024,0.23,0.1187,0.2316,-14187.19,0.0,8001.81,3.646,Cluster 1 — High-Velocity Shortage Risk
REC-2024-04-WH-24,2024-04,WH-24,Depot West-9 — Nashik Agri Hub,West,Nashik,Urban Depot,24085.18,16092.05,323.43,8175.64,14758.92,8.2,6.15,987.0,0.676,6,0.0,48000,0.007,25.0,7509756.08,1.088,0.799,3.9,258,0.222,Understock / Shortage,2024,4,2,0,1.4967,0.4967,0.75,15.72,0.0067,0.04,0.4,0.1138,0.3319,-14435.49,0.0,7852.21,6.252,Cluster 1 — High-Velocity Shortage Risk
REC-2024-05-WH-24,2024-05,WH-24,Depot West-9 — Nashik Agri Hub,West,Nashik,Urban Depot,22915.35,15583.61,112.61,6818.2,12470.65,7.4,5.38,746.0,0.694,6,0.0,48000,0.002,25.0,9222139.53,1.128,0.883,1.7,258,0.209,Understock / Shortage,2024,5,2,0,1.4705,0.4705,0.727,15.18,0.0023,0.017,0.15,0.1325,0.3199,-12358.04,0.0,6705.59,2.297,Cluster 1 — High-Velocity Shortage Risk
REC-2024-06-WH-24,2024-06,WH-24,Depot West-9 — Nashik Agri Hub,West,Nashik,Urban Depot,21352.52,13349.78,190.53,7381.77,13360.48,8.4,6.26,780.0,0.63,9,0.0,48000,0.004,25.0,8702629.94,1.038,0.804,4.6,258,0.159,Understock / Shortage,2024,6,2,0,1.5995,0.5995,0.7452,25.65,0.004,0.026,0.27,0.1382,0.3748,-13169.95,0.0,7191.24,7.305,Cluster 1 — High-Velocity Shortage Risk
REC-2024-07-WH-24,2024-07,WH-24,Depot West-9 — Nashik Agri Hub,West,Nashik,Urban Depot,20465.58,13539.12,154.21,6588.94,11978.21,7.9,5.82,569.0,0.671,5,0.0,48000,0.003,25.0,8508326.24,0.93,0.823,5.65,258,0.166,Understock / Shortage,2024,7,3,0,1.5116,0.5116,0.7367,13.225,0.0032,0.023,0.23,0.1425,0.3384,-11824.0,0.0,6434.73,8.65,Cluster 1 — High-Velocity Shortage Risk
REC-2024-08-WH-24,2024-08,WH-24,Depot West-9 — Nashik Agri Hub,West,Nashik,Urban Depot,18864.74,12224.36,58.81,6082.3,11553.07,8.7,5.84,562.0,0.656,11,0.0,48000,0.001,25.0,347278.06,0.976,0.815,1.9,258,0.104,Understock / Shortage,2024,8,3,0,1.5432,0.5432,0.6713,29.92,0.0012,0.01,0.09,0.0312,0.352,-11494.26,0.0,6023.49,2.955,Cluster 1 — High-Velocity Shortage Risk
REC-2024-09-WH-24,2024-09,WH-24,Depot West-9 — Nashik Agri Hub,West,Nashik,Urban Depot,25097.9,18733.56,237.65,7457.08,15572.07,9.7,5.37,940.0,0.749,6,0.0,48000,0.005,25.0,15524265.65,1.113,0.864,0.7,258,0.229,Understock / Shortage,2024,9,3,0,1.3397,0.3397,0.5536,13.53,0.005,0.032,0.28,0.157,0.2536,-15334.42,0.0,7219.43,0.986,Cluster 1 — High-Velocity Shortage Risk
REC-2024-10-WH-24,2024-10,WH-24,Depot West-9 — Nashik Agri Hub,West,Nashik,Urban Depot,29663.37,19139.52,84.03,10388.65,18991.03,8.7,6.35,1315.0,0.653,6,0.0,48000,0.002,25.0,20753158.24,1.373,0.786,1.7,258,0.187,Understock / Shortage,2024,10,4,1,1.5498,0.5498,0.7299,16.41,0.0018,0.008,0.08,0.1536,0.3548,-18907.0,0.0,10304.62,2.791,Cluster 1 — High-Velocity Shortage Risk
REC-2024-11-WH-24,2024-11,WH-24,Depot West-9 — Nashik Agri Hub,West,Nashik,Urban Depot,29759.67,16213.46,407.52,11719.18,20051.89,8.4,7.15,865.0,0.548,12,0.0,48000,0.008,25.0,44306524.31,1.4,0.77,2.9,258,0.124,Understock / Shortage,2024,11,4,1,1.8355,0.8355,0.8512,39.12,0.0085,0.035,0.41,0.2237,0.4552,-19644.37,0.0,11311.66,4.901,Cluster 1 — High-Velocity Shortage Risk
REC-2024-12-WH-24,2024-12,WH-24,Depot West-9 — Nashik Agri Hub,West,Nashik,Urban Depot,29381.5,22210.61,224.54,8602.5,16339.63,7.9,5.29,1216.0,0.77,4,0.0,48000,0.005,25.0,10532848.86,1.151,0.807,2.8,258,0.28,Understock / Shortage,2024,12,4,1,1.3229,0.3229,0.6696,8.6,0.0047,0.026,0.23,0.1105,0.2441,-16115.09,0.0,8377.96,4.421,Cluster 1 — High-Velocity Shortage Risk
REC-2023-01-WH-25,2023-01,WH-25,Facility West-10 — Aurangabad Center,West,Aurangabad,Urban Depot,13877.83,9248.84,11856.6,3720.46,8068.85,9.4,4.83,409.0,0.97,0,0.0,45000,0.263,14.05,5721319.0,0.988,0.745,1.5,247,0.145,Overstock,2023,1,1,0,1.5005,0.5005,0.5138,0.0,0.2635,3.187,25.63,0.1724,0.3336,3787.75,0.0,0.0,2.648,Cluster 1 — High-Velocity Shortage Risk
REC-2023-02-WH-25,2023-02,WH-25,Facility West-10 — Aurangabad Center,West,Aurangabad,Urban Depot,13778.82,9035.1,7112.88,4332.72,8328.58,8.7,5.7,450.0,0.95,0,0.0,45000,0.158,23.25,4616872.36,0.885,0.748,0.8,247,0.11,Understock / Shortage,2023,2,1,0,1.525,0.525,0.6552,0.0,0.1581,1.642,15.49,0.1559,0.3443,-1215.7,0.0,0.0,1.405,Cluster 1 — High-Velocity Shortage Risk
REC-2023-03-WH-25,2023-03,WH-25,Facility West-10 — Aurangabad Center,West,Aurangabad,Urban Depot,14490.29,9674.04,2296.63,3885.29,8280.68,9.1,4.85,427.0,0.987,0,0.0,45000,0.051,25.0,3050667.94,1.035,0.758,0.2,247,0.152,Understock / Shortage,2023,3,1,0,1.4979,0.4979,0.533,0.0,0.051,0.591,4.75,0.1205,0.3324,-5984.05,0.0,1588.66,0.345,Cluster 1 — High-Velocity Shortage Risk
REC-2023-04-WH-25,2023-04,WH-25,Facility West-10 — Aurangabad Center,West,Aurangabad,Urban Depot,16441.56,12557.06,196.73,5448.32,10161.57,8.6,6.0,632.0,0.903,3,0.0,45000,0.004,25.0,2940851.02,1.076,0.853,3.2,247,0.066,Understock / Shortage,2023,4,2,0,1.3093,0.3093,0.6977,4.455,0.0044,0.036,0.36,0.1043,0.2363,-9964.84,0.0,5251.59,4.611,Cluster 1 — High-Velocity Shortage Risk
REC-2023-05-WH-25,2023-05,WH-25,Facility West-10 — Aurangabad Center,West,Aurangabad,Urban Depot,16659.79,9913.86,254.48,5556.61,10776.68,9.4,6.04,719.0,0.607,6,0.0,45000,0.006,25.0,4399725.54,1.17,0.824,1.3,247,0.16,Understock / Shortage,2023,5,2,0,1.6805,0.6805,0.6426,17.79,0.0057,0.046,0.46,0.1259,0.4049,-10522.2,0.0,5302.13,1.986,Cluster 1 — High-Velocity Shortage Risk
REC-2023-06-WH-25,2023-06,WH-25,Facility West-10 — Aurangabad Center,West,Aurangabad,Urban Depot,15842.37,9479.13,58.58,4529.74,8384.72,7.3,5.17,509.0,0.614,7,0.0,45000,0.001,25.0,8278997.65,1.017,0.807,0.8,247,0.143,Understock / Shortage,2023,6,2,0,1.6713,0.6713,0.7082,20.51,0.0013,0.013,0.11,0.1816,0.4017,-8326.14,0.0,4471.16,1.263,Cluster 1 — High-Velocity Shortage Risk
REC-2023-07-WH-25,2023-07,WH-25,Facility West-10 — Aurangabad Center,West,Aurangabad,Urban Depot,14371.47,9821.42,90.95,5006.46,9796.95,10.0,6.3,450.0,0.687,7,0.0,45000,0.002,25.0,5077622.5,0.922,0.83,4.0,247,0.116,Understock / Shortage,2023,7,3,0,1.4633,0.4633,0.63,17.955,0.002,0.018,0.19,0.1568,0.3166,-9706.0,0.0,4915.51,6.04,Cluster 1 — High-Velocity Shortage Risk
REC-2023-08-WH-25,2023-08,WH-25,Facility West-10 — Aurangabad Center,West,Aurangabad,Urban Depot,13838.04,8202.4,194.96,4217.99,7908.13,8.0,5.52,547.0,0.599,10,0.0,45000,0.004,25.0,3224866.79,0.965,0.798,1.4,247,0.188,Understock / Shortage,2023,8,3,0,1.6871,0.6871,0.69,30.05,0.0043,0.046,0.42,0.1298,0.4073,-7713.17,0.0,4023.03,2.248,Cluster 1 — High-Velocity Shortage Risk
REC-2023-09-WH-25,2023-09,WH-25,Facility West-10 — Aurangabad Center,West,Aurangabad,Urban Depot,17816.69,10552.88,194.16,5217.85,10265.91,8.5,5.3,508.0,0.603,5,0.0,45000,0.004,25.0,5535242.62,1.073,0.728,1.0,247,0.246,Understock / Shortage,2023,9,3,0,1.6883,0.6883,0.6235,14.925,0.0043,0.037,0.33,0.1321,0.4077,-10071.75,0.0,5023.69,1.816,Cluster 1 — High-Velocity Shortage Risk
REC-2023-10-WH-25,2023-10,WH-25,Facility West-10 — Aurangabad Center,West,Aurangabad,Urban Depot,20488.58,11674.87,264.97,5678.48,12508.01,10.0,5.02,756.0,0.579,7,0.0,45000,0.006,25.0,9502654.07,1.362,0.673,1.6,247,0.106,Understock / Shortage,2023,10,4,1,1.7549,0.7549,0.502,21.735,0.0059,0.047,0.39,0.1505,0.4302,-12243.04,0.0,5413.51,3.17,Cluster 1 — High-Velocity Shortage Risk
REC-2023-11-WH-25,2023-11,WH-25,Facility West-10 — Aurangabad Center,West,Aurangabad,Urban Depot,20971.13,12208.76,162.85,6806.67,13866.95,10.1,5.85,693.0,0.595,7,0.0,45000,0.004,25.0,10937621.93,1.4,0.79,0.6,247,0.069,Understock / Shortage,2023,11,4,1,1.7177,0.7177,0.5792,21.175,0.0036,0.024,0.23,0.1577,0.4178,-13704.1,0.0,6643.82,0.978,Cluster 1 — High-Velocity Shortage Risk
REC-2023-12-WH-25,2023-12,WH-25,Facility West-10 — Aurangabad Center,West,Aurangabad,Urban Depot,20522.42,12480.28,300.21,7707.75,13590.84,8.6,6.81,609.0,0.616,8,0.0,45000,0.007,25.0,5876332.22,1.141,0.737,2.0,247,0.091,Understock / Shortage,2023,12,4,1,1.6444,0.6444,0.7919,23.36,0.0067,0.039,0.44,0.1181,0.3919,-13290.63,0.0,7407.54,3.578,Cluster 1 — High-Velocity Shortage Risk
REC-2024-01-WH-25,2024-01,WH-25,Facility West-10 — Aurangabad Center,West,Aurangabad,Urban Depot,16872.58,12975.92,18.04,5018.3,10811.22,10.3,5.36,615.0,0.787,9,0.0,45000,0.0,25.0,3557505.17,1.018,0.826,0.8,247,0.225,Understock / Shortage,2024,1,1,0,1.3003,0.3003,0.5204,18.585,0.0004,0.004,0.03,0.1118,0.2309,-10793.18,0.0,5000.26,1.218,Cluster 1 — High-Velocity Shortage Risk
REC-2024-02-WH-25,2024-02,WH-25,Facility West-10 — Aurangabad Center,West,Aurangabad,Urban Depot,13733.66,8207.06,9.85,5056.6,9954.94,10.7,6.65,376.0,0.599,11,0.0,45000,0.0,25.0,3280841.59,0.902,0.781,0.0,247,0.118,Understock / Shortage,2024,2,1,0,1.6734,0.6734,0.6215,33.055,0.0002,0.002,0.02,0.1319,0.4024,-9945.09,0.0,5046.75,0.0,Cluster 1 — High-Velocity Shortage Risk
REC-2024-03-WH-25,2024-03,WH-25,Facility West-10 — Aurangabad Center,West,Aurangabad,Urban Depot,14325.5,9908.24,184.31,5180.06,10146.23,10.4,6.54,387.0,0.692,8,0.0,45000,0.004,25.0,9461780.97,0.997,0.809,1.2,247,0.08,Understock / Shortage,2024,3,1,0,1.4458,0.4458,0.6288,20.32,0.0041,0.036,0.39,0.2147,0.3083,-9961.92,0.0,4995.75,1.888,Cluster 1 — High-Velocity Shortage Risk
REC-2024-04-WH-25,2024-04,WH-25,Facility West-10 — Aurangabad Center,West,Aurangabad,Urban Depot,20290.98,10972.62,100.2,7024.2,14396.59,10.9,6.28,610.0,0.55,8,0.0,45000,0.002,25.0,2259376.89,1.136,0.73,2.1,247,0.167,Understock / Shortage,2024,4,2,0,1.8492,0.8492,0.5761,26.0,0.0022,0.014,0.15,0.0741,0.4592,-14296.39,0.0,6924.0,3.801,Cluster 1 — High-Velocity Shortage Risk
REC-2024-05-WH-25,2024-05,WH-25,Facility West-10 — Aurangabad Center,West,Aurangabad,Urban Depot,17303.98,11221.36,231.7,4745.24,8898.2,7.2,4.96,492.0,0.654,11,0.0,45000,0.005,25.0,7992799.49,1.162,0.802,0.3,247,0.098,Understock / Shortage,2024,5,2,0,1.5421,0.5421,0.6889,30.03,0.0051,0.049,0.4,0.1634,0.3515,-8666.5,0.0,4513.54,0.478,Cluster 1 — High-Velocity Shortage Risk
REC-2024-06-WH-25,2024-06,WH-25,Facility West-10 — Aurangabad Center,West,Aurangabad,Urban Depot,16428.52,11363.29,79.52,4623.79,10154.73,10.1,5.1,593.0,0.706,9,0.0,45000,0.002,25.0,8542775.67,0.952,0.751,1.5,247,0.132,Understock / Shortage,2024,6,2,0,1.4458,0.4458,0.505,22.23,0.0018,0.017,0.15,0.1779,0.3083,-10075.21,0.0,4544.27,2.62,Cluster 1 — High-Velocity Shortage Risk
REC-2024-07-WH-25,2024-07,WH-25,Facility West-10 — Aurangabad Center,West,Aurangabad,Urban Depot,14879.62,8886.9,9.86,5453.87,9719.36,8.6,6.63,462.0,0.603,4,0.0,45000,0.0,25.0,1047028.14,0.938,0.747,4.5,247,0.187,Understock / Shortage,2024,7,3,0,1.6743,0.6743,0.7709,11.94,0.0002,0.002,0.02,0.0688,0.4027,-9709.5,0.0,5444.01,7.916,Cluster 1 — High-Velocity Shortage Risk
REC-2024-08-WH-25,2024-08,WH-25,Facility West-10 — Aurangabad Center,West,Aurangabad,Urban Depot,18745.08,11425.26,26.87,5436.63,10935.19,8.8,5.25,716.0,0.61,10,0.0,45000,0.001,25.0,9780989.78,0.967,0.761,0.8,247,0.187,Understock / Shortage,2024,8,3,0,1.6407,0.6407,0.5966,29.5,0.0006,0.005,0.04,0.1668,0.3905,-10908.32,0.0,5409.76,1.374,Cluster 1 — High-Velocity Shortage Risk
REC-2024-09-WH-25,2024-09,WH-25,Facility West-10 — Aurangabad Center,West,Aurangabad,Urban Depot,16588.51,9566.1,104.49,5630.1,10993.72,9.7,6.15,629.0,0.578,7,0.0,45000,0.002,25.0,3016281.7,1.044,0.786,0.4,247,0.132,Understock / Shortage,2024,9,3,0,1.7341,0.7341,0.634,21.77,0.0023,0.019,0.19,0.1047,0.4233,-10889.23,0.0,5525.61,0.657,Cluster 1 — High-Velocity Shortage Risk
REC-2024-10-WH-25,2024-10,WH-25,Facility West-10 — Aurangabad Center,West,Aurangabad,Urban Depot,27277.47,18238.99,399.15,8398.28,17218.0,9.7,5.58,724.0,0.672,10,0.0,45000,0.009,25.0,10427290.62,1.346,0.805,4.4,247,0.217,Understock / Shortage,2024,10,4,1,1.4956,0.4956,0.5753,26.4,0.0089,0.048,0.44,0.1184,0.3314,-16818.85,0.0,7999.13,6.974,Cluster 1 — High-Velocity Shortage Risk
REC-2024-11-WH-25,2024-11,WH-25,Facility West-10 — Aurangabad Center,West,Aurangabad,Urban Depot,21658.07,14615.04,308.85,7627.74,14197.35,9.1,6.36,571.0,0.693,8,0.0,45000,0.007,25.0,6312251.04,1.406,0.744,2.3,247,0.132,Understock / Shortage,2024,11,4,1,1.4819,0.4819,0.6989,20.28,0.0069,0.04,0.43,0.116,0.3252,-13888.5,0.0,7318.89,4.066,Cluster 1 — High-Velocity Shortage Risk
REC-2024-12-WH-25,2024-12,WH-25,Facility West-10 — Aurangabad Center,West,Aurangabad,Urban Depot,20452.93,12999.88,172.47,6607.11,12606.64,8.8,5.85,813.0,0.651,4,0.0,45000,0.004,25.0,12992688.27,1.14,0.757,0.2,247,0.094,Understock / Shortage,2024,12,4,1,1.5733,0.5733,0.6648,10.98,0.0038,0.026,0.25,0.1762,0.3644,-12434.17,0.0,6434.64,0.346,Cluster 1 — High-Velocity Shortage Risk
REC-2023-01-WH-26,2023-01,WH-26,Depot West-11 — Kolhapur Transit,West,Kolhapur,Urban Depot,12085.45,13671.97,32874.1,1406.97,4750.61,8.3,2.03,469.0,0.989,0,26013.04,38000,0.865,4.41,3877095.39,0.961,0.928,0.0,272,0.111,Overstock,2023,1,1,0,0.884,-0.116,0.2446,0.0,0.8651,23.365,81.6,0.1629,-0.1313,28123.49,0.6846,0.0,0.0,Cluster 2 — Chronic Overstock Buffers
REC-2023-02-WH-26,2023-02,WH-26,Depot West-11 — Kolhapur Transit,West,Kolhapur,Urban Depot,11389.44,12176.12,33660.78,1417.94,4341.23,7.7,2.21,386.0,0.955,0,27192.64,38000,0.886,4.06,3537658.45,0.956,0.901,0.3,272,0.1,Overstock,2023,2,1,0,0.9354,-0.0646,0.287,0.0,0.8858,23.739,88.66,0.1651,-0.0691,29319.55,0.7156,0.0,0.389,Cluster 2 — Chronic Overstock Buffers
REC-2023-03-WH-26,2023-03,WH-26,Depot West-11 — Kolhapur Transit,West,Kolhapur,Urban Depot,14888.43,18118.42,36890.77,1433.6,5006.82,7.2,1.64,559.0,0.988,0,29733.55,38000,0.971,4.84,4387279.12,1.061,0.97,0.6,272,0.13,Overstock,2023,3,1,0,0.8217,-0.1783,0.2278,0.0,0.9708,25.733,74.33,0.1407,-0.2169,31883.95,0.7825,0.0,0.654,Cluster 2 — Chronic Overstock Buffers
REC-2023-04-WH-26,2023-04,WH-26,Depot West-11 — Kolhapur Transit,West,Kolhapur,Urban Depot,14026.15,15906.17,38770.79,1825.66,4116.6,4.9,2.34,399.0,0.969,0,31915.7,38000,1.02,4.34,2436470.68,1.087,0.837,0.5,272,0.094,Overstock,2023,4,2,0,0.8818,-0.1182,0.4776,0.0,1.0203,21.237,82.93,0.1113,-0.134,34654.19,0.8399,0.0,0.744,Cluster 2 — Chronic Overstock Buffers
REC-2023-05-WH-26,2023-05,WH-26,Depot West-11 — Kolhapur Transit,West,Kolhapur,Urban Depot,12833.72,14910.99,40848.06,1496.28,4661.93,7.4,2.09,510.0,0.96,0,33941.71,38000,1.075,3.77,3868118.84,1.103,0.908,2.0,272,0.12,Overstock,2023,5,2,0,0.8607,-0.1393,0.2824,0.0,1.0749,27.3,95.49,0.1532,-0.1619,36186.13,0.8932,0.0,2.552,Cluster 2 — Chronic Overstock Buffers
REC-2023-06-WH-26,2023-06,WH-26,Depot West-11 — Kolhapur Transit,West,Kolhapur,Urban Depot,13019.11,14820.23,42649.18,1409.02,4056.24,6.1,1.93,352.0,0.985,0,36479.41,38000,1.122,3.66,1830895.33,0.967,0.919,0.8,272,0.067,Overstock,2023,6,2,0,0.8785,-0.1215,0.3164,0.0,1.1223,30.269,98.28,0.1039,-0.1383,38592.94,0.96,0.0,0.994,Cluster 2 — Chronic Overstock Buffers
REC-2023-07-WH-26,2023-07,WH-26,Depot West-11 — Kolhapur Transit,West,Kolhapur,Urban Depot,10120.85,11055.66,43583.99,1326.0,3755.0,7.2,2.35,390.0,0.964,0,37839.99,38000,1.147,2.79,1927124.12,0.909,0.889,0.5,272,0.09,Overstock,2023,7,3,0,0.9154,-0.0846,0.3264,0.0,1.1469,32.869,129.19,0.1372,-0.0924,39828.99,0.9958,0.0,0.666,Cluster 2 — Chronic Overstock Buffers
REC-2023-08-WH-26,2023-08,WH-26,Depot West-11 — Kolhapur Transit,West,Kolhapur,Urban Depot,11397.24,12951.45,45138.2,1450.99,3654.46,5.8,2.28,329.0,0.971,0,39307.25,38000,1.188,3.03,1481298.08,0.932,0.904,0.2,272,0.108,Overstock,2023,8,3,0,0.88,-0.12,0.3931,0.0,1.1878,31.109,118.81,0.1068,-0.1364,41483.74,1.0344,0.0,0.258,Cluster 2 — Chronic Overstock Buffers
REC-2023-09-WH-26,2023-09,WH-26,Depot West-11 — Kolhapur Transit,West,Kolhapur,Urban Depot,15214.17,18243.88,48167.91,1960.46,5256.86,6.5,2.29,421.0,0.983,0,39970.36,38000,1.268,3.79,2619022.57,1.094,0.873,0.4,272,0.174,Overstock,2023,9,3,0,0.8339,-0.1661,0.3523,0.0,1.2676,24.57,94.98,0.1064,-0.1991,42911.05,1.0519,0.0,0.552,Cluster 2 — Chronic Overstock Buffers
REC-2023-10-WH-26,2023-10,WH-26,Depot West-11 — Kolhapur Transit,West,Kolhapur,Urban Depot,19717.24,22686.22,51136.89,1851.65,6320.89,6.8,1.67,599.0,0.985,0,42038.52,38000,1.346,4.63,9518710.42,1.339,0.877,0.4,272,0.177,Overstock,2023,10,4,1,0.8691,-0.1309,0.2456,0.0,1.3457,27.617,77.81,0.1565,-0.1506,44816.0,1.1063,0.0,0.548,Cluster 2 — Chronic Overstock Buffers
REC-2023-11-WH-26,2023-11,WH-26,Depot West-11 — Kolhapur Transit,West,Kolhapur,Urban Depot,22386.12,25484.11,54234.88,2617.93,7542.88,6.6,2.09,640.0,0.953,0,42765.1,38000,1.427,4.95,7670744.27,1.411,0.883,0.0,272,0.143,Overstock,2023,11,4,1,0.8784,-0.1216,0.3167,0.0,1.4272,20.717,72.68,0.1237,-0.1384,46692.0,1.1254,0.0,0.0,Cluster 2 — Chronic Overstock Buffers
REC-2023-12-WH-26,2023-12,WH-26,Depot West-11 — Kolhapur Transit,West,Kolhapur,Urban Depot,15705.27,17957.37,56486.98,1825.2,5960.92,7.9,2.05,698.0,0.992,0,47788.26,38000,1.486,3.34,1923697.82,1.219,0.866,0.2,272,0.139,Overstock,2023,12,4,1,0.8746,-0.1254,0.2595,0.0,1.4865,30.948,107.9,0.0883,-0.1434,50526.06,1.2576,0.0,0.28,Cluster 2 — Chronic Overstock Buffers
REC-2024-01-WH-26,2024-01,WH-26,Depot West-11 — Kolhapur Transit,West,Kolhapur,Urban Depot,12616.42,13477.85,57348.41,1583.79,4822.0,7.7,2.21,454.0,0.974,0,50150.73,38000,1.509,2.64,6085161.28,0.928,0.907,2.5,272,0.187,Overstock,2024,1,1,0,0.9361,-0.0639,0.287,0.0,1.5092,36.21,136.37,0.1955,-0.0683,52526.41,1.3198,0.0,3.198,Cluster 2 — Chronic Overstock Buffers
REC-2024-02-WH-26,2024-02,WH-26,Depot West-11 — Kolhapur Transit,West,Kolhapur,Urban Depot,13511.88,16082.33,59918.86,1624.6,4507.13,6.4,2.15,460.0,0.983,0,52974.83,38000,1.577,2.71,1482612.32,0.836,0.944,0.5,272,0.18,Overstock,2024,2,1,0,0.8402,-0.1598,0.3359,0.0,1.5768,36.882,133.04,0.0901,-0.1902,55411.73,1.3941,0.0,0.584,Cluster 2 — Chronic Overstock Buffers
REC-2024-03-WH-26,2024-03,WH-26,Depot West-11 — Kolhapur Transit,West,Kolhapur,Urban Depot,15227.06,16957.76,61649.56,1865.56,6535.19,9.2,2.13,541.0,0.984,0,52316.03,38000,1.622,2.96,2957574.44,1.04,0.847,0.6,272,0.209,Overstock,2024,3,1,0,0.8979,-0.1021,0.2315,0.0,1.6224,33.046,121.46,0.1129,-0.1137,55114.37,1.3767,0.0,0.875,Cluster 2 — Chronic Overstock Buffers
REC-2024-04-WH-26,2024-04,WH-26,Depot West-11 — Kolhapur Transit,West,Kolhapur,Urban Depot,13760.19,15694.94,63584.31,1550.16,4531.53,6.5,1.97,544.0,0.985,0,56727.54,38000,1.673,2.6,1222002.27,1.128,0.842,0.3,272,0.131,Understock / Shortage,2024,4,2,0,0.8767,-0.1233,0.3031,0.0,1.6733,41.018,138.63,0.0803,-0.1406,59052.78,1.4928,0.0,0.442,Cluster 2 — Chronic Overstock Buffers
REC-2024-05-WH-26,2024-05,WH-26,Depot West-11 — Kolhapur Transit,West,Kolhapur,Urban Depot,17690.75,18838.54,64732.1,1980.32,5931.25,6.7,2.01,652.0,0.985,0,55830.37,38000,1.703,3.28,2720144.51,1.222,0.922,0.6,272,0.154,Overstock,2024,5,2,0,0.9391,-0.0609,0.3,0.0,1.7035,32.688,109.77,0.0932,-0.0649,58800.85,1.4692,0.0,0.74,Cluster 2 — Chronic Overstock Buffers
REC-2024-06-WH-26,2024-06,WH-26,Depot West-11 — Kolhapur Transit,West,Kolhapur,Urban Depot,10979.71,11615.4,65367.79,1279.52,3987.85,7.4,2.03,306.0,0.997,0,59460.66,38000,1.72,2.02,999126.04,0.943,0.884,0.2,272,0.164,Overstock,2024,6,2,0,0.9453,-0.0547,0.2743,0.0,1.7202,51.088,178.61,0.091,-0.0579,61379.94,1.5648,0.0,0.27,Cluster 2 — Chronic Overstock Buffers
REC-2024-07-WH-26,2024-07,WH-26,Depot West-11 — Kolhapur Transit,West,Kolhapur,Urban Depot,14725.05,17841.5,68484.24,1425.17,5155.52,7.6,1.63,489.0,0.962,0,61190.96,38000,1.802,2.58,2407183.55,0.979,0.916,0.3,272,0.126,Overstock,2024,7,3,0,0.8253,-0.1747,0.2145,0.0,1.8022,48.053,139.53,0.1054,-0.2116,63328.72,1.6103,0.0,0.376,Cluster 2 — Chronic Overstock Buffers
REC-2024-08-WH-26,2024-08,WH-26,Depot West-11 — Kolhapur Transit,West,Kolhapur,Urban Depot,14018.56,17744.23,72209.91,1383.53,4467.61,6.6,1.76,373.0,0.996,0,65667.0,38000,1.9,2.33,1640135.22,0.974,0.876,0.5,272,0.18,Overstock,2024,8,3,0,0.79,-0.21,0.2667,0.0,1.9003,52.193,154.53,0.0914,-0.2658,67742.3,1.7281,0.0,0.686,Cluster 2 — Chronic Overstock Buffers
REC-2024-09-WH-26,2024-09,WH-26,Depot West-11 — Kolhapur Transit,West,Kolhapur,Urban Depot,13858.91,16838.25,75189.25,1433.92,3928.52,5.4,1.8,374.0,0.956,0,69109.85,38000,1.979,2.21,1070784.39,1.089,0.901,0.0,272,0.147,Understock / Shortage,2024,9,3,0,0.8231,-0.1769,0.3333,0.0,1.9787,52.436,162.76,0.0747,-0.215,71260.73,1.8187,0.0,0.0,Cluster 2 — Chronic Overstock Buffers
REC-2024-10-WH-26,2024-10,WH-26,Depot West-11 — Kolhapur Transit,West,Kolhapur,Urban Depot,23539.4,27336.25,78986.1,2698.15,8190.68,7.0,2.04,632.0,0.989,0,66748.2,38000,2.079,3.58,8882953.8,1.349,0.876,1.1,272,0.244,Overstock,2024,10,4,1,0.8611,-0.1389,0.2914,0.0,2.0786,29.274,100.66,0.1266,-0.1613,70795.42,1.7565,0.0,1.509,Cluster 2 — Chronic Overstock Buffers
REC-2024-11-WH-26,2024-11,WH-26,Depot West-11 — Kolhapur Transit,West,Kolhapur,Urban Depot,20623.58,25325.81,83688.33,2719.03,7737.43,7.3,2.35,743.0,0.997,0,71872.36,38000,2.202,2.96,4898985.92,1.419,0.926,0.5,272,0.224,Overstock,2024,11,4,1,0.8143,-0.1857,0.3219,0.0,2.2023,30.779,121.74,0.1073,-0.228,75950.9,1.8914,0.0,0.611,Cluster 2 — Chronic Overstock Buffers
REC-2024-12-WH-26,2024-12,WH-26,Depot West-11 — Kolhapur Transit,West,Kolhapur,Urban Depot,16798.79,21061.01,87950.55,1929.06,6240.75,7.7,2.04,495.0,0.964,0,78816.21,38000,2.314,2.29,2665031.18,1.155,0.905,0.2,272,0.112,Overstock,2024,12,4,1,0.7976,-0.2024,0.2649,0.0,2.3145,45.592,157.07,0.0972,-0.2537,81709.8,2.0741,0.0,0.257,Cluster 2 — Chronic Overstock Buffers
REC-2023-01-WH-27,2023-01,WH-27,Depot West-12 — Goa Coastal DC,West,Panaji,Urban Depot,13299.2,12798.5,17222.62,2695.16,5931.3,7.3,3.64,406.0,0.961,0,7248.58,34000,0.507,9.27,4802573.78,0.924,0.99,0.0,319,0.126,Overstock,2023,1,1,0,1.0391,0.0391,0.4986,0.0,0.5065,6.39,38.85,0.1648,0.0376,11291.32,0.2132,0.0,0.0,Cluster 0 — Balanced Operational Flow
REC-2023-02-WH-27,2023-02,WH-27,Depot West-12 — Goa Coastal DC,West,Panaji,Urban Depot,12812.49,13270.37,17680.5,2613.02,5004.68,5.6,3.68,473.0,0.968,0,8756.29,34000,0.52,8.7,2589771.38,0.867,0.95,1.2,319,0.223,Overstock,2023,2,1,0,0.9655,-0.0345,0.6571,0.0,0.52,6.766,41.4,0.1256,-0.0357,12675.82,0.2575,0.0,1.38,Cluster 0 — Balanced Operational Flow
REC-2023-03-WH-27,2023-03,WH-27,Depot West-12 — Goa Coastal DC,West,Panaji,Urban Depot,14334.53,13307.59,16653.56,2962.79,6020.82,6.4,3.72,534.0,0.976,0,6188.56,34000,0.49,10.33,6686372.91,1.045,0.922,0.1,319,0.16,Overstock,2023,3,1,0,1.0772,0.0772,0.5812,0.0,0.4898,5.621,34.85,0.1804,0.0716,10632.74,0.182,0.0,0.123,Cluster 0 — Balanced Operational Flow
REC-2023-04-WH-27,2023-04,WH-27,Depot West-12 — Goa Coastal DC,West,Panaji,Urban Depot,19527.66,18193.48,15319.38,3645.73,8657.83,7.7,3.34,676.0,0.992,0,1192.96,34000,0.451,15.3,2710002.36,1.096,0.923,0.7,319,0.071,Overstock,2023,4,2,0,1.0733,0.0733,0.4338,0.0,0.4506,4.202,23.53,0.0843,0.0683,6661.55,0.0351,0.0,0.862,Cluster 0 — Balanced Operational Flow
REC-2023-05-WH-27,2023-05,WH-27,Depot West-12 — Goa Coastal DC,West,Panaji,Urban Depot,15573.15,15365.51,15111.74,2737.61,5229.31,4.8,3.17,464.0,0.961,0,5776.02,34000,0.444,12.37,1747528.32,1.116,0.877,3.0,319,0.064,Overstock,2023,5,2,0,1.0135,0.0135,0.6604,0.0,0.4445,5.52,29.11,0.0849,0.0133,9882.43,0.1699,0.0,4.107,Cluster 0 — Balanced Operational Flow
REC-2023-06-WH-27,2023-06,WH-27,Depot West-12 — Goa Coastal DC,West,Panaji,Urban Depot,14305.85,14717.99,15523.88,2984.24,5225.49,4.7,3.77,444.0,0.995,0,5822.03,34000,0.457,11.06,7654016.41,0.98,0.913,2.3,319,0.067,Overstock,2023,6,2,0,0.972,-0.028,0.8021,0.0,0.4566,5.202,32.55,0.1934,-0.0288,10298.39,0.1712,0.0,2.9,Cluster 0 — Balanced Operational Flow
REC-2023-07-WH-27,2023-07,WH-27,Depot West-12 — Goa Coastal DC,West,Panaji,Urban Depot,14088.44,13837.55,15272.99,2552.1,4853.21,4.9,3.26,388.0,0.975,0,6591.63,34000,0.449,11.07,1302300.38,0.96,0.905,2.6,319,0.119,Overstock,2023,7,3,0,1.0181,0.0181,0.6653,0.0,0.4492,5.984,32.52,0.081,0.0178,10419.78,0.1939,0.0,3.341,Cluster 0 — Balanced Operational Flow
REC-2023-08-WH-27,2023-08,WH-27,Depot West-12 — Goa Coastal DC,West,Panaji,Urban Depot,12925.4,13456.07,15803.66,2865.27,5278.01,5.6,3.99,365.0,0.952,0,6227.74,34000,0.465,9.81,2027270.37,0.941,0.983,2.5,319,0.077,Understock / Shortage,2023,8,3,0,0.9606,-0.0394,0.7125,0.0,0.4648,5.516,36.68,0.1102,-0.0411,10525.65,0.1832,0.0,2.628,Cluster 0 — Balanced Operational Flow
REC-2023-09-WH-27,2023-09,WH-27,Depot West-12 — Goa Coastal DC,West,Panaji,Urban Depot,15634.6,15444.87,15613.93,3011.16,6555.0,6.8,3.47,579.0,0.991,0,4542.19,34000,0.459,12.02,1412680.9,1.03,0.942,1.0,319,0.193,Overstock,2023,9,3,0,1.0123,0.0123,0.5103,0.0,0.4592,5.185,29.96,0.076,0.0121,9058.93,0.1336,0.0,1.174,Cluster 0 — Balanced Operational Flow
REC-2023-10-WH-27,2023-10,WH-27,Depot West-12 — Goa Coastal DC,West,Panaji,Urban Depot,19467.01,19519.81,15666.73,4417.11,8115.84,5.7,4.09,594.0,0.977,0,925.23,34000,0.461,14.91,1210373.35,1.345,0.91,0.0,319,0.123,Overstock,2023,10,4,1,0.9973,-0.0027,0.7175,0.0,0.4608,3.547,24.14,0.0565,-0.0027,7550.89,0.0272,0.0,0.0,Cluster 0 — Balanced Operational Flow
REC-2023-11-WH-27,2023-11,WH-27,Depot West-12 — Goa Coastal DC,West,Panaji,Urban Depot,20566.86,20602.42,15702.29,4197.9,7282.93,4.5,3.69,604.0,0.989,0,2122.51,34000,0.462,15.72,3880751.38,1.387,0.896,0.3,319,0.108,Overstock,2023,11,4,1,0.9983,-0.0017,0.82,0.0,0.4618,3.741,22.9,0.0958,-0.0017,8419.36,0.0624,0.0,0.394,Cluster 0 — Balanced Operational Flow
REC-2023-12-WH-27,2023-12,WH-27,Depot West-12 — Goa Coastal DC,West,Panaji,Urban Depot,20144.15,19863.59,15421.73,4570.72,8062.37,5.2,4.11,669.0,0.957,0,503.28,34000,0.454,15.67,3995157.98,1.105,0.899,0.5,319,0.139,Balanced,2023,12,4,1,1.0141,0.0141,0.7904,0.0,0.4536,3.374,22.97,0.0992,0.0139,7359.36,0.0148,0.0,0.652,Cluster 0 — Balanced Operational Flow
REC-2024-01-WH-27,2024-01,WH-27,Depot West-12 — Goa Coastal DC,West,Panaji,Urban Depot,15513.22,14669.49,14578.0,3356.28,6665.77,6.4,3.91,511.0,0.955,0,2877.81,34000,0.429,12.77,13461455.23,0.965,0.867,0.1,319,0.104,Overstock,2024,1,1,0,1.0575,0.0575,0.6109,0.0,0.4288,4.343,28.19,0.2365,0.0544,7912.23,0.0846,0.0,0.14,Cluster 0 — Balanced Operational Flow
REC-2024-02-WH-27,2024-02,WH-27,Depot West-12 — Goa Coastal DC,West,Panaji,Urban Depot,14336.26,13677.97,13919.71,2680.33,6503.33,8.0,3.33,521.0,0.955,0,3395.88,34000,0.409,12.36,1283424.24,0.905,0.93,0.6,319,0.094,Overstock,2024,2,1,0,1.0481,0.0481,0.4162,0.0,0.4094,5.193,29.13,0.079,0.0459,7416.38,0.0999,0.0,0.726,Cluster 0 — Balanced Operational Flow
REC-2024-03-WH-27,2024-03,WH-27,Depot West-12 — Goa Coastal DC,West,Panaji,Urban Depot,17194.13,18341.93,15067.51,3138.03,5946.4,4.9,3.3,664.0,0.987,0,4414.07,34000,0.443,13.69,6627095.61,1.021,0.969,2.7,319,0.156,Overstock,2024,3,1,0,0.9374,-0.0626,0.6735,0.0,0.4432,4.802,26.29,0.1497,-0.0668,9121.11,0.1298,0.0,2.951,Cluster 0 — Balanced Operational Flow
REC-2024-04-WH-27,2024-04,WH-27,Depot West-12 — Goa Coastal DC,West,Panaji,Urban Depot,17884.69,17413.94,14596.76,2981.11,6856.13,6.5,2.98,594.0,0.967,0,3268.96,34000,0.429,14.7,5019207.57,1.104,0.898,3.0,319,0.134,Overstock,2024,4,2,0,1.027,0.027,0.4585,0.0,0.4293,4.896,24.48,0.1253,0.0263,7740.63,0.0961,0.0,3.918,Cluster 0 — Balanced Operational Flow
REC-2024-05-WH-27,2024-05,WH-27,Depot West-12 — Goa Coastal DC,West,Panaji,Urban Depot,21794.24,22707.49,15510.01,4699.09,8404.11,5.1,3.91,769.0,0.955,0,57.26,34000,0.456,16.86,10857245.38,1.184,0.986,1.6,319,0.217,Overstock,2024,5,2,0,0.9598,-0.0402,0.7667,0.0,0.4562,3.301,21.35,0.1512,-0.0419,7105.9,0.0017,0.0,1.667,Cluster 0 — Balanced Operational Flow
REC-2024-06-WH-27,2024-06,WH-27,Depot West-12 — Goa Coastal DC,West,Panaji,Urban Depot,15545.52,16566.48,16530.97,3120.52,6125.99,5.8,3.63,591.0,0.974,0,5724.2,34000,0.486,11.28,4186425.61,0.974,0.921,0.3,319,0.145,Overstock,2024,6,2,0,0.9384,-0.0616,0.6259,0.0,0.4862,5.298,31.9,0.1316,-0.0657,10404.98,0.1684,0.0,0.371,Cluster 0 — Balanced Operational Flow
REC-2024-07-WH-27,2024-07,WH-27,Depot West-12 — Goa Coastal DC,West,Panaji,Urban Depot,16802.28,16785.9,16514.59,3559.79,7368.31,6.8,3.82,682.0,0.975,0,3806.6,34000,0.486,12.21,17426681.26,0.974,0.937,1.3,319,0.247,Overstock,2024,7,3,0,1.001,0.001,0.5618,0.0,0.4857,4.639,29.49,0.2485,0.001,9146.28,0.112,0.0,1.546,Cluster 0 — Balanced Operational Flow
REC-2024-08-WH-27,2024-08,WH-27,Depot West-12 — Goa Coastal DC,West,Panaji,Urban Depot,15036.96,15764.41,17242.04,2906.84,5914.23,6.0,3.47,407.0,0.955,0,6967.55,34000,0.507,10.47,4861545.24,0.907,0.911,1.1,319,0.156,Overstock,2024,8,3,0,0.9539,-0.0461,0.5783,0.0,0.5071,5.932,34.4,0.1466,-0.0484,11327.81,0.2049,0.0,1.394,Cluster 0 — Balanced Operational Flow
REC-2024-09-WH-27,2024-09,WH-27,Depot West-12 — Goa Coastal DC,West,Panaji,Urban Depot,17407.57,18512.13,18346.6,3877.52,7707.19,6.6,4.02,699.0,0.964,0,4823.13,34000,0.54,11.39,6793529.77,1.039,0.919,0.3,319,0.282,Overstock,2024,9,3,0,0.9403,-0.0597,0.6091,0.0,0.5396,4.732,31.62,0.1497,-0.0635,10639.41,0.1419,0.0,0.373,Cluster 0 — Balanced Operational Flow
REC-2024-10-WH-27,2024-10,WH-27,Depot West-12 — Goa Coastal DC,West,Panaji,Urban Depot,19804.76,21294.6,19836.44,3814.47,9029.72,7.9,3.48,762.0,0.985,0,5085.01,34000,0.583,11.98,11775337.15,1.37,0.869,1.4,319,0.099,Overstock,2024,10,4,1,0.93,-0.07,0.4405,0.0,0.5834,5.2,30.05,0.1733,-0.0752,10806.72,0.1496,0.0,1.95,Cluster 0 — Balanced Operational Flow
REC-2024-11-WH-27,2024-11,WH-27,Depot West-12 — Goa Coastal DC,West,Panaji,Urban Depot,22800.04,22080.33,19116.73,3898.0,8078.01,5.5,3.09,793.0,0.973,0,5191.72,34000,0.562,14.31,2482666.01,1.32,0.96,0.5,319,0.091,Overstock,2024,11,4,1,1.0326,0.0326,0.5618,0.0,0.5623,4.904,25.15,0.0691,0.0316,11038.72,0.1527,0.0,0.56,Cluster 0 — Balanced Operational Flow
REC-2024-12-WH-27,2024-12,WH-27,Depot West-12 — Goa Coastal DC,West,Panaji,Urban Depot,16339.69,15681.91,18458.95,3521.89,6789.83,6.0,3.9,684.0,0.986,0,6386.28,34000,0.543,10.62,1808040.44,1.128,0.863,1.1,319,0.146,Overstock,2024,12,4,1,1.0419,0.0419,0.65,0.0,0.5429,5.241,33.89,0.0823,0.0403,11669.12,0.1878,0.0,1.552,Cluster 0 — Balanced Operational Flow
REC-2023-01-WH-28,2023-01,WH-28,Hub West-13 — Thane Express Depot,West,Thane,Regional DC,32520.04,36540.45,65170.29,4473.98,23010.4,17.1,2.33,921.0,0.99,0,35448.92,88000,0.741,5.99,8219736.02,1.034,0.92,0.6,337,0.197,Overstock,2023,1,1,0,0.89,-0.11,0.1363,0.0,0.7406,14.567,60.12,0.0882,-0.1236,42159.89,0.4028,0.0,0.744,Cluster 2 — Chronic Overstock Buffers
REC-2023-02-WH-28,2023-02,WH-28,Hub West-13 — Thane Express Depot,West,Thane,Regional DC,28667.7,36665.42,73168.01,3237.89,18909.57,16.4,1.99,761.0,0.979,0,49401.6,88000,0.831,4.7,19245663.18,0.871,0.922,1.4,337,0.141,Overstock,2023,2,1,0,0.7819,-0.2181,0.1213,0.0,0.8315,22.597,76.57,0.153,-0.279,54258.44,0.5614,0.0,1.728,Cluster 2 — Chronic Overstock Buffers
REC-2023-03-WH-28,2023-03,WH-28,Hub West-13 — Thane Express Depot,West,Thane,Regional DC,37018.4,47191.76,83341.37,3991.91,27190.11,18.8,1.77,1337.0,0.961,0,50163.4,88000,0.947,5.33,24131761.46,1.005,0.916,0.6,337,0.133,Overstock,2023,3,1,0,0.7844,-0.2156,0.0941,0.0,0.9471,20.878,67.54,0.1327,-0.2748,56151.26,0.57,0.0,0.751,Cluster 2 — Chronic Overstock Buffers
REC-2023-04-WH-28,2023-04,WH-28,Hub West-13 — Thane Express Depot,West,Thane,Regional DC,42279.67,50666.85,91728.55,5021.86,29262.2,17.2,1.9,1339.0,0.992,0,54933.56,88000,1.042,5.53,34430268.36,1.149,0.982,1.4,337,0.219,Overstock,2023,4,2,0,0.8345,-0.1655,0.1105,0.0,1.0424,18.266,65.09,0.1388,-0.1984,62466.35,0.6242,0.0,1.476,Cluster 2 — Chronic Overstock Buffers
REC-2023-05-WH-28,2023-05,WH-28,Hub West-13 — Thane Express Depot,West,Thane,Regional DC,36337.97,45528.64,100919.22,4893.9,25848.8,17.3,2.23,1544.0,0.962,0,67729.57,88000,1.147,4.32,32153194.25,1.187,0.879,1.9,337,0.085,Overstock,2023,5,2,0,0.7981,-0.2019,0.1289,0.0,1.1468,20.621,83.32,0.156,-0.2529,75070.42,0.7697,0.0,2.59,Cluster 2 — Chronic Overstock Buffers
REC-2023-06-WH-28,2023-06,WH-28,Hub West-13 — Thane Express Depot,West,Thane,Regional DC,34114.51,36569.84,103374.55,4462.74,22316.0,15.7,2.2,937.0,0.955,0,74364.44,88000,1.175,3.96,20310288.12,0.995,0.896,0.3,337,0.15,Overstock,2023,6,2,0,0.9329,-0.0671,0.1401,0.0,1.1747,23.164,90.91,0.1321,-0.072,81058.55,0.8451,0.0,0.394,Cluster 2 — Chronic Overstock Buffers
REC-2023-07-WH-28,2023-07,WH-28,Hub West-13 — Thane Express Depot,West,Thane,Regional DC,32791.21,36295.92,106879.26,4159.71,23397.22,17.6,2.12,882.0,0.961,0,77242.47,88000,1.215,3.68,33306232.63,0.918,0.99,1.0,337,0.103,Overstock,2023,7,3,0,0.9034,-0.0966,0.1205,0.0,1.2145,25.694,97.78,0.176,-0.1069,83482.04,0.8778,0.0,1.03,Cluster 2 — Chronic Overstock Buffers
REC-2023-08-WH-28,2023-08,WH-28,Hub West-13 — Thane Express Depot,West,Thane,Regional DC,33255.02,41746.72,115370.96,3759.88,21274.19,15.8,1.92,1033.0,0.989,0,88456.95,88000,1.311,3.46,8494827.75,0.92,0.929,0.4,337,0.215,Balanced,2023,8,3,0,0.7966,-0.2034,0.1215,0.0,1.311,30.685,104.08,0.0876,-0.2554,94096.77,1.0052,0.0,0.485,Cluster 2 — Chronic Overstock Buffers
REC-2023-09-WH-28,2023-09,WH-28,Hub West-13 — Thane Express Depot,West,Thane,Regional DC,37261.7,40181.37,118290.63,4905.87,25399.8,16.5,2.2,1371.0,0.991,0,85532.02,88000,1.344,3.78,19857516.19,1.085,0.979,2.8,337,0.136,Overstock,2023,9,3,0,0.9273,-0.0727,0.1333,0.0,1.3442,24.112,95.24,0.1196,-0.0784,92890.83,0.972,0.0,2.976,Cluster 2 — Chronic Overstock Buffers
REC-2023-10-WH-28,2023-10,WH-28,Hub West-13 — Thane Express Depot,West,Thane,Regional DC,51485.69,63624.41,130429.35,7048.78,36224.0,17.0,2.27,1568.0,0.984,0,83632.18,88000,1.482,4.74,19612348.36,1.336,0.915,0.2,337,0.109,Overstock,2023,10,4,1,0.8092,-0.1908,0.1335,0.0,1.4822,18.504,76.0,0.086,-0.2358,94205.35,0.9504,0.0,0.251,Cluster 2 — Chronic Overstock Buffers
REC-2023-11-WH-28,2023-11,WH-28,Hub West-13 — Thane Express Depot,West,Thane,Regional DC,42568.02,53942.24,141803.57,4241.49,31910.7,19.5,1.61,1629.0,0.958,0,103530.64,88000,1.611,3.6,6201255.48,1.361,0.952,0.0,337,0.16,Overstock,2023,11,4,1,0.7891,-0.2109,0.0826,0.0,1.6114,33.432,99.94,0.0585,-0.2672,109892.87,1.1765,0.0,0.0,Cluster 2 — Chronic Overstock Buffers
REC-2023-12-WH-28,2023-12,WH-28,Hub West-13 — Thane Express Depot,West,Thane,Regional DC,39681.39,43551.71,145673.89,4158.2,25850.69,16.4,1.74,1258.0,0.966,0,113585.9,88000,1.655,3.27,14180702.65,1.147,0.815,0.8,337,0.126,Overstock,2023,12,4,1,0.9111,-0.0889,0.1061,0.0,1.6554,35.033,110.13,0.0949,-0.0975,119823.2,1.2907,0.0,1.244,Cluster 2 — Chronic Overstock Buffers
REC-2024-01-WH-28,2024-01,WH-28,Hub West-13 — Thane Express Depot,West,Thane,Regional DC,35826.17,41181.13,151028.85,3780.15,22290.34,15.5,1.82,1540.0,0.956,0,123068.28,88000,1.716,2.85,25910425.65,0.946,0.884,1.7,337,0.162,Balanced,2024,1,1,0,0.87,-0.13,0.1174,0.0,1.7162,39.953,126.47,0.1421,-0.1495,128738.51,1.3985,0.0,2.292,Cluster 2 — Chronic Overstock Buffers
REC-2024-02-WH-28,2024-02,WH-28,Hub West-13 — Thane Express Depot,West,Thane,Regional DC,41260.8,43407.98,153176.03,4663.04,27356.48,16.5,1.97,1388.0,0.967,0,118824.99,88000,1.741,3.23,44393946.54,0.963,0.909,0.8,337,0.204,Understock / Shortage,2024,2,1,0,0.9505,-0.0495,0.1194,0.0,1.7406,32.849,111.37,0.1615,-0.052,125819.55,1.3503,0.0,1.018,Cluster 2 — Chronic Overstock Buffers
REC-2024-03-WH-28,2024-03,WH-28,Hub West-13 — Thane Express Depot,West,Thane,Regional DC,37398.25,47744.66,163522.44,4825.91,25270.29,16.4,2.26,987.0,0.99,0,131013.28,88000,1.858,2.74,26119224.12,0.962,0.931,0.3,337,0.115,Overstock,2024,3,1,0,0.7833,-0.2167,0.1378,0.0,1.8582,33.884,131.17,0.1367,-0.2767,138252.15,1.4888,0.0,0.362,Cluster 2 — Chronic Overstock Buffers
REC-2024-04-WH-28,2024-04,WH-28,Hub West-13 — Thane Express Depot,West,Thane,Regional DC,37466.12,46684.07,172740.39,4959.61,25565.98,16.5,2.35,1069.0,0.998,0,139735.0,88000,1.963,2.6,11545862.84,1.114,0.942,0.4,337,0.246,Overstock,2024,4,2,0,0.8025,-0.1975,0.1424,0.0,1.963,34.829,138.32,0.0907,-0.246,147174.41,1.5879,0.0,0.47,Cluster 2 — Chronic Overstock Buffers
REC-2024-05-WH-28,2024-05,WH-28,Hub West-13 — Thane Express Depot,West,Thane,Regional DC,40694.19,49021.15,181067.35,4433.58,27900.56,17.3,1.91,1112.0,0.997,0,146516.42,88000,2.058,2.7,20760625.03,1.135,0.855,1.6,337,0.171,Overstock,2024,5,2,0,0.8301,-0.1699,0.1104,0.0,2.0576,40.84,133.48,0.112,-0.2046,153166.79,1.665,0.0,2.296,Cluster 2 — Chronic Overstock Buffers
REC-2024-06-WH-28,2024-06,WH-28,Hub West-13 — Thane Express Depot,West,Thane,Regional DC,37098.84,41775.58,185744.09,4630.97,26148.3,17.4,2.08,1621.0,0.951,0,152649.34,88000,2.111,2.4,21608801.2,0.98,0.943,1.2,337,0.083,Overstock,2024,6,2,0,0.8881,-0.1119,0.1195,0.0,2.1107,40.109,150.2,0.1253,-0.1261,159595.79,1.7347,0.0,1.405,Cluster 2 — Chronic Overstock Buffers
REC-2024-07-WH-28,2024-07,WH-28,Hub West-13 — Thane Express Depot,West,Thane,Regional DC,32810.8,39874.26,192807.55,3752.63,19392.44,14.3,1.92,1351.0,0.971,0,154716.24875000003,88000,2.191,2.04,9554106.13,0.892,0.897,0.6,337,0.215,Overstock,2024,7,3,0,0.8229,-0.1771,0.1343,0.0,2.191,51.379,176.29,0.0942,-0.2153,173415.11,1.7581,0.0,0.785,Cluster 2 — Chronic Overstock Buffers
REC-2024-08-WH-28,2024-08,WH-28,Hub West-13 — Thane Express Depot,West,Thane,Regional DC,36496.5,44026.61,200337.66,4735.32,25051.7,16.7,2.23,1473.0,0.986,0,154716.24875000003,88000,2.277,2.19,2189242.97,0.923,0.866,0.4,337,0.172,Overstock,2024,8,3,0,0.829,-0.171,0.1335,0.0,2.2766,42.307,164.68,0.0405,-0.2063,175285.96,1.7581,0.0,0.561,Cluster 2 — Chronic Overstock Buffers
REC-2024-09-WH-28,2024-09,WH-28,Hub West-13 — Thane Express Depot,West,Thane,Regional DC,36561.61,41314.11,205090.16,4615.7,21921.53,14.2,2.23,1395.0,0.983,0,154716.24875000003,88000,2.331,2.14,34448569.26,1.05,0.87,1.3,337,0.167,Overstock,2024,9,3,0,0.885,-0.115,0.157,0.0,2.3306,44.433,168.28,0.1605,-0.13,183168.63,1.7581,0.0,1.807,Cluster 2 — Chronic Overstock Buffers
REC-2024-10-WH-28,2024-10,WH-28,Hub West-13 — Thane Express Depot,West,Thane,Regional DC,50671.33,60666.75,215085.58,5061.78,33606.63,16.9,1.73,1405.0,0.998,0,154716.24875000003,88000,2.444,2.83,28263584.99,1.379,0.935,0.2,337,0.149,Overstock,2024,10,4,1,0.8352,-0.1648,0.1024,0.0,2.4442,42.492,127.34,0.1049,-0.1973,181478.95,1.7581,0.0,0.239,Cluster 2 — Chronic Overstock Buffers
REC-2024-11-WH-28,2024-11,WH-28,Hub West-13 — Thane Express Depot,West,Thane,Regional DC,53310.76,67799.06,229573.88,5020.96,34341.88,16.5,1.61,1756.0,0.978,0,154716.24875000003,88000,2.609,2.79,67581655.48,1.374,0.952,0.2,337,0.112,Overstock,2024,11,4,1,0.7863,-0.2137,0.0976,0.0,2.6088,45.723,129.19,0.1542,-0.2718,195232.0,1.7581,0.0,0.229,Cluster 2 — Chronic Overstock Buffers
REC-2024-12-WH-28,2024-12,WH-28,Hub West-13 — Thane Express Depot,West,Thane,Regional DC,44967.66,53972.4,238578.62,4228.05,26262.2,14.7,1.64,1793.0,0.965,0,154716.24875000003,88000,2.711,2.26,63064719.62,1.179,0.912,1.2,337,0.118,Overstock,2024,12,4,1,0.8332,-0.1668,0.1116,0.0,2.7111,56.428,159.17,0.1766,-0.2002,212316.42,1.7581,0.0,1.517,Cluster 2 — Chronic Overstock Buffers
REC-2023-01-WH-29,2023-01,WH-29,Hub South-1 — Bengaluru Electronic City,South,Bengaluru,Mega Hub,99133.44,111988.12,180622.03,9072.1,91496.42374999999,26.8,1.51,2953.0,0.993,0,69382.57,215875,0.753,6.59,142223147.8025,0.917,0.946,0.3,1098,0.069,Overstock,2023,1,1,0,0.8852,-0.1148,0.0563,0.0,0.8367,19.91,54.66,0.1203,-0.1297,89125.61,0.3214,0.0,0.349,Cluster 2 — Chronic Overstock Buffers
REC-2023-02-WH-29,2023-02,WH-29,Hub South-1 — Bengaluru Electronic City,South,Bengaluru,Mega Hub,100458.8,106671.68,186834.91,10506.33,91496.42374999999,24.3,1.51,2914.0,0.977,0,79197.46,215875,0.778,6.45,133766299.79,0.892,0.952,0.1,1098,0.123,Overstock,2023,2,1,0,0.9418,-0.0582,0.0621,0.0,0.8655,17.783,55.79,0.1151,-0.0618,95338.49,0.3669,0.0,0.114,Cluster 2 — Chronic Overstock Buffers
REC-2023-03-WH-29,2023-03,WH-29,Hub South-1 — Bengaluru Electronic City,South,Bengaluru,Mega Hub,120798.16,124331.64749999999,210233.88,13519.57,91496.42374999999,25.4,1.69,4324.875,0.963,0,74159.17,215875,0.876,6.9,142223147.8025,1.013,0.981,0.1,1098,0.135,Overstock,2023,3,1,0,0.9716,-0.0284,0.0665,0.0,0.9739,15.55,52.21,0.0987,-0.0293,118737.46,0.3435,0.0,0.106,Cluster 2 — Chronic Overstock Buffers
REC-2023-04-WH-29,2023-04,WH-29,Hub South-1 — Bengaluru Electronic City,South,Bengaluru,Mega Hub,105342.62,121232.12,226123.38,11165.15,91496.42374999999,26.1,1.45,2823.0,0.953,0,106562.43,215875,0.942,5.59,142223147.8025,1.085,0.962,0.6,1098,0.11,Overstock,2023,4,2,0,0.8689,-0.1311,0.0556,0.0,1.0475,20.253,64.4,0.1132,-0.1508,134626.96,0.4936,0.0,0.668,Cluster 2 — Chronic Overstock Buffers
REC-2023-05-WH-29,2023-05,WH-29,Hub South-1 — Bengaluru Electronic City,South,Bengaluru,Mega Hub,117444.44,124331.64749999999,246129.25,13080.66,91496.42374999999,24.8,1.69,4324.875,0.959,0,116340.2,215875,1.026,5.73,142223147.8025,1.153,0.919,0.6,1098,0.091,Overstock,2023,5,2,0,0.9446,-0.0554,0.0681,0.0,1.1401,18.816,62.87,0.1015,-0.0586,154632.83,0.5389,0.0,0.746,Cluster 2 — Chronic Overstock Buffers
REC-2023-06-WH-29,2023-06,WH-29,Hub South-1 — Bengaluru Electronic City,South,Bengaluru,Mega Hub,120708.06,124331.64749999999,256074.2,11825.26,91496.42374999999,24.4,1.64,3531.0,0.99,0,128335.16,215875,1.067,5.66,142223147.8025,0.987,0.834,0.2,1098,0.155,Overstock,2023,6,2,0,0.9709,-0.0291,0.0672,0.0,1.1862,21.655,63.64,0.0988,-0.03,164577.78,0.5945,0.0,0.3,Cluster 2 — Chronic Overstock Buffers
REC-2023-07-WH-29,2023-07,WH-29,Hub South-1 — Bengaluru Electronic City,South,Bengaluru,Mega Hub,112804.09,124331.64749999999,287089.44,10440.55,91496.42374999999,26.9,1.29,3466.0,0.99,0,154716.24875000003,215875,1.196,4.72,142223147.8025,1.009,0.933,0.4,1098,0.161,Overstock,2023,7,3,0,0.9073,-0.0927,0.048,0.0,1.3299,27.498,76.35,0.1057,-0.1022,195593.02,0.7167,0.0,0.48,Cluster 2 — Chronic Overstock Buffers
REC-2023-08-WH-29,2023-08,WH-29,Hub South-1 — Bengaluru Electronic City,South,Bengaluru,Mega Hub,113663.04,124260.56,288771.28625,10182.83,91496.42374999999,22.4,1.41,4324.875,0.976,0,154716.24875000003,215875,1.24,4.58,85655728.49,0.931,0.953,0.7,1098,0.143,Overstock,2023,8,3,0,0.9147,-0.0853,0.0629,0.0,1.3377,28.359,76.22,0.0814,-0.0932,197274.86,0.7167,0.0,0.799,Cluster 2 — Chronic Overstock Buffers
REC-2023-09-WH-29,2023-09,WH-29,Hub South-1 — Bengaluru Electronic City,South,Bengaluru,Mega Hub,119426.47,124331.64749999999,288771.28625,9201.04,91496.42374999999,24.1,1.23,4236.0,0.998,0,154716.24875000003,215875,1.272,4.69,142223147.8025,1.035,0.911,0.2,1098,0.158,Overstock,2023,9,3,0,0.9605,-0.0395,0.051,0.0,1.3377,31.385,72.54,0.0999,-0.0411,197274.86,0.7167,0.0,0.253,Cluster 2 — Chronic Overstock Buffers
REC-2023-10-WH-29,2023-10,WH-29,Hub South-1 — Bengaluru Electronic City,South,Bengaluru,Mega Hub,124125.97625,124331.64749999999,288771.28625,14421.01,91496.42374999999,24.5,1.43,4324.875,0.972,0,154716.24875000003,215875,1.449,5.55,142223147.8025,1.34,0.879,1.3,1098,0.167,Overstock,2023,10,4,1,0.9983,-0.0017,0.0584,0.0,1.3377,20.024,69.79,0.0961,-0.0017,197274.86,0.7167,0.0,1.772,Cluster 2 — Chronic Overstock Buffers
REC-2023-11-WH-29,2023-11,WH-29,Hub South-1 — Bengaluru Electronic City,South,Bengaluru,Mega Hub,124125.97625,124331.64749999999,288771.28625,12584.24,91496.42374999999,25.5,1.38,4324.875,0.953,0,154716.24875000003,215875,1.563,4.67,142223147.8025,1.39,0.925,0.6,1098,0.178,Overstock,2023,11,4,1,0.9983,-0.0017,0.0541,0.0,1.3377,22.947,69.79,0.0961,-0.0017,197274.86,0.7167,0.0,0.735,Cluster 2 — Chronic Overstock Buffers
REC-2023-12-WH-29,2023-12,WH-29,Hub South-1 — Bengaluru Electronic City,South,Bengaluru,Mega Hub,124125.97625,124331.64749999999,288771.28625,11080.24,91496.42374999999,22.7,1.25,4324.875,0.986,0,154716.24875000003,215875,1.716,4.08,142223147.8025,1.178,0.9,0.2,1098,0.123,Overstock,2023,12,4,1,0.9983,-0.0017,0.0551,0.0,1.3377,26.062,69.79,0.0961,-0.0017,197274.86,0.7167,0.0,0.26,Cluster 2 — Chronic Overstock Buffers
REC-2024-01-WH-29,2024-01,WH-29,Hub South-1 — Bengaluru Electronic City,South,Bengaluru,Mega Hub,104607.56,123421.38,288771.28625,10640.21,91496.42374999999,24.4,1.68,3521.0,0.954,0,154716.24875000003,215875,1.794,2.92,142223147.8025,0.889,0.903,0.5,1098,0.233,Overstock,2024,1,1,0,0.8476,-0.1524,0.0689,0.0,1.3377,27.14,82.82,0.114,-0.1799,197274.86,0.7167,0.0,0.646,Cluster 2 — Chronic Overstock Buffers
REC-2024-02-WH-29,2024-02,WH-29,Hub South-1 — Bengaluru Electronic City,South,Bengaluru,Mega Hub,98653.98,110187.48,288771.28625,10094.83,84414.16,22.6,1.46,3625.0,0.994,0,154716.24875000003,215875,1.842,2.68,142223147.8025,0.895,0.952,0.1,1098,0.207,Overstock,2024,2,1,0,0.8953,-0.1047,0.0646,0.0,1.3377,28.606,87.81,0.1209,-0.1169,204357.13,0.7167,0.0,0.114,Cluster 2 — Chronic Overstock Buffers
REC-2024-03-WH-29,2024-03,WH-29,Hub South-1 — Bengaluru Electronic City,South,Bengaluru,Mega Hub,124125.97625,124331.64749999999,288771.28625,10136.59,91496.42374999999,22.8,1.17,4324.875,0.994,0,154716.24875000003,215875,1.937,3.22,142223147.8025,0.999,0.908,0.1,1098,0.186,Overstock,2024,3,1,0,0.9983,-0.0017,0.0513,0.0,1.3377,28.488,69.79,0.0961,-0.0017,197274.86,0.7167,0.0,0.128,Cluster 2 — Chronic Overstock Buffers
REC-2024-04-WH-29,2024-04,WH-29,Hub South-1 — Bengaluru Electronic City,South,Bengaluru,Mega Hub,124125.97625,124331.64749999999,288771.28625,12159.03,91496.42374999999,22.6,1.18,4324.875,0.992,0,154716.24875000003,215875,2.025,3.55,142223147.8025,1.099,0.869,0.3,1098,0.296,Overstock,2024,4,2,0,0.9983,-0.0017,0.0522,0.0,1.3377,23.75,69.79,0.0961,-0.0017,197274.86,0.7167,0.0,0.418,Cluster 2 — Chronic Overstock Buffers
REC-2024-05-WH-29,2024-05,WH-29,Hub South-1 — Bengaluru Electronic City,South,Bengaluru,Mega Hub,124125.97625,124331.64749999999,288771.28625,15445.02,91496.42374999999,24.7,1.53,4136.0,0.967,0,154716.24875000003,215875,2.161,3.46,142223147.8025,1.117,0.957,1.1,1098,0.197,Overstock,2024,5,2,0,0.9983,-0.0017,0.0619,0.0,1.3377,18.697,69.79,0.0961,-0.0017,197274.86,0.7167,0.0,1.242,Cluster 2 — Chronic Overstock Buffers
REC-2024-06-WH-29,2024-06,WH-29,Hub South-1 — Bengaluru Electronic City,South,Bengaluru,Mega Hub,124125.97625,124331.64749999999,288771.28625,12023.71,91496.42374999999,24.3,1.34,4322.0,0.973,0,154716.24875000003,215875,2.263,2.94,142223147.8025,0.94,0.951,1.2,1098,0.329,Overstock,2024,6,2,0,0.9983,-0.0017,0.0551,0.0,1.3377,24.017,69.79,0.0961,-0.0017,197274.86,0.7167,0.0,1.376,Cluster 2 — Chronic Overstock Buffers
REC-2024-07-WH-29,2024-07,WH-29,Hub South-1 — Bengaluru Electronic City,South,Bengaluru,Mega Hub,102372.19,113738.08,288771.28625,11102.47,91496.42374999999,25.0,1.53,4324.875,0.953,0,154716.24875000003,215875,2.311,2.22,121760284.53,0.969,0.959,1.9,1098,0.161,Overstock,2024,7,3,0,0.9001,-0.0999,0.0612,0.0,1.3377,26.01,84.62,0.1078,-0.111,197274.86,0.7167,0.0,2.134,Cluster 2 — Chronic Overstock Buffers
REC-2024-08-WH-29,2024-08,WH-29,Hub South-1 — Bengaluru Electronic City,South,Bengaluru,Mega Hub,120398.85,124331.64749999999,288771.28625,10325.49,91496.42374999999,25.7,1.29,3657.0,0.985,0,154716.24875000003,215875,2.414,2.49,142223147.8025,1.004,0.885,1.3,1098,0.084,Overstock,2024,8,3,0,0.9684,-0.0316,0.0502,0.0,1.3377,27.967,71.95,0.0991,-0.0327,197274.86,0.7167,0.0,1.748,Cluster 2 — Chronic Overstock Buffers
REC-2024-09-WH-29,2024-09,WH-29,Hub South-1 — Bengaluru Electronic City,South,Bengaluru,Mega Hub,124125.97625,124331.64749999999,288771.28625,14545.13,91496.42374999999,23.7,1.46,4324.875,0.992,0,154716.24875000003,215875,2.521,3.32,142223147.8025,1.115,0.909,0.0,1098,0.216,Overstock,2024,9,3,0,0.9983,-0.0017,0.0616,0.0,1.3377,19.853,69.79,0.0961,-0.0017,197274.86,0.7167,0.0,0.0,Cluster 2 — Chronic Overstock Buffers
REC-2024-10-WH-29,2024-10,WH-29,Hub South-1 — Bengaluru Electronic City,South,Bengaluru,Mega Hub,124125.97625,124331.64749999999,288771.28625,13518.1,91496.42374999999,23.7,1.54,3963.0,0.959,0,154716.24875000003,215875,2.59,2.79,142223147.8025,1.372,0.938,0.3,1098,0.112,Overstock,2024,10,4,1,0.9983,-0.0017,0.065,0.0,1.3377,21.362,69.79,0.0961,-0.0017,197274.86,0.7167,0.0,0.356,Cluster 2 — Chronic Overstock Buffers
REC-2024-11-WH-29,2024-11,WH-29,Hub South-1 — Bengaluru Electronic City,South,Bengaluru,Mega Hub,124125.97625,124331.64749999999,288771.28625,14113.29,91496.42374999999,26.2,1.2,4194.0,0.991,0,154716.24875000003,215875,2.757,2.7,142223147.8025,1.443,0.893,0.5,1098,0.1,Overstock,2024,11,4,1,0.9983,-0.0017,0.0458,0.0,1.3377,20.461,69.79,0.0961,-0.0017,197274.86,0.7167,0.0,0.66,Cluster 2 — Chronic Overstock Buffers
REC-2024-12-WH-29,2024-12,WH-29,Hub South-1 — Bengaluru Electronic City,South,Bengaluru,Mega Hub,124125.97625,124331.64749999999,288771.28625,16157.83,91496.42374999999,24.6,1.42,4324.875,0.991,0,154716.24875000003,215875,2.854,2.78,142223147.8025,1.162,0.907,0.2,1098,0.088,Overstock,2024,12,4,1,0.9983,-0.0017,0.0577,0.0,1.3377,17.872,69.79,0.0961,-0.0017,197274.86,0.7167,0.0,0.256,Cluster 2 — Chronic Overstock Buffers
REC-2023-01-WH-30,2023-01,WH-30,Depot South-2 — Hosur Road Corridor,South,Bengaluru,Regional DC,60931.23,40286.35,21312.45,18805.39,35256.82,8.1,5.59,1759.0,0.995,0,0.0,130000,0.164,25.0,84545784.42,0.97,0.852,1.0,542,0.184,Understock / Shortage,2023,1,1,0,1.5125,0.5125,0.6901,0.0,0.1639,1.133,10.49,0.1509,0.3388,-13944.37,0.0,0.0,1.444,Cluster 1 — High-Velocity Shortage Risk
REC-2023-02-WH-30,2023-02,WH-30,Depot South-2 — Hosur Road Corridor,South,Bengaluru,Regional DC,62224.39,35812.16,583.58,15904.41,27934.46,5.8,4.62,2082.0,0.918,10,0.0,130000,0.004,25.0,69081389.74,0.934,0.742,5.65,542,0.137,Understock / Shortage,2023,2,1,0,1.7375,0.7375,0.7966,14.1,0.0045,0.037,0.28,0.1336,0.4245,-27350.88,0.0,15320.83,10.023,Cluster 1 — High-Velocity Shortage Risk
REC-2023-03-WH-30,2023-03,WH-30,Depot South-2 — Hosur Road Corridor,South,Bengaluru,Regional DC,59756.76,34424.65,444.46,13198.14,24950.3,5.9,3.99,2440.0,0.586,10,0.0,130000,0.003,25.0,80453497.0,0.991,0.82,0.2,542,0.2,Understock / Shortage,2023,3,1,0,1.7359,0.7359,0.6763,30.7,0.0034,0.034,0.22,0.1501,0.4239,-24505.84,0.0,12753.68,0.308,Cluster 1 — High-Velocity Shortage Risk
REC-2023-04-WH-30,2023-04,WH-30,Depot South-2 — Hosur Road Corridor,South,Bengaluru,Regional DC,71163.12,43397.32,119.71,15216.76,32295.91,7.2,3.86,2049.0,0.616,4,0.0,130000,0.001,25.0,41473053.07,1.137,0.808,0.0,542,0.042,Understock / Shortage,2023,4,2,0,1.6398,0.6398,0.5361,11.68,0.0009,0.008,0.05,0.0905,0.3902,-32176.2,0.0,15097.05,0.0,Cluster 1 — High-Velocity Shortage Risk
REC-2023-05-WH-30,2023-05,WH-30,Depot South-2 — Hosur Road Corridor,South,Bengaluru,Regional DC,64756.33,42974.88,99.34,19187.47,34297.28,7.0,5.35,1732.0,0.665,5,0.0,130000,0.001,25.0,67045576.5,1.134,0.818,4.8,542,0.067,Understock / Shortage,2023,5,2,0,1.5068,0.5068,0.7643,13.375,0.0008,0.005,0.05,0.1264,0.3364,-34197.94,0.0,19088.13,7.421,Cluster 1 — High-Velocity Shortage Risk
REC-2023-06-WH-30,2023-06,WH-30,Depot South-2 — Hosur Road Corridor,South,Bengaluru,Regional DC,61892.93,44072.84,562.91,16784.76,32464.3,7.6,4.9,2486.0,0.714,10,0.0,130000,0.004,25.0,96701171.92,0.996,0.764,0.7,542,0.133,Understock / Shortage,2023,6,2,0,1.4043,0.4043,0.6447,24.3,0.0043,0.034,0.27,0.1589,0.2879,-31901.39,0.0,16221.85,1.196,Cluster 1 — High-Velocity Shortage Risk
REC-2023-07-WH-30,2023-07,WH-30,Depot South-2 — Hosur Road Corridor,South,Bengaluru,Regional DC,47774.55,27741.78,258.08,10620.69,24634.56,8.8,3.99,1953.0,0.592,7,0.0,130000,0.002,25.0,59789472.33,0.893,0.735,0.0,542,0.111,Understock / Shortage,2023,7,3,0,1.7221,0.7221,0.4534,21.28,0.002,0.024,0.16,0.1619,0.4193,-24376.48,0.0,10362.61,0.0,Cluster 1 — High-Velocity Shortage Risk
REC-2023-08-WH-30,2023-08,WH-30,Depot South-2 — Hosur Road Corridor,South,Bengaluru,Regional DC,53862.75,29944.5,746.81,16701.77,30167.46,7.5,5.61,1979.0,0.561,5,0.0,130000,0.006,25.0,40796435.73,0.912,0.7,0.9,542,0.151,Understock / Shortage,2023,8,3,0,1.7988,0.7988,0.748,15.975,0.0057,0.045,0.42,0.1186,0.4441,-29420.65,0.0,15954.96,1.71,Cluster 1 — High-Velocity Shortage Risk
REC-2023-09-WH-30,2023-09,WH-30,Depot South-2 — Hosur Road Corridor,South,Bengaluru,Regional DC,68583.78,42151.02,770.1,20337.78,39312.63,8.3,5.38,2304.0,0.625,4,0.0,130000,0.006,25.0,125904614.22,1.062,0.813,0.2,542,0.151,Understock / Shortage,2023,9,3,0,1.6271,0.6271,0.6482,11.5,0.0059,0.038,0.34,0.1636,0.3854,-38542.53,0.0,19567.68,0.312,Cluster 1 — High-Velocity Shortage Risk
REC-2023-10-WH-30,2023-10,WH-30,Depot South-2 — Hosur Road Corridor,South,Bengaluru,Regional DC,75592.22,46538.65,368.89,21814.28,36176.8,5.7,5.23,2671.0,0.626,5,0.0,130000,0.003,25.0,142223147.8025,1.358,0.784,0.0,542,0.199,Balanced,2023,10,4,1,1.6243,0.6243,0.9175,14.35,0.0028,0.017,0.15,0.1578,0.3843,-35807.91,0.0,21445.39,0.0,Cluster 1 — High-Velocity Shortage Risk
REC-2023-11-WH-30,2023-11,WH-30,Depot South-2 — Hosur Road Corridor,South,Bengaluru,Regional DC,96177.51,50250.33,179.33,26297.47,50021.26,7.4,4.93,2545.0,0.526,10,0.0,130000,0.001,25.0,100971386.43,1.4,0.734,5.2,542,0.151,Understock / Shortage,2023,11,4,1,1.914,0.914,0.6662,33.7,0.0014,0.007,0.06,0.1045,0.4775,-49841.93,0.0,26118.14,9.35,Cluster 1 — High-Velocity Shortage Risk
REC-2023-12-WH-30,2023-12,WH-30,Depot South-2 — Hosur Road Corridor,South,Bengaluru,Regional DC,76853.69,48622.17,676.16,19503.86,41535.25,8.6,4.56,2830.0,0.635,4,0.0,130000,0.005,25.0,53414747.72,1.172,0.841,1.0,542,0.106,Understock / Shortage,2023,12,4,1,1.5806,0.5806,0.5302,11.3,0.0052,0.035,0.26,0.0951,0.3673,-40859.09,0.0,18827.7,1.477,Cluster 1 — High-Velocity Shortage Risk
REC-2024-01-WH-30,2024-01,WH-30,Depot South-2 — Hosur Road Corridor,South,Bengaluru,Regional DC,50710.89,38454.56,145.05,14817.7,26481.2,6.9,5.3,1972.0,0.772,10,0.0,130000,0.001,25.0,58155454.7,0.924,0.84,1.6,542,0.223,Balanced,2024,1,1,0,1.3187,0.3187,0.7681,21.4,0.0011,0.01,0.09,0.1504,0.2417,-26336.15,0.0,14672.65,2.368,Cluster 1 — High-Velocity Shortage Risk
REC-2024-02-WH-30,2024-02,WH-30,Depot South-2 — Hosur Road Corridor,South,Bengaluru,Regional DC,55913.85,35597.06,63.7,13872.93,26733.12,6.9,4.48,1801.0,0.639,7,0.0,130000,0.0,25.0,13959165.58,0.89,0.789,2.8,542,0.161,Understock / Shortage,2024,2,1,0,1.5707,0.5707,0.6493,19.635,0.0005,0.005,0.03,0.0668,0.3634,-26669.42,0.0,13809.23,4.572,Cluster 1 — High-Velocity Shortage Risk
REC-2024-03-WH-30,2024-03,WH-30,Depot South-2 — Hosur Road Corridor,South,Bengaluru,Regional DC,68166.37,42974.26,332.18,18510.47,33507.07,6.6,4.92,1799.0,0.631,11,0.0,130000,0.003,25.0,142223147.8025,1.008,0.783,1.2,542,0.265,Understock / Shortage,2024,3,1,0,1.5862,0.5862,0.7455,31.295,0.0026,0.018,0.15,0.175,0.3696,-33174.89,0.0,18178.29,1.981,Cluster 1 — High-Velocity Shortage Risk
REC-2024-04-WH-30,2024-04,WH-30,Depot South-2 — Hosur Road Corridor,South,Bengaluru,Regional DC,79011.12,41770.21,783.28,24000.33,49547.26,9.7,5.49,2622.0,0.533,6,0.0,130000,0.006,25.0,49953395.97,1.12,0.736,3.4,542,0.15,Understock / Shortage,2024,4,2,0,1.8916,0.8916,0.566,20.01,0.006,0.033,0.3,0.0895,0.4713,-48763.98,0.0,23217.05,6.093,Cluster 1 — High-Velocity Shortage Risk
REC-2024-05-WH-30,2024-05,WH-30,Depot South-2 — Hosur Road Corridor,South,Bengaluru,Regional DC,85139.78,54096.92,701.11,25369.92,50344.26,8.8,5.39,2667.0,0.645,7,0.0,130000,0.005,25.0,142223147.8025,1.194,0.852,0.2,542,0.218,Understock / Shortage,2024,5,2,0,1.5738,0.5738,0.6125,19.425,0.0054,0.028,0.25,0.1401,0.3646,-49643.15,0.0,24668.81,0.289,Cluster 1 — High-Velocity Shortage Risk
REC-2024-06-WH-30,2024-06,WH-30,Depot South-2 — Hosur Road Corridor,South,Bengaluru,Regional DC,61940.24,45860.27,745.58,17198.35,33096.34,7.7,5.02,1798.0,0.752,11,0.0,130000,0.006,25.0,19597169.6,0.995,0.833,0.5,542,0.188,Understock / Shortage,2024,6,2,0,1.3506,0.3506,0.6519,24.64,0.0057,0.043,0.36,0.0715,0.2596,-32350.76,0.0,16452.77,0.75,Cluster 1 — High-Velocity Shortage Risk
REC-2024-07-WH-30,2024-07,WH-30,Depot South-2 — Hosur Road Corridor,South,Bengaluru,Regional DC,65029.3,45702.89,86.07,18460.76,35151.61,7.7,5.13,2567.0,0.714,5,0.0,130000,0.001,25.0,53373331.87,0.924,0.765,1.5,542,0.239,Understock / Shortage,2024,7,3,0,1.4229,0.4229,0.6662,12.15,0.0007,0.005,0.04,0.1123,0.2972,-35065.54,0.0,18374.69,2.558,Cluster 1 — High-Velocity Shortage Risk
REC-2024-08-WH-30,2024-08,WH-30,Depot South-2 — Hosur Road Corridor,South,Bengaluru,Regional DC,69483.87,51104.63,773.47,16477.84,38017.84,9.3,4.28,2519.0,0.737,5,0.0,130000,0.006,25.0,50172167.78,1.036,0.832,0.3,542,0.207,Understock / Shortage,2024,8,3,0,1.3596,0.3596,0.4602,11.575,0.0059,0.047,0.33,0.1019,0.2645,-37244.37,0.0,15704.37,0.451,Cluster 1 — High-Velocity Shortage Risk
REC-2024-09-WH-30,2024-09,WH-30,Depot South-2 — Hosur Road Corridor,South,Bengaluru,Regional DC,67936.74,45039.85,471.1,20335.55,35508.09,6.7,5.43,2980.0,0.674,4,0.0,130000,0.004,25.0,77309876.51,1.019,0.791,1.8,542,0.188,Understock / Shortage,2024,9,3,0,1.5084,0.5084,0.8104,10.52,0.0036,0.023,0.21,0.1294,0.337,-35036.99,0.0,19864.45,2.929,Cluster 1 — High-Velocity Shortage Risk
REC-2024-10-WH-30,2024-10,WH-30,Depot South-2 — Hosur Road Corridor,South,Bengaluru,Regional DC,82260.27,53180.63,131.09,20640.42,40657.09,7.3,4.53,2318.0,0.652,4,0.0,130000,0.001,25.0,61649020.82,1.351,0.806,0.0,542,0.025,Understock / Shortage,2024,10,4,1,1.5468,0.5468,0.6205,10.96,0.001,0.006,0.05,0.0954,0.3535,-40526.0,0.0,20509.33,0.0,Cluster 1 — High-Velocity Shortage Risk
REC-2024-11-WH-30,2024-11,WH-30,Depot South-2 — Hosur Road Corridor,South,Bengaluru,Regional DC,101047.43,70189.9,417.72,27048.45,59046.8,9.5,4.84,3451.0,0.696,6,0.0,130000,0.003,25.0,142223147.8025,1.399,0.764,1.6,542,0.147,Understock / Shortage,2024,11,4,1,1.4396,0.4396,0.5095,15.12,0.0032,0.015,0.12,0.118,0.3054,-58629.08,0.0,26630.73,2.733,Cluster 1 — High-Velocity Shortage Risk
REC-2024-12-WH-30,2024-12,WH-30,Depot South-2 — Hosur Road Corridor,South,Bengaluru,Regional DC,85539.32,46021.66,550.34,22604.6,49692.05,9.5,4.75,3000.0,0.543,9,0.0,130000,0.004,25.0,87900228.56,1.184,0.74,0.9,542,0.27,Understock / Shortage,2024,12,4,1,1.8587,0.8587,0.5,29.565,0.0042,0.024,0.19,0.1096,0.462,-49141.71,0.0,22054.26,1.602,Cluster 1 — High-Velocity Shortage Risk
REC-2023-01-WH-31,2023-01,WH-31,Facility South-3 — Whitefield Urban DC,South,Bengaluru,Urban Depot,19693.95,11670.39,5488.29,5760.43,11209.09,8.3,5.27,829.0,0.964,0,0.0,52000,0.106,25.0,11132505.6,0.926,0.781,2.8,272,0.165,Understock / Shortage,2023,1,1,0,1.6875,0.6875,0.6349,0.0,0.1055,0.953,8.36,0.1694,0.4074,-5720.8,0.0,272.14,4.64,Cluster 1 — High-Velocity Shortage Risk
REC-2023-02-WH-31,2023-02,WH-31,Facility South-3 — Whitefield Urban DC,South,Bengaluru,Urban Depot,17379.23,11153.6,184.79,6300.05,10934.51,8.0,6.56,485.0,0.958,4,0.0,52000,0.004,25.0,2967348.88,0.901,0.83,5.65,272,0.147,Understock / Shortage,2023,2,1,0,1.5582,0.5582,0.82,4.84,0.0036,0.029,0.32,0.0991,0.3582,-10749.72,0.0,6115.26,8.532,Cluster 1 — High-Velocity Shortage Risk
REC-2023-03-WH-31,2023-03,WH-31,Facility South-3 — Whitefield Urban DC,South,Bengaluru,Urban Depot,20255.32,14756.9,4.13,6913.01,13867.34,10.3,6.19,756.0,0.738,8,0.0,52000,0.0,25.0,11791502.36,1.048,0.876,0.9,272,0.248,Understock / Shortage,2023,3,1,0,1.3726,0.3726,0.601,18.48,0.0001,0.001,0.01,0.1695,0.2715,-13863.21,0.0,6908.88,1.235,Cluster 1 — High-Velocity Shortage Risk
REC-2023-04-WH-31,2023-04,WH-31,Facility South-3 — Whitefield Urban DC,South,Bengaluru,Urban Depot,21313.35,12128.89,181.98,7593.05,13560.79,8.4,6.44,683.0,0.569,4,0.0,52000,0.003,25.0,5385000.87,1.104,0.799,0.2,272,0.207,Understock / Shortage,2023,4,2,0,1.7572,0.7572,0.7667,12.62,0.0035,0.024,0.26,0.1089,0.4309,-13378.81,0.0,7411.07,0.321,Cluster 1 — High-Velocity Shortage Risk
REC-2023-05-WH-31,2023-05,WH-31,Facility South-3 — Whitefield Urban DC,South,Bengaluru,Urban Depot,21326.76,16234.1,148.62,6983.84,13097.51,8.6,5.94,943.0,0.77,10,0.0,52000,0.003,25.0,14932104.1,1.134,0.845,2.9,272,0.144,Understock / Shortage,2023,5,2,0,1.3137,0.3137,0.6907,21.5,0.0029,0.021,0.21,0.1812,0.2388,-12948.89,0.0,6835.22,4.248,Cluster 1 — High-Velocity Shortage Risk
REC-2023-06-WH-31,2023-06,WH-31,Facility South-3 — Whitefield Urban DC,South,Bengaluru,Urban Depot,18235.45,10935.66,29.67,6136.72,12093.63,9.8,6.1,545.0,0.608,4,0.0,52000,0.001,25.0,1347237.12,1.026,0.76,2.0,272,0.162,Understock / Shortage,2023,6,2,0,1.6675,0.6675,0.6224,11.84,0.0006,0.005,0.05,0.0637,0.4003,-12063.96,0.0,6107.05,3.44,Cluster 1 — High-Velocity Shortage Risk
REC-2023-07-WH-31,2023-07,WH-31,Facility South-3 — Whitefield Urban DC,South,Bengaluru,Urban Depot,18041.28,12836.26,173.08,6311.19,12926.33,11.0,6.34,716.0,0.713,4,0.0,52000,0.003,25.0,4028699.38,0.928,0.781,1.0,272,0.097,Understock / Shortage,2023,7,3,0,1.4055,0.4055,0.5764,9.74,0.0033,0.027,0.29,0.1113,0.2885,-12753.25,0.0,6138.11,1.657,Cluster 1 — High-Velocity Shortage Risk
REC-2023-08-WH-31,2023-08,WH-31,Facility South-3 — Whitefield Urban DC,South,Bengaluru,Urban Depot,22281.73,13464.91,35.42,6242.87,12258.94,8.1,5.05,810.0,0.612,5,0.0,52000,0.001,25.0,2024134.13,0.928,0.799,3.5,272,0.063,Understock / Shortage,2023,8,3,0,1.6548,0.6548,0.6235,14.7,0.0007,0.006,0.05,0.0639,0.3957,-12223.52,0.0,6207.45,5.61,Cluster 1 — High-Velocity Shortage Risk
REC-2023-09-WH-31,2023-09,WH-31,Facility South-3 — Whitefield Urban DC,South,Bengaluru,Urban Depot,23509.36,14335.87,55.65,6563.32,14164.68,9.7,5.03,878.0,0.611,7,0.0,52000,0.001,25.0,8671749.2,1.063,0.82,3.4,272,0.08,Understock / Shortage,2023,9,3,0,1.6399,0.6399,0.5186,20.615,0.0011,0.008,0.07,0.1253,0.3902,-14109.03,0.0,6507.67,5.236,Cluster 1 — High-Velocity Shortage Risk
REC-2023-10-WH-31,2023-10,WH-31,Facility South-3 — Whitefield Urban DC,South,Bengaluru,Urban Depot,31143.0,22409.5,369.74,9559.93,18902.83,9.0,5.55,1021.0,0.721,4,0.0,52000,0.007,25.0,44846330.14,1.368,0.824,0.1,272,0.149,Understock / Shortage,2023,10,4,1,1.3897,0.3897,0.6167,9.58,0.0071,0.039,0.36,0.215,0.2804,-18533.09,0.0,9190.19,0.153,Cluster 1 — High-Velocity Shortage Risk
REC-2023-11-WH-31,2023-11,WH-31,Facility South-3 — Whitefield Urban DC,South,Bengaluru,Urban Depot,26745.56,19169.97,418.7,9588.29,15561.47,6.7,6.51,825.0,0.731,9,0.0,52000,0.008,25.0,34125706.78,1.394,0.781,0.3,272,0.131,Understock / Shortage,2023,11,4,1,1.3952,0.3952,0.9716,21.105,0.0081,0.044,0.47,0.2184,0.2832,-15142.77,0.0,9169.59,0.497,Cluster 1 — High-Velocity Shortage Risk
REC-2023-12-WH-31,2023-12,WH-31,Facility South-3 — Whitefield Urban DC,South,Bengaluru,Urban Depot,26278.7,17815.32,97.55,7046.88,15894.04,10.1,4.82,911.0,0.694,11,0.0,52000,0.002,25.0,3616767.1,1.138,0.806,1.3,272,0.086,Understock / Shortage,2023,12,4,1,1.4751,0.4751,0.4772,27.83,0.0019,0.014,0.11,0.0724,0.3221,-15796.49,0.0,6949.33,2.057,Cluster 1 — High-Velocity Shortage Risk
REC-2024-01-WH-31,2024-01,WH-31,Facility South-3 — Whitefield Urban DC,South,Bengaluru,Urban Depot,20025.4,12583.48,170.35,5829.11,11569.72,8.6,5.28,702.0,0.633,7,0.0,52000,0.003,25.0,5948992.92,0.905,0.804,0.6,272,0.178,Overstock,2024,1,1,0,1.5914,0.5914,0.614,19.845,0.0033,0.029,0.26,0.1218,0.3716,-11399.37,0.0,5658.76,0.953,Cluster 1 — High-Velocity Shortage Risk
REC-2024-02-WH-31,2024-02,WH-31,Facility South-3 — Whitefield Urban DC,South,Bengaluru,Urban Depot,18822.7,9928.6,102.33,5036.72,9993.36,7.9,4.82,501.0,0.537,5,0.0,52000,0.002,25.0,12711738.32,0.855,0.747,0.8,272,0.18,Understock / Shortage,2024,2,1,0,1.8958,0.8958,0.6101,16.575,0.002,0.02,0.16,0.1894,0.4725,-9891.03,0.0,4934.39,1.407,Cluster 1 — High-Velocity Shortage Risk
REC-2024-03-WH-31,2024-03,WH-31,Facility South-3 — Whitefield Urban DC,South,Bengaluru,Urban Depot,20875.66,12670.55,66.31,5987.47,11832.65,8.4,5.19,751.0,0.612,7,0.0,52000,0.001,25.0,17466916.77,0.993,0.814,5.65,272,0.146,Understock / Shortage,2024,3,1,0,1.6476,0.6476,0.6179,20.58,0.0013,0.011,0.1,0.2002,0.393,-11766.34,0.0,5921.16,8.803,Cluster 1 — High-Velocity Shortage Risk
REC-2024-04-WH-31,2024-04,WH-31,Facility South-3 — Whitefield Urban DC,South,Bengaluru,Urban Depot,27777.92,20848.54,252.6,7847.87,15996.06,8.8,5.09,894.0,0.753,8,0.0,52000,0.005,25.0,15845395.46,1.143,0.821,2.2,272,0.175,Understock / Shortage,2024,4,2,0,1.3324,0.3324,0.5784,17.88,0.0049,0.032,0.27,0.1433,0.2495,-15743.46,0.0,7595.27,3.381,Cluster 1 — High-Velocity Shortage Risk
REC-2024-05-WH-31,2024-05,WH-31,Facility South-3 — Whitefield Urban DC,South,Bengaluru,Urban Depot,27320.95,16627.98,39.15,9656.07,18216.63,9.4,6.41,900.0,0.618,6,0.0,52000,0.001,25.0,19285694.52,1.158,0.815,5.65,272,0.139,Understock / Shortage,2024,5,2,0,1.6431,0.6431,0.6819,17.46,0.0008,0.004,0.04,0.1607,0.3914,-18177.48,0.0,9616.92,8.786,Cluster 1 — High-Velocity Shortage Risk
REC-2024-06-WH-31,2024-06,WH-31,Facility South-3 — Whitefield Urban DC,South,Bengaluru,Urban Depot,23815.11,16055.62,108.91,8593.42,15737.95,9.0,6.53,917.0,0.676,8,0.0,52000,0.002,25.0,2284728.81,1.001,0.767,1.8,272,0.276,Understock / Shortage,2024,6,2,0,1.4833,0.4833,0.7256,20.96,0.0021,0.013,0.14,0.0635,0.3258,-15629.04,0.0,8484.51,3.058,Cluster 1 — High-Velocity Shortage Risk
REC-2024-07-WH-31,2024-07,WH-31,Facility South-3 — Whitefield Urban DC,South,Bengaluru,Urban Depot,21699.69,15817.28,7.39,6339.71,12053.96,7.9,5.3,572.0,0.734,7,0.0,52000,0.0,25.0,688322.12,0.884,0.834,2.8,272,0.191,Balanced,2024,7,3,0,1.3719,0.3719,0.6709,16.31,0.0001,0.001,0.01,0.0382,0.2711,-12046.57,0.0,6332.32,4.194,Cluster 1 — High-Velocity Shortage Risk
REC-2024-08-WH-31,2024-08,WH-31,Facility South-3 — Whitefield Urban DC,South,Bengaluru,Urban Depot,19096.62,11100.66,156.75,5631.45,11424.09,9.1,5.32,786.0,0.582,5,0.0,52000,0.003,25.0,5857976.44,0.941,0.811,0.2,272,0.205,Understock / Shortage,2024,8,3,0,1.7203,0.7203,0.5846,15.45,0.003,0.028,0.25,0.1267,0.4187,-11267.34,0.0,5474.7,0.313,Cluster 1 — High-Velocity Shortage Risk
REC-2024-09-WH-31,2024-09,WH-31,Facility South-3 — Whitefield Urban DC,South,Bengaluru,Urban Depot,28498.71,19286.09,52.4,8992.64,16592.3,8.0,5.71,1279.0,0.682,10,0.0,52000,0.001,25.0,21220088.6,1.084,0.809,0.8,272,0.234,Understock / Shortage,2024,9,3,0,1.4777,0.4777,0.7138,25.9,0.001,0.006,0.06,0.1616,0.3233,-16539.9,0.0,8940.24,1.258,Cluster 1 — High-Velocity Shortage Risk
REC-2024-10-WH-31,2024-10,WH-31,Facility South-3 — Whitefield Urban DC,South,Bengaluru,Urban Depot,26915.42,17359.49,245.21,9285.94,18257.75,10.0,6.25,880.0,0.647,7,0.0,52000,0.005,25.0,7651571.52,1.324,0.785,0.7,272,0.116,Understock / Shortage,2024,10,4,1,1.5505,0.5505,0.625,19.355,0.0047,0.026,0.27,0.1028,0.355,-18012.54,0.0,9040.73,1.152,Cluster 1 — High-Velocity Shortage Risk
REC-2024-11-WH-31,2024-11,WH-31,Facility South-3 — Whitefield Urban DC,South,Bengaluru,Urban Depot,32325.9,23229.97,492.55,10072.23,19877.75,9.1,5.65,1168.0,0.726,4,0.0,52000,0.009,25.0,52326270.25,1.355,0.795,1.0,272,0.157,Understock / Shortage,2024,11,4,1,1.3916,0.3916,0.6209,9.48,0.0095,0.049,0.46,0.2238,0.2814,-19385.2,0.0,9579.68,1.615,Cluster 1 — High-Velocity Shortage Risk
REC-2024-12-WH-31,2024-12,WH-31,Facility South-3 — Whitefield Urban DC,South,Bengaluru,Urban Depot,24742.75,18776.86,198.31,8328.09,18142.71,11.9,6.09,862.0,0.779,5,0.0,52000,0.004,25.0,10411864.34,1.144,0.843,1.2,272,0.142,Understock / Shortage,2024,12,4,1,1.3177,0.3177,0.5118,10.525,0.0038,0.024,0.24,0.1304,0.2411,-17944.4,0.0,8129.78,1.765,Cluster 1 — High-Velocity Shortage Risk
REC-2023-01-WH-32,2023-01,WH-32,Hub South-4 — Chennai Port Mega Hub,South,Chennai,Mega Hub,84004.05,82419.99,109222.08,12447.12,79930.37,24.1,2.61,3047.0,0.99,0,10621.03,210000,0.52,9.23,79743810.29,0.918,0.856,2.2,974,0.112,Overstock,2023,1,1,0,1.0192,0.0192,0.1083,0.0,0.5201,8.775,39.01,0.1063,0.0189,29291.71,0.0506,0.0,3.15,Cluster 0 — Balanced Operational Flow
REC-2023-02-WH-32,2023-02,WH-32,Hub South-4 — Chennai Port Mega Hub,South,Chennai,Mega Hub,78800.56,77529.42,107950.94,11019.46,70645.22,22.7,2.44,2565.0,0.978,0,20776.53,210000,0.514,8.76,38815017.12,0.846,0.91,0.3,974,0.111,Overstock,2023,2,1,0,1.0164,0.0164,0.1075,0.0,0.5141,9.796,41.1,0.0791,0.0161,37305.72,0.0989,0.0,0.381,Cluster 0 — Balanced Operational Flow
REC-2023-03-WH-32,2023-03,WH-32,Hub South-4 — Chennai Port Mega Hub,South,Chennai,Mega Hub,100641.63,105298.21,112607.52,13797.15,89949.32,22.7,2.21,3171.0,0.996,0,1962.47,210000,0.536,10.72,142223147.8025,1.056,0.894,2.7,974,0.235,Overstock,2023,3,1,0,0.9558,-0.0442,0.0974,0.0,0.5362,8.162,33.57,0.1185,-0.0463,22658.2,0.0093,0.0,3.559,Cluster 0 — Balanced Operational Flow
REC-2023-04-WH-32,2023-04,WH-32,Hub South-4 — Chennai Port Mega Hub,South,Chennai,Mega Hub,108735.03,106819.46,110691.95,16884.78,91496.42374999999,22.9,2.66,3225.0,0.969,0,0.0,210000,0.527,11.79,142223147.8025,1.162,0.884,0.4,974,0.149,Overstock,2023,4,2,0,1.0179,0.0179,0.1162,0.0,0.5271,6.556,30.54,0.1097,0.0176,19195.53,0.0,0.0,0.539,Cluster 0 — Balanced Operational Flow
REC-2023-05-WH-32,2023-05,WH-32,Hub South-4 — Chennai Port Mega Hub,South,Chennai,Mega Hub,100245.22,101316.95,111763.68,13924.4,89776.62,22.7,2.4,3805.0,0.995,0,1100.46,210000,0.532,10.76,142223147.8025,1.182,0.905,0.1,974,0.223,Overstock,2023,5,2,0,0.9894,-0.0106,0.1057,0.0,0.5322,8.026,33.45,0.119,-0.0107,21987.06,0.0052,0.0,0.128,Cluster 0 — Balanced Operational Flow
REC-2023-06-WH-32,2023-06,WH-32,Hub South-4 — Chennai Port Mega Hub,South,Chennai,Mega Hub,110962.66,114647.27,115448.29,17451.52,91496.42374999999,26.3,2.62,3164.0,0.957,0,0.0,210000,0.55,11.53,68807125.54,1.029,0.948,4.1,974,0.189,Overstock,2023,6,2,0,0.9679,-0.0321,0.0996,0.0,0.5498,6.615,31.21,0.0748,-0.0332,23951.87,0.0,0.0,4.74,Cluster 0 — Balanced Operational Flow
REC-2023-07-WH-32,2023-07,WH-32,Hub South-4 — Chennai Port Mega Hub,South,Chennai,Mega Hub,82473.66,84877.94,117852.57,9164.16,80641.33,26.0,1.9,2374.0,0.971,0,23465.0,210000,0.561,8.4,142223147.8025,0.884,0.89,0.1,974,0.196,Overstock,2023,7,3,0,0.9717,-0.0283,0.0731,0.0,0.5612,12.86,42.87,0.1446,-0.0292,37211.24,0.1117,0.0,0.133,Cluster 0 — Balanced Operational Flow
REC-2023-08-WH-32,2023-08,WH-32,Hub South-4 — Chennai Port Mega Hub,South,Chennai,Mega Hub,96984.33,89581.09,110449.33,13535.99,91496.42374999999,25.7,2.3,3136.0,0.964,0,0.0,210000,0.526,10.54,142223147.8025,0.942,0.879,1.8,974,0.112,Balanced,2023,8,3,0,1.0826,0.0826,0.0895,0.0,0.5259,8.16,34.17,0.123,0.0763,18952.91,0.0,0.0,2.453,Cluster 0 — Balanced Operational Flow
REC-2023-09-WH-32,2023-09,WH-32,Hub South-4 — Chennai Port Mega Hub,South,Chennai,Mega Hub,101338.67,101445.66,110556.32,15420.19,91496.42374999999,24.6,2.57,3501.0,0.993,0,0.0,210000,0.526,11.0,97339516.05,1.03,0.9,0.2,974,0.098,Overstock,2023,9,3,0,0.9989,-0.0011,0.1045,0.0,0.5265,7.17,32.73,0.0974,-0.0011,19059.9,0.0,0.0,0.26,Cluster 0 — Balanced Operational Flow
REC-2023-10-WH-32,2023-10,WH-32,Hub South-4 — Chennai Port Mega Hub,South,Chennai,Mega Hub,124125.97625,124331.64749999999,107000.44,16772.02,91496.42374999999,25.3,2.25,3525.0,0.968,0,0.0,210000,0.51,14.68,101320217.93,1.337,0.889,0.2,974,0.135,Overstock,2023,10,4,1,0.9983,-0.0017,0.0889,0.0,0.5095,6.38,25.86,0.0811,-0.0017,15504.02,0.0,0.0,0.267,Cluster 0 — Balanced Operational Flow
REC-2023-11-WH-32,2023-11,WH-32,Hub South-4 — Chennai Port Mega Hub,South,Chennai,Mega Hub,124125.97625,124331.64749999999,114769.0,17296.36,91496.42374999999,26.2,2.12,4324.875,0.973,0,0.0,210000,0.547,14.72,142223147.8025,1.382,0.947,0.4,974,0.085,Overstock,2023,11,4,1,0.9983,-0.0017,0.0809,0.0,0.5465,6.635,27.74,0.0961,-0.0017,23272.58,0.0,0.0,0.464,Cluster 0 — Balanced Operational Flow
REC-2023-12-WH-32,2023-12,WH-32,Hub South-4 — Chennai Port Mega Hub,South,Chennai,Mega Hub,113379.92,115337.47,116726.55,13582.0,91496.42374999999,24.9,2.03,3768.0,0.968,0,0.0,210000,0.556,11.66,142223147.8025,1.129,0.839,0.2,974,0.029,Overstock,2023,12,4,1,0.983,-0.017,0.0815,0.0,0.5558,8.594,30.89,0.1052,-0.0173,25230.13,0.0,0.0,0.297,Cluster 0 — Balanced Operational Flow
REC-2024-01-WH-32,2024-01,WH-32,Hub South-4 — Chennai Port Mega Hub,South,Chennai,Mega Hub,98401.29,99833.31,118158.57,15137.13,91496.42374999999,23.3,2.66,2658.0,0.976,0,3890.74,210000,0.563,9.99,66620234.11,0.932,0.923,0.6,974,0.202,Overstock,2024,1,1,0,0.9857,-0.0143,0.1142,0.0,0.5627,7.806,36.02,0.0829,-0.0146,26662.15,0.0185,0.0,0.739,Cluster 0 — Balanced Operational Flow
REC-2024-02-WH-32,2024-02,WH-32,Hub South-4 — Chennai Port Mega Hub,South,Chennai,Mega Hub,87310.03,85690.22,116538.76,11200.16,81339.22,24.1,2.05,2907.0,0.979,0,18399.3,210000,0.555,8.99,50615919.93,0.877,0.871,0.3,974,0.14,Overstock,2024,2,1,0,1.0189,0.0189,0.0851,0.0,0.5549,10.405,40.04,0.0815,0.0186,35199.54,0.0876,0.0,0.416,Cluster 0 — Balanced Operational Flow
REC-2024-03-WH-32,2024-03,WH-32,Hub South-4 — Chennai Port Mega Hub,South,Chennai,Mega Hub,99070.86,103023.16,120491.06,15647.61,91271.7,22.9,2.66,4248.0,0.969,0,5747.95,210000,0.574,9.87,142223147.8025,1.033,0.932,2.2,974,0.249,Overstock,2024,3,1,0,0.9616,-0.0384,0.1162,0.0,0.5738,7.7,36.49,0.1204,-0.0399,29219.36,0.0274,0.0,2.649,Cluster 0 — Balanced Operational Flow
REC-2024-04-WH-32,2024-04,WH-32,Hub South-4 — Chennai Port Mega Hub,South,Chennai,Mega Hub,124125.97625,124331.64749999999,122851.51,16803.35,91496.42374999999,23.4,2.35,4324.875,0.996,0,0.0,210000,0.585,12.27,142223147.8025,1.119,0.92,0.2,974,0.133,Overstock,2024,4,2,0,0.9983,-0.0017,0.1004,0.0,0.585,7.311,29.69,0.0961,-0.0017,31355.09,0.0,0.0,0.248,Cluster 0 — Balanced Operational Flow
REC-2024-05-WH-32,2024-05,WH-32,Hub South-4 — Chennai Port Mega Hub,South,Chennai,Mega Hub,119682.34,120694.75,123863.92,18319.64,91496.42374999999,24.1,2.71,4324.875,0.978,0,0.0,210000,0.59,11.59,142223147.8025,1.192,0.906,0.9,974,0.173,Overstock,2024,5,2,0,0.9916,-0.0084,0.1124,0.0,0.5898,6.761,31.05,0.0996,-0.0085,32367.5,0.0,0.0,1.154,Cluster 0 — Balanced Operational Flow
REC-2024-06-WH-32,2024-06,WH-32,Hub South-4 — Chennai Port Mega Hub,South,Chennai,Mega Hub,97402.39,103965.71,130427.24,14248.55,91496.42374999999,24.8,2.37,4133.0,0.992,0,14286.56,210000,0.621,8.96,142223147.8025,1.014,0.897,0.8,974,0.122,Overstock,2024,6,2,0,0.9369,-0.0631,0.0956,0.0,0.6211,9.154,40.17,0.1224,-0.0674,38930.82,0.068,0.0,1.047,Cluster 0 — Balanced Operational Flow
REC-2024-07-WH-32,2024-07,WH-32,Hub South-4 — Chennai Port Mega Hub,South,Chennai,Mega Hub,96790.37,91060.49,124697.36,14546.29,83912.72,21.5,2.66,2639.0,0.983,0,18965.21,210000,0.594,9.31,142223147.8025,0.875,0.912,0.8,974,0.158,Overstock,2024,7,3,0,1.0629,0.0629,0.1237,0.0,0.5938,8.572,38.65,0.1232,0.0592,40784.64,0.0903,0.0,1.011,Cluster 0 — Balanced Operational Flow
REC-2024-08-WH-32,2024-08,WH-32,Hub South-4 — Chennai Port Mega Hub,South,Chennai,Mega Hub,98084.14,98464.46,125077.68,12276.83,89109.41,23.5,2.17,2781.0,0.963,0,17553.02,210000,0.596,9.41,142223147.8025,0.939,0.884,1.1,974,0.174,Overstock,2024,8,3,0,0.9961,-0.0039,0.0923,0.0,0.5956,10.188,38.26,0.1216,-0.0039,35968.27,0.0836,0.0,1.483,Cluster 0 — Balanced Operational Flow
REC-2024-09-WH-32,2024-09,WH-32,Hub South-4 — Chennai Port Mega Hub,South,Chennai,Mega Hub,112645.18,107326.76,119759.26,17674.38,91496.42374999999,25.9,2.78,3933.0,0.961,0,0.0,210000,0.57,11.29,142223147.8025,1.089,0.89,1.4,974,0.287,Overstock,2024,9,3,0,1.0496,0.0496,0.1073,0.0,0.5703,6.776,31.89,0.1059,0.0472,28262.84,0.0,0.0,1.862,Cluster 0 — Balanced Operational Flow
REC-2024-10-WH-32,2024-10,WH-32,Hub South-4 — Chennai Port Mega Hub,South,Chennai,Mega Hub,124125.97625,124331.64749999999,123495.73,17186.55,91496.42374999999,23.3,2.09,3900.0,0.962,0,0.0,210000,0.588,13.06,142223147.8025,1.338,0.85,0.7,974,0.261,Overstock,2024,10,4,1,0.9983,-0.0017,0.0897,0.0,0.5881,7.186,29.85,0.0961,-0.0017,31999.31,0.0,0.0,1.015,Cluster 0 — Balanced Operational Flow
REC-2024-11-WH-32,2024-11,WH-32,Hub South-4 — Chennai Port Mega Hub,South,Chennai,Mega Hub,124125.97625,124331.64749999999,130196.34,14971.61,91496.42374999999,22.7,1.92,4008.0,0.991,0,0.0,210000,0.62,12.36,142223147.8025,1.367,0.956,2.4,974,0.09,Overstock,2024,11,4,1,0.9983,-0.0017,0.0846,0.0,0.62,8.696,31.47,0.0961,-0.0017,38699.92,0.0,0.0,2.717,Cluster 0 — Balanced Operational Flow
REC-2024-12-WH-32,2024-12,WH-32,Hub South-4 — Chennai Port Mega Hub,South,Chennai,Mega Hub,124125.97625,124331.64749999999,130633.79,19415.91,91496.42374999999,26.1,2.05,4324.875,0.951,0,0.0,210000,0.622,14.45,142223147.8025,1.145,0.959,1.0,974,0.183,Overstock,2024,12,4,1,0.9983,-0.0017,0.0785,0.0,0.6221,6.728,31.57,0.0961,-0.0017,39137.37,0.0,0.0,1.123,Cluster 0 — Balanced Operational Flow
REC-2023-01-WH-33,2023-01,WH-33,Depot South-5 — Sriperumbudur Terminal,South,Chennai,Regional DC,38881.17,36835.35,45414.48,8308.59,32414.92,18.6,3.77,1261.0,0.99,0,536.68,98000,0.463,10.27,15636791.84,0.971,0.954,2.5,397,0.216,Overstock,2023,1,1,0,1.0555,0.0555,0.2027,0.0,0.4634,5.466,35.04,0.1017,0.0526,12999.56,0.0055,0.0,2.845,Cluster 0 — Balanced Operational Flow
REC-2023-02-WH-33,2023-02,WH-33,Depot South-5 — Sriperumbudur Terminal,South,Chennai,Regional DC,35709.39,37841.11,47546.2,6601.38,26717.67,16.9,3.32,1340.0,0.964,0,10926.46,98000,0.485,9.01,33380132.73,0.942,0.883,0.2,397,0.089,Overstock,2023,2,1,0,0.9437,-0.0563,0.1964,0.0,0.4852,7.202,39.94,0.1618,-0.0597,20828.53,0.1115,0.0,0.27,Cluster 0 — Balanced Operational Flow
REC-2023-03-WH-33,2023-03,WH-33,Depot South-5 — Sriperumbudur Terminal,South,Chennai,Regional DC,40793.38,39265.28,46018.1,9543.33,32251.64,16.7,4.19,1233.0,0.97,0,0.0,98000,0.47,10.64,20487526.49,1.022,0.951,1.8,397,0.273,Overstock,2023,3,1,0,1.0389,0.0389,0.2509,0.0,0.4696,4.822,33.84,0.111,0.0375,13766.46,0.0,0.0,2.065,Cluster 0 — Balanced Operational Flow
REC-2023-04-WH-33,2023-04,WH-33,Depot South-5 — Sriperumbudur Terminal,South,Chennai,Regional DC,43673.6,41461.34,43805.84,8548.48,35480.53,18.5,3.5,1732.0,0.987,0,0.0,98000,0.447,11.96,18663378.97,1.162,0.942,0.9,397,0.022,Overstock,2023,4,2,0,1.0534,0.0534,0.1892,0.0,0.447,5.124,30.09,0.0989,0.0507,8325.31,0.0,0.0,1.057,Cluster 0 — Balanced Operational Flow
REC-2023-05-WH-33,2023-05,WH-33,Depot South-5 — Sriperumbudur Terminal,South,Chennai,Regional DC,40664.67,42282.16,45423.33,7773.22,31765.38,17.7,3.39,1401.0,0.982,0,1998.12,98000,0.464,10.74,28804342.28,1.191,0.949,4.9,397,0.104,Overstock,2023,5,2,0,0.9617,-0.0383,0.1915,0.0,0.4635,5.844,33.51,0.132,-0.0398,13657.95,0.0204,0.0,5.65,Cluster 0 — Balanced Operational Flow
REC-2023-06-WH-33,2023-06,WH-33,Depot South-5 — Sriperumbudur Terminal,South,Chennai,Regional DC,37552.78,38776.01,46646.56,9242.81,31148.6,17.5,4.42,1350.0,0.959,0,1633.74,98000,0.476,9.66,31044706.58,1.053,0.895,0.9,397,0.173,Overstock,2023,6,2,0,0.9685,-0.0315,0.2526,0.0,0.476,5.047,37.26,0.1484,-0.0326,15497.96,0.0167,0.0,1.184,Cluster 0 — Balanced Operational Flow
REC-2023-07-WH-33,2023-07,WH-33,Depot South-5 — Sriperumbudur Terminal,South,Chennai,Regional DC,35507.39,35988.36,47127.53,6879.81,26645.59,16.7,3.44,1095.0,0.953,0,10162.22,98000,0.481,9.04,51198990.06,0.917,0.921,0.5,397,0.101,Overstock,2023,7,3,0,0.9866,-0.0134,0.206,0.0,0.4809,6.85,39.82,0.2015,-0.0135,20481.94,0.1037,0.0,0.618,Cluster 0 — Balanced Operational Flow
REC-2023-08-WH-33,2023-08,WH-33,Depot South-5 — Sriperumbudur Terminal,South,Chennai,Regional DC,36488.98,36531.52,47170.07,8127.35,29899.11,17.9,3.97,1278.0,0.984,0,5079.93,98000,0.481,9.28,3684020.67,0.922,0.99,0.8,397,0.204,Overstock,2023,8,3,0,0.9988,-0.0012,0.2218,0.0,0.4813,5.804,38.78,0.0526,-0.0012,17270.96,0.0518,0.0,0.824,Cluster 0 — Balanced Operational Flow
REC-2023-09-WH-33,2023-09,WH-33,Depot South-5 — Sriperumbudur Terminal,South,Chennai,Regional DC,42717.17,41417.9,45870.8,10184.64,35957.33,18.1,4.29,1907.0,0.986,0,0.0,98000,0.468,11.17,6312199.22,1.072,0.897,0.4,397,0.165,Overstock,2023,9,3,0,1.0314,0.0314,0.237,0.0,0.4681,4.504,32.21,0.0588,0.0304,9913.47,0.0,0.0,0.524,Cluster 0 — Balanced Operational Flow
REC-2023-10-WH-33,2023-10,WH-33,Depot South-5 — Sriperumbudur Terminal,South,Chennai,Regional DC,45570.28,47091.85,47392.37,9240.96,37798.34,18.8,3.64,1929.0,0.967,0,0.0,98000,0.484,11.54,11139725.65,1.37,0.951,3.2,397,0.12,Overstock,2023,10,4,1,0.9677,-0.0323,0.1936,0.0,0.4836,5.129,31.2,0.0732,-0.0334,9594.03,0.0,0.0,3.67,Cluster 0 — Balanced Operational Flow
REC-2023-11-WH-33,2023-11,WH-33,Depot South-5 — Sriperumbudur Terminal,South,Chennai,Regional DC,53099.71,50179.14,44471.8,11574.13,42371.96,17.4,3.85,1624.0,0.969,0,0.0,98000,0.454,14.33,34324710.88,1.382,0.959,2.5,397,0.111,Overstock,2023,11,4,1,1.0582,0.0582,0.2213,0.0,0.4538,3.842,25.13,0.1103,0.055,2099.84,0.0,0.0,2.808,Cluster 0 — Balanced Operational Flow
REC-2023-12-WH-33,2023-12,WH-33,Depot South-5 — Sriperumbudur Terminal,South,Chennai,Regional DC,44889.83,45496.37,45078.34,9931.29,37314.09,18.3,3.93,1407.0,0.979,0,0.0,98000,0.46,11.95,50295781.08,1.121,0.945,0.7,397,0.137,Overstock,2023,12,4,1,0.9867,-0.0133,0.2148,0.0,0.46,4.539,30.13,0.158,-0.0135,7764.25,0.0,0.0,0.816,Cluster 0 — Balanced Operational Flow
REC-2024-01-WH-33,2024-01,WH-33,Depot South-5 — Sriperumbudur Terminal,South,Chennai,Regional DC,35648.11,37328.87,46759.1,6376.26,27527.47,17.8,3.14,1209.0,0.993,0,9667.24,98000,0.477,9.15,13731506.34,0.926,0.902,2.7,397,0.183,Overstock,2024,1,1,0,0.955,-0.045,0.1764,0.0,0.4771,7.333,39.35,0.1039,-0.0471,19231.63,0.0986,0.0,3.494,Cluster 0 — Balanced Operational Flow
REC-2024-02-WH-33,2024-02,WH-33,Depot South-5 — Sriperumbudur Terminal,South,Chennai,Regional DC,40852.18,38493.57,44400.49,7675.66,29463.49,16.0,3.32,1404.0,0.997,0,3423.51,98000,0.453,11.04,7663515.89,0.886,0.875,0.8,397,0.172,Overstock,2024,2,1,0,1.0613,0.0613,0.2075,0.0,0.4531,5.785,32.61,0.0678,0.0577,14937.0,0.0349,0.0,1.1,Cluster 0 — Balanced Operational Flow
REC-2024-03-WH-33,2024-03,WH-33,Depot South-5 — Sriperumbudur Terminal,South,Chennai,Regional DC,37004.12,38177.34,45573.71,8815.46,31017.93,18.0,4.26,1268.0,0.978,0,1332.59,98000,0.465,9.74,24654545.4,1.031,0.902,1.1,397,0.213,Overstock,2024,3,1,0,0.9693,-0.0307,0.2367,0.0,0.465,5.17,36.95,0.1342,-0.0317,14555.78,0.0136,0.0,1.423,Cluster 0 — Balanced Operational Flow
REC-2024-04-WH-33,2024-04,WH-33,Depot South-5 — Sriperumbudur Terminal,South,Chennai,Regional DC,56157.98,53106.74,42522.47,10950.7,39216.88,15.1,3.5,1755.0,0.96,0,0.0,98000,0.434,15.85,46733770.69,1.173,0.927,2.8,397,0.346,Overstock,2024,4,2,0,1.0575,0.0575,0.2318,0.0,0.4339,3.883,22.72,0.1217,0.0543,3305.59,0.0,0.0,3.413,Cluster 0 — Balanced Operational Flow
REC-2024-05-WH-33,2024-05,WH-33,Depot South-5 — Sriperumbudur Terminal,South,Chennai,Regional DC,44151.89,40867.21,39237.79,9427.03,34446.43,17.0,3.85,1454.0,0.982,0,0.0,98000,0.4,13.5,41252938.74,1.161,0.86,1.2,397,0.186,Overstock,2024,5,2,0,1.0804,0.0804,0.2265,0.0,0.4004,4.162,26.66,0.1455,0.0744,4791.36,0.0,0.0,1.704,Cluster 0 — Balanced Operational Flow
REC-2024-06-WH-33,2024-06,WH-33,Depot South-5 — Sriperumbudur Terminal,South,Chennai,Regional DC,41336.57,40229.39,38130.61,9152.06,33127.27,17.4,3.98,1307.0,0.955,0,0.0,98000,0.389,13.01,28027145.86,1.006,0.969,2.3,397,0.246,Overstock,2024,6,2,0,1.0275,0.0275,0.2287,0.0,0.3891,4.166,27.67,0.1281,0.0268,5003.34,0.0,0.0,2.514,Cluster 0 — Balanced Operational Flow
REC-2024-07-WH-33,2024-07,WH-33,Depot South-5 — Sriperumbudur Terminal,South,Chennai,Regional DC,38960.23,40178.47,39348.85,8591.12,32226.99,18.2,3.96,1661.0,0.959,0,0.0,98000,0.402,11.88,10686028.84,0.928,0.953,0.8,397,0.101,Overstock,2024,7,3,0,0.9697,-0.0303,0.2176,0.0,0.4015,4.58,30.3,0.0839,-0.0313,7121.86,0.0,0.0,0.913,Cluster 0 — Balanced Operational Flow
REC-2024-08-WH-33,2024-08,WH-33,Depot South-5 — Sriperumbudur Terminal,South,Chennai,Regional DC,37940.47,40516.95,41925.33,8186.6,29812.67,17.1,3.89,1214.0,0.951,0,0.0,98000,0.428,10.86,17718015.03,0.982,0.933,0.9,397,0.273,Overstock,2024,8,3,0,0.9364,-0.0636,0.2275,0.0,0.4278,5.121,33.15,0.1109,-0.0679,12112.66,0.0,0.0,1.081,Cluster 0 — Balanced Operational Flow
REC-2024-09-WH-33,2024-09,WH-33,Depot South-5 — Sriperumbudur Terminal,South,Chennai,Regional DC,45598.88,48926.98,45253.43,10346.34,38313.65,18.4,4.09,1712.0,0.97,0,0.0,98000,0.462,12.09,52234434.2,1.059,0.983,1.8,397,0.175,Overstock,2024,9,3,0,0.932,-0.068,0.2223,0.0,0.4618,4.374,29.77,0.1585,-0.073,6939.78,0.0,0.0,1.892,Cluster 0 — Balanced Operational Flow
REC-2024-10-WH-33,2024-10,WH-33,Depot South-5 — Sriperumbudur Terminal,South,Chennai,Regional DC,51689.04,50473.98,44038.37,8944.97,37718.54,16.7,3.1,1729.0,0.95,0,0.0,98000,0.449,14.08,61563973.35,1.34,0.99,0.0,397,0.131,Understock / Shortage,2024,10,4,1,1.0241,0.0241,0.1856,0.0,0.4494,4.923,25.56,0.1518,0.0235,6319.83,0.0,0.0,0.0,Cluster 0 — Balanced Operational Flow
REC-2024-11-WH-33,2024-11,WH-33,Depot South-5 — Sriperumbudur Terminal,South,Chennai,Regional DC,63657.09,59187.65,39568.93,12524.85,52628.82,18.9,3.5,2514.0,0.968,0,0.0,98000,0.404,19.31,8271037.77,1.356,0.976,0.6,397,0.216,Overstock,2024,11,4,1,1.0755,0.0755,0.1852,0.0,0.4038,3.159,18.65,0.0452,0.0702,-13059.89,0.0,0.0,0.643,Cluster 0 — Balanced Operational Flow
REC-2024-12-WH-33,2024-12,WH-33,Depot South-5 — Sriperumbudur Terminal,South,Chennai,Regional DC,44084.27,43142.75,38627.41,8714.34,34871.01,17.8,3.48,1866.0,0.961,0,0.0,98000,0.394,13.7,16133000.45,1.157,0.954,0.7,397,0.129,Overstock,2024,12,4,1,1.0218,0.0218,0.1955,0.0,0.3942,4.433,26.29,0.0911,0.0214,3756.4,0.0,0.0,0.797,Cluster 0 — Balanced Operational Flow
REC-2023-01-WH-34,2023-01,WH-34,Depot South-6 — Coimbatore Industrial Hub,South,Coimbatore,Regional DC,24407.58,18138.61,17068.97,9628.53,21669.6,14.8,7.12,873.0,0.984,0,0.0,75000,0.228,17.16,6924422.65,0.977,0.874,1.4,530,0.108,Understock / Shortage,2023,1,1,0,1.3456,0.3456,0.4811,0.0,0.2276,1.773,20.98,0.1078,0.2568,-4600.63,0.0,0.0,1.929,Cluster 1 — High-Velocity Shortage Risk
REC-2023-02-WH-34,2023-02,WH-34,Depot South-6 — Coimbatore Industrial Hub,South,Coimbatore,Regional DC,22524.47,12169.61,6714.11,6439.26,15223.8,11.7,5.17,623.0,0.993,0,0.0,75000,0.09,25.0,9406968.81,0.881,0.765,1.1,530,0.125,Understock / Shortage,2023,2,1,0,1.8509,0.8509,0.4419,0.0,0.0895,1.043,8.94,0.1362,0.4597,-8509.69,0.0,0.0,1.876,Cluster 1 — High-Velocity Shortage Risk
REC-2023-03-WH-34,2023-03,WH-34,Depot South-6 — Coimbatore Industrial Hub,South,Coimbatore,Regional DC,30629.22,21558.78,195.36,8804.35,20851.84,11.8,5.21,1107.0,0.923,5,0.0,75000,0.003,25.0,7609030.24,1.016,0.774,0.0,530,0.192,Understock / Shortage,2023,3,1,0,1.4207,0.4207,0.4415,6.925,0.0026,0.022,0.19,0.0901,0.2961,-20656.48,0.0,8608.99,0.0,Cluster 1 — High-Velocity Shortage Risk
REC-2023-04-WH-34,2023-04,WH-34,Depot South-6 — Coimbatore Industrial Hub,South,Coimbatore,Regional DC,32634.66,20510.9,242.95,12020.22,28011.2,14.7,6.65,1056.0,0.634,6,0.0,75000,0.003,25.0,21688955.01,1.129,0.836,3.9,530,0.148,Understock / Shortage,2023,4,2,0,1.5911,0.5911,0.4524,16.98,0.0032,0.02,0.22,0.1427,0.3715,-27768.25,0.0,11777.27,5.819,Cluster 1 — High-Velocity Shortage Risk
REC-2023-05-WH-34,2023-05,WH-34,Depot South-6 — Coimbatore Industrial Hub,South,Coimbatore,Regional DC,35416.46,21444.89,127.28,11671.92,27491.27,13.4,5.94,1013.0,0.612,5,0.0,75000,0.002,25.0,40428210.2,1.148,0.81,0.2,530,0.236,Understock / Shortage,2023,5,2,0,1.6515,0.6515,0.4433,14.7,0.0017,0.011,0.11,0.1795,0.3945,-27363.99,0.0,11544.64,0.314,Cluster 1 — High-Velocity Shortage Risk
REC-2023-06-WH-34,2023-06,WH-34,Depot South-6 — Coimbatore Industrial Hub,South,Coimbatore,Regional DC,26734.79,15464.42,110.47,8918.16,19612.08,12.0,6.03,962.0,0.583,9,0.0,75000,0.001,25.0,10772623.62,0.993,0.735,4.7,530,0.162,Understock / Shortage,2023,6,2,0,1.7288,0.7288,0.5025,27.765,0.0015,0.012,0.12,0.1228,0.4216,-19501.61,0.0,8807.69,8.436,Cluster 1 — High-Velocity Shortage Risk
REC-2023-07-WH-34,2023-07,WH-34,Depot South-6 — Coimbatore Industrial Hub,South,Coimbatore,Regional DC,26952.79,17959.69,110.28,8323.02,19912.72,12.9,5.59,768.0,0.67,10,0.0,75000,0.001,25.0,33781094.95,0.849,0.799,2.1,530,0.071,Understock / Shortage,2023,7,3,0,1.5007,0.5007,0.4333,26.5,0.0015,0.013,0.12,0.2156,0.3337,-19802.44,0.0,8212.74,3.366,Cluster 1 — High-Velocity Shortage Risk
REC-2023-08-WH-34,2023-08,WH-34,Depot South-6 — Coimbatore Industrial Hub,South,Coimbatore,Regional DC,34406.5,25266.79,518.72,11555.62,26465.1,13.0,6.07,1415.0,0.738,6,0.0,75000,0.007,25.0,42131000.92,0.945,0.868,3.1,530,0.228,Understock / Shortage,2023,8,3,0,1.3617,0.3617,0.4669,13.86,0.0069,0.045,0.45,0.1887,0.2656,-25946.38,0.0,11036.9,4.328,Cluster 1 — High-Velocity Shortage Risk
REC-2023-09-WH-34,2023-09,WH-34,Depot South-6 — Coimbatore Industrial Hub,South,Coimbatore,Regional DC,33100.99,20843.88,417.32,12142.3,25272.36,11.9,6.63,1017.0,0.645,8,0.0,75000,0.006,25.0,23187393.05,1.119,0.838,0.5,530,0.095,Understock / Shortage,2023,9,3,0,1.588,0.588,0.5571,22.2,0.0056,0.034,0.38,0.1455,0.3703,-24855.04,0.0,11724.98,0.743,Cluster 1 — High-Velocity Shortage Risk
REC-2023-10-WH-34,2023-10,WH-34,Depot South-6 — Coimbatore Industrial Hub,South,Coimbatore,Regional DC,40896.67,26556.22,138.8,12285.82,27417.59,11.1,5.42,1510.0,0.66,9,0.0,75000,0.002,25.0,23992994.63,1.367,0.777,3.5,530,0.116,Understock / Shortage,2023,10,4,1,1.54,0.54,0.4883,24.3,0.0019,0.011,0.1,0.1198,0.3507,-27278.79,0.0,12147.02,5.842,Cluster 1 — High-Velocity Shortage Risk
REC-2023-11-WH-34,2023-11,WH-34,Depot South-6 — Coimbatore Industrial Hub,South,Coimbatore,Regional DC,39490.08,24147.05,423.37,14520.85,32028.12,13.3,6.64,1095.0,0.615,5,0.0,75000,0.006,25.0,19887533.71,1.354,0.784,0.7,530,0.12,Understock / Shortage,2023,11,4,1,1.6354,0.6354,0.4992,14.625,0.0056,0.029,0.32,0.1129,0.3885,-31604.75,0.0,14097.48,1.154,Cluster 1 — High-Velocity Shortage Risk
REC-2023-12-WH-34,2023-12,WH-34,Depot South-6 — Coimbatore Industrial Hub,South,Coimbatore,Regional DC,41317.64,28592.51,154.93,12708.37,31714.48,13.8,5.57,1472.0,0.702,8,0.0,75000,0.002,25.0,38543908.51,1.173,0.851,1.5,530,0.191,Understock / Shortage,2023,12,4,1,1.4451,0.4451,0.4036,19.92,0.0021,0.012,0.11,0.1503,0.308,-31559.55,0.0,12553.44,2.17,Cluster 1 — High-Velocity Shortage Risk
REC-2024-01-WH-34,2024-01,WH-34,Depot South-6 — Coimbatore Industrial Hub,South,Coimbatore,Regional DC,28277.83,18593.0,132.62,9512.14,22991.24,14.3,6.06,1255.0,0.663,5,0.0,75000,0.002,25.0,18878195.24,0.912,0.791,0.4,530,0.198,Understock / Shortage,2024,1,1,0,1.5209,0.5209,0.4238,13.425,0.0018,0.014,0.14,0.1537,0.3425,-22858.62,0.0,9379.52,0.651,Cluster 1 — High-Velocity Shortage Risk
REC-2024-02-WH-34,2024-02,WH-34,Depot South-6 — Coimbatore Industrial Hub,South,Coimbatore,Regional DC,31146.63,18999.76,188.18,8893.83,21767.77,12.4,5.15,1409.0,0.614,8,0.0,75000,0.003,25.0,47991621.23,0.897,0.785,0.3,530,0.212,Understock / Shortage,2024,2,1,0,1.6393,0.6393,0.4153,23.44,0.0025,0.021,0.18,0.2224,0.39,-21579.59,0.0,8705.65,0.494,Cluster 1 — High-Velocity Shortage Risk
REC-2024-03-WH-34,2024-03,WH-34,Depot South-6 — Coimbatore Industrial Hub,South,Coimbatore,Regional DC,34467.35,22584.53,92.84,13688.33,28853.96,13.2,7.17,1242.0,0.661,7,0.0,75000,0.001,25.0,10442950.68,0.995,0.794,0.7,530,0.253,Understock / Shortage,2024,3,1,0,1.5261,0.5261,0.5432,18.865,0.0012,0.007,0.08,0.0938,0.3448,-28761.12,0.0,13595.49,1.133,Cluster 1 — High-Velocity Shortage Risk
REC-2024-04-WH-34,2024-04,WH-34,Depot South-6 — Coimbatore Industrial Hub,South,Coimbatore,Regional DC,40354.27,19884.17,708.15,15363.0,35136.59,14.7,6.86,1822.0,0.495,10,0.0,75000,0.009,25.0,22275769.08,1.139,0.702,5.65,530,0.16,Understock / Shortage,2024,4,2,0,2.0295,1.0295,0.4667,35.25,0.0094,0.046,0.53,0.117,0.5073,-34428.44,0.0,14654.85,10.701,Cluster 1 — High-Velocity Shortage Risk
REC-2024-05-WH-34,2024-05,WH-34,Depot South-6 — Coimbatore Industrial Hub,South,Coimbatore,Regional DC,41106.88,29048.51,445.68,14144.52,29765.13,11.4,6.24,1338.0,0.724,8,0.0,75000,0.006,25.0,13167468.37,1.16,0.771,1.9,530,0.199,Understock / Shortage,2024,5,2,0,1.4151,0.4151,0.5474,19.04,0.0059,0.032,0.33,0.0883,0.2933,-29319.45,0.0,13698.84,3.205,Cluster 1 — High-Velocity Shortage Risk
REC-2024-06-WH-34,2024-06,WH-34,Depot South-6 — Coimbatore Industrial Hub,South,Coimbatore,Regional DC,37804.6,28379.59,329.86,12967.87,28719.79,12.5,6.18,1132.0,0.762,7,0.0,75000,0.004,25.0,51436932.63,1.023,0.823,3.2,530,0.101,Understock / Shortage,2024,6,2,0,1.3321,0.3321,0.4944,15.33,0.0044,0.025,0.26,0.1897,0.2493,-28389.93,0.0,12638.01,4.899,Cluster 1 — High-Velocity Shortage Risk
REC-2024-07-WH-34,2024-07,WH-34,Depot South-6 — Coimbatore Industrial Hub,South,Coimbatore,Regional DC,27475.81,18579.18,158.57,9456.51,21637.45,13.3,6.24,961.0,0.688,8,0.0,75000,0.002,25.0,3348009.73,0.889,0.902,0.2,530,0.139,Understock / Shortage,2024,7,3,0,1.4788,0.4788,0.4692,20.48,0.0021,0.017,0.17,0.0666,0.3238,-21478.88,0.0,9297.94,0.259,Cluster 1 — High-Velocity Shortage Risk
REC-2024-08-WH-34,2024-08,WH-34,Depot South-6 — Coimbatore Industrial Hub,South,Coimbatore,Regional DC,32244.63,23635.93,365.07,11037.98,26622.88,14.5,6.17,923.0,0.738,4,0.0,75000,0.005,25.0,7985139.69,0.921,0.868,0.2,530,0.186,Understock / Shortage,2024,8,3,0,1.3642,0.3642,0.4255,9.24,0.0049,0.033,0.34,0.0876,0.267,-26257.81,0.0,10672.91,0.279,Cluster 1 — High-Velocity Shortage Risk
REC-2024-09-WH-34,2024-09,WH-34,Depot South-6 — Coimbatore Industrial Hub,South,Coimbatore,Regional DC,37216.19,27747.36,593.25,13606.76,29857.83,13.1,6.59,1072.0,0.755,4,0.0,75000,0.008,25.0,10007053.28,1.035,0.804,2.5,530,0.2,Understock / Shortage,2024,9,3,0,1.3413,0.3413,0.5031,8.9,0.0079,0.044,0.48,0.085,0.2544,-29264.58,0.0,13013.51,3.97,Cluster 1 — High-Velocity Shortage Risk
REC-2024-10-WH-34,2024-10,WH-34,Depot South-6 — Coimbatore Industrial Hub,South,Coimbatore,Regional DC,49895.27,29410.62,397.6,16735.92,36527.71,11.9,6.07,1595.0,0.601,7,0.0,75000,0.005,25.0,61737537.11,1.338,0.821,0.0,530,0.145,Understock / Shortage,2024,10,4,1,1.6965,0.6965,0.5101,20.965,0.0053,0.024,0.24,0.1575,0.4106,-36130.11,0.0,16338.32,0.0,Cluster 1 — High-Velocity Shortage Risk
REC-2024-11-WH-34,2024-11,WH-34,Depot South-6 — Coimbatore Industrial Hub,South,Coimbatore,Regional DC,51194.51,37562.61,347.14,15605.39,38472.27,13.4,5.47,1508.0,0.741,11,0.0,75000,0.005,25.0,142223147.8025,1.358,0.843,5.65,530,0.145,Understock / Shortage,2024,11,4,1,1.3629,0.3629,0.4082,25.245,0.0046,0.022,0.2,0.2329,0.2663,-38125.13,0.0,15258.25,8.311,Cluster 1 — High-Velocity Shortage Risk
REC-2024-12-WH-34,2024-12,WH-34,Depot South-6 — Coimbatore Industrial Hub,South,Coimbatore,Regional DC,43378.51,28858.18,53.92,13738.61,32680.56,13.1,5.69,1955.0,0.673,7,0.0,75000,0.001,25.0,16625415.26,1.159,0.735,0.3,530,0.246,Understock / Shortage,2024,12,4,1,1.5032,0.5032,0.4344,18.445,0.0007,0.004,0.04,0.094,0.3347,-32626.64,0.0,13684.69,0.538,Cluster 1 — High-Velocity Shortage Risk
REC-2023-01-WH-35,2023-01,WH-35,Facility South-7 — Madurai South Gateway,South,Madurai,Urban Depot,16453.35,20343.5,36015.03,2197.6,9272.54,12.9,2.33,457.0,0.981,0,23446.09,44000,0.819,5.48,6452582.54,0.932,0.99,0.2,144,0.155,Overstock,2023,1,1,0,0.8088,-0.1912,0.1806,0.0,0.8185,16.388,65.67,0.1544,-0.2364,26742.49,0.5329,0.0,0.206,Cluster 2 — Chronic Overstock Buffers
REC-2023-02-WH-35,2023-02,WH-35,Facility South-7 — Madurai South Gateway,South,Madurai,Urban Depot,14191.66,15096.33,36919.7,1632.85,7120.29,11.6,2.04,394.0,0.951,0,27350.14,44000,0.839,4.61,5393645.48,0.899,0.972,0.2,144,0.102,Overstock,2023,2,1,0,0.9401,-0.0599,0.1759,0.0,0.8391,22.611,78.05,0.1636,-0.0637,29799.41,0.6216,0.0,0.217,Cluster 2 — Chronic Overstock Buffers
REC-2023-03-WH-35,2023-03,WH-35,Facility South-7 — Madurai South Gateway,South,Madurai,Urban Depot,16965.92,18763.54,38717.32,2105.24,8326.08,11.0,2.1,575.0,0.99,0,27233.38,44000,0.88,5.26,3247997.13,1.038,0.941,0.8,144,0.133,Overstock,2023,3,1,0,0.9042,-0.0958,0.1909,0.0,0.8799,18.391,68.46,0.1062,-0.106,30391.24,0.6189,0.0,0.942,Cluster 2 — Chronic Overstock Buffers
REC-2023-04-WH-35,2023-04,WH-35,Facility South-7 — Madurai South Gateway,South,Madurai,Urban Depot,21966.28,23953.95,40704.99,2608.54,10736.06,11.1,2.05,768.0,0.958,0,26056.12,44000,0.925,6.48,13327558.92,1.112,0.928,1.6,144,0.125,Overstock,2023,4,2,0,0.917,-0.083,0.1847,0.0,0.9251,15.605,55.59,0.1662,-0.0905,29968.93,0.5922,0.0,1.946,Cluster 2 — Chronic Overstock Buffers
REC-2023-05-WH-35,2023-05,WH-35,Facility South-7 — Madurai South Gateway,South,Madurai,Urban Depot,22196.67,26075.8,44584.12,2298.76,11695.35,12.7,1.8,622.0,0.998,0,29440.63,44000,1.013,5.97,19497085.96,1.165,0.99,0.0,144,0.2,Overstock,2023,5,2,0,0.8512,-0.1488,0.1417,0.0,1.0133,19.395,60.26,0.1989,-0.1748,32888.77,0.6691,0.0,0.0,Cluster 2 — Chronic Overstock Buffers
REC-2023-06-WH-35,2023-06,WH-35,Facility South-7 — Madurai South Gateway,South,Madurai,Urban Depot,18083.89,19781.26,46281.49,2387.76,9500.76,11.8,2.25,692.0,0.994,0,33199.09,44000,1.052,4.69,5987555.26,0.957,0.99,0.6,144,0.176,Overstock,2023,6,2,0,0.9142,-0.0858,0.1907,0.0,1.0519,19.383,76.78,0.1353,-0.0939,36780.73,0.7545,0.0,0.618,Cluster 2 — Chronic Overstock Buffers
REC-2023-07-WH-35,2023-07,WH-35,Facility South-7 — Madurai South Gateway,South,Madurai,Urban Depot,18435.3,22973.06,50819.25,2087.18,9461.3,12.0,1.92,721.0,0.958,0,38227.18,44000,1.155,4.35,1628500.09,0.866,0.99,4.0,144,0.185,Overstock,2023,7,3,0,0.8025,-0.1975,0.16,0.0,1.155,24.348,82.7,0.0692,-0.2461,41357.95,0.8688,0.0,4.12,Cluster 2 — Chronic Overstock Buffers
REC-2023-08-WH-35,2023-08,WH-35,Facility South-7 — Madurai South Gateway,South,Madurai,Urban Depot,14711.8,17406.99,53514.44,1521.75,7455.51,12.1,1.74,598.0,0.957,0,43776.3,44000,1.216,3.3,3516956.18,0.924,0.918,0.5,144,0.158,Overstock,2023,8,3,0,0.8452,-0.1548,0.1438,0.0,1.2162,35.166,109.13,0.1275,-0.1832,46058.93,0.9949,0.0,0.623,Cluster 2 — Chronic Overstock Buffers
REC-2023-09-WH-35,2023-09,WH-35,Facility South-7 — Madurai South Gateway,South,Madurai,Urban Depot,20245.71,24719.08,57987.81,2186.62,11567.13,13.9,1.86,902.0,0.972,0,43140.75,44000,1.318,4.19,4969255.34,1.083,0.957,1.2,144,0.053,Overstock,2023,9,3,0,0.819,-0.181,0.1338,0.0,1.3179,26.519,85.93,0.1101,-0.221,46420.68,0.9805,0.0,1.355,Cluster 2 — Chronic Overstock Buffers
REC-2023-10-WH-35,2023-10,WH-35,Facility South-7 — Madurai South Gateway,South,Madurai,Urban Depot,21050.16,24371.01,61308.66,2771.09,12173.49,13.4,2.33,573.0,0.989,0,44978.54,44000,1.393,4.12,8140169.43,1.321,0.99,0.9,144,0.204,Overstock,2023,10,4,1,0.8637,-0.1363,0.1739,0.0,1.3934,22.124,87.38,0.1355,-0.1578,49135.17,1.0222,0.0,0.927,Cluster 2 — Chronic Overstock Buffers
REC-2023-11-WH-35,2023-11,WH-35,Facility South-7 — Madurai South Gateway,South,Madurai,Urban Depot,25765.31,27663.43,63206.78,3182.31,14089.62,12.7,2.15,1126.0,0.95,0,44343.7,44000,1.437,4.89,13013418.73,1.397,0.923,0.5,144,0.094,Overstock,2023,11,4,1,0.9314,-0.0686,0.1693,0.0,1.4365,19.862,73.6,0.14,-0.0737,49117.16,1.0078,0.0,0.615,Cluster 2 — Chronic Overstock Buffers
REC-2023-12-WH-35,2023-12,WH-35,Facility South-7 — Madurai South Gateway,South,Madurai,Urban Depot,20729.48,26170.59,68647.89,2449.04,9220.67,9.8,2.06,645.0,0.969,0,55753.66,44000,1.56,3.62,12000173.94,1.153,0.989,2.3,144,0.11,Overstock,2023,12,4,1,0.7921,-0.2079,0.2102,0.0,1.5602,28.031,99.35,0.1671,-0.2625,59427.22,1.2671,0.0,2.376,Cluster 2 — Chronic Overstock Buffers
REC-2024-01-WH-35,2024-01,WH-35,Facility South-7 — Madurai South Gateway,South,Madurai,Urban Depot,16106.89,18113.39,70654.39,1884.7,9186.49,13.6,2.05,498.0,0.965,0,58640.85,44000,1.606,2.74,1153676.75,0.91,0.979,2.0,144,0.14,Understock / Shortage,2024,1,1,0,0.8892,-0.1108,0.1507,0.0,1.6058,37.488,131.6,0.0667,-0.1246,61467.9,1.3327,0.0,2.126,Cluster 2 — Chronic Overstock Buffers
REC-2024-02-WH-35,2024-02,WH-35,Facility South-7 — Madurai South Gateway,South,Madurai,Urban Depot,17347.9,18606.38,71912.87,1721.38,9065.32,12.7,1.73,479.0,0.986,0,60265.48,44000,1.634,2.89,682762.53,0.831,0.99,0.8,144,0.236,Overstock,2024,2,1,0,0.9324,-0.0676,0.1362,0.0,1.6344,41.776,124.36,0.0476,-0.0725,62847.55,1.3697,0.0,0.824,Cluster 2 — Chronic Overstock Buffers
REC-2024-03-WH-35,2024-03,WH-35,Facility South-7 — Madurai South Gateway,South,Madurai,Urban Depot,18316.58,23248.58,76844.87,1776.59,8309.5,10.7,1.69,681.0,0.955,0,65870.48,44000,1.746,2.86,7116071.73,0.989,0.93,0.5,144,0.239,Overstock,2024,3,1,0,0.7879,-0.2121,0.1579,0.0,1.7465,43.254,125.86,0.1456,-0.2693,68535.37,1.4971,0.0,0.605,Cluster 2 — Chronic Overstock Buffers
REC-2024-04-WH-35,2024-04,WH-35,Facility South-7 — Madurai South Gateway,South,Madurai,Urban Depot,22371.24,23951.84,78425.47,2279.6,9811.25,10.1,1.78,709.0,0.969,0,65194.82,44000,1.782,3.42,11217260.45,1.144,0.961,0.0,144,0.136,Overstock,2024,4,2,0,0.934,-0.066,0.1762,0.0,1.7824,34.403,105.17,0.1497,-0.0707,68614.22,1.4817,0.0,0.0,Cluster 2 — Chronic Overstock Buffers
REC-2024-05-WH-35,2024-05,WH-35,Facility South-7 — Madurai South Gateway,South,Madurai,Urban Depot,23732.03,27618.4,82311.84,2607.4,11783.78,11.6,1.91,789.0,0.98,0,66616.96,44000,1.871,3.46,1710788.01,1.144,0.925,2.6,144,0.18,Overstock,2024,5,2,0,0.8593,-0.1407,0.1647,0.0,1.8707,31.569,104.05,0.0551,-0.1638,70528.06,1.514,0.0,3.185,Cluster 2 — Chronic Overstock Buffers
REC-2024-06-WH-35,2024-06,WH-35,Facility South-7 — Madurai South Gateway,South,Madurai,Urban Depot,18117.8,20724.39,84918.43,2197.59,10471.39,13.7,2.13,803.0,0.978,0,71150.66,44000,1.93,2.56,10866406.82,1.019,0.99,0.9,144,0.138,Overstock,2024,6,2,0,0.8742,-0.1258,0.1555,0.0,1.93,38.642,140.61,0.1819,-0.1439,74447.04,1.6171,0.0,0.927,Cluster 2 — Chronic Overstock Buffers
REC-2024-07-WH-35,2024-07,WH-35,Facility South-7 — Madurai South Gateway,South,Madurai,Urban Depot,17357.3,18774.77,86335.9,1820.07,10325.15,14.7,1.73,692.0,0.962,0,73280.64,44000,1.962,2.41,6750596.84,0.933,0.974,1.3,144,0.172,Overstock,2024,7,3,0,0.9245,-0.0755,0.1177,0.0,1.9622,47.435,149.22,0.1497,-0.0817,76010.75,1.6655,0.0,1.401,Cluster 2 — Chronic Overstock Buffers
REC-2024-08-WH-35,2024-08,WH-35,Facility South-7 — Madurai South Gateway,South,Madurai,Urban Depot,20121.05,25451.96,91666.81,2256.2,9969.27,11.5,1.94,701.0,0.957,0,78313.24,44000,2.083,2.63,5081347.03,1.011,0.989,0.3,144,0.197,Overstock,2024,8,3,0,0.7906,-0.2094,0.1687,0.0,2.0833,40.629,136.67,0.112,-0.2649,81697.54,1.7798,0.0,0.31,Cluster 2 — Chronic Overstock Buffers
REC-2024-09-WH-35,2024-09,WH-35,Facility South-7 — Madurai South Gateway,South,Madurai,Urban Depot,18557.22,23318.18,96427.77,2036.81,9088.55,11.4,1.89,683.0,0.989,0,84284.0,44000,2.192,2.31,6444972.66,1.079,0.988,0.5,144,0.195,Overstock,2024,9,3,0,0.7958,-0.2042,0.1658,0.0,2.1915,47.343,155.89,0.1368,-0.2566,87339.22,1.9155,0.0,0.518,Cluster 2 — Chronic Overstock Buffers
REC-2024-10-WH-35,2024-10,WH-35,Facility South-7 — Madurai South Gateway,South,Madurai,Urban Depot,25398.17,31403.38,102432.98,3015.44,12751.41,11.5,2.05,734.0,0.978,0,85158.41,44000,2.328,2.98,5670522.32,1.329,0.974,0.2,144,0.187,Overstock,2024,10,4,1,0.8088,-0.1912,0.1783,0.0,2.328,33.969,120.99,0.0938,-0.2364,89681.57,1.9354,0.0,0.216,Cluster 2 — Chronic Overstock Buffers
REC-2024-11-WH-35,2024-11,WH-35,Facility South-7 — Madurai South Gateway,South,Madurai,Urban Depot,31235.17,34204.7,105402.51,3918.28,18702.93,14.2,2.2,1319.0,0.994,0,80822.16,44000,2.396,3.56,13161508.04,1.38,0.99,0.3,144,0.243,Overstock,2024,11,4,1,0.9132,-0.0868,0.1549,0.0,2.3955,26.9,101.23,0.1161,-0.0951,86699.58,1.8369,0.0,0.309,Cluster 2 — Chronic Overstock Buffers
REC-2024-12-WH-35,2024-12,WH-35,Facility South-7 — Madurai South Gateway,South,Madurai,Urban Depot,21390.01,26367.86,110380.36,2648.98,12417.08,13.7,2.09,921.0,0.985,0,93989.81,44000,2.509,2.33,2701768.72,1.153,0.937,0.5,144,0.245,Overstock,2024,12,4,1,0.8112,-0.1888,0.1526,0.0,2.5086,41.669,154.81,0.0768,-0.2327,97963.28,2.1361,0.0,0.594,Cluster 2 — Chronic Overstock Buffers
REC-2023-01-WH-36,2023-01,WH-36,Hub South-8 — Hyderabad Shamshabad DC,South,Hyderabad,Mega Hub,87627.16,111569.33,164125.81,11198.23,83344.59,24.7,2.22,3684.0,0.956,0,63983.88,190000,0.864,6.41,142223147.8025,0.937,0.916,0.6,864,0.086,Overstock,2023,1,1,0,0.7854,-0.2146,0.0899,0.0,0.8638,14.656,56.19,0.1361,-0.2732,80781.22,0.3368,0.0,0.751,Cluster 2 — Chronic Overstock Buffers
REC-2023-02-WH-36,2023-02,WH-36,Hub South-8 — Hyderabad Shamshabad DC,South,Hyderabad,Mega Hub,80221.98,84594.78,168498.61,9799.03,84940.28,28.1,2.09,3584.0,0.961,0,68859.78,190000,0.887,5.71,129471786.53,0.933,0.966,0.2,864,0.079,Overstock,2023,2,1,0,0.9483,-0.0517,0.0744,0.0,0.8868,17.195,63.01,0.1418,-0.0545,83558.33,0.3624,0.0,0.22,Cluster 2 — Chronic Overstock Buffers
REC-2023-03-WH-36,2023-03,WH-36,Hub South-8 — Hyderabad Shamshabad DC,South,Hyderabad,Mega Hub,87390.86,92048.86,173156.61,8635.38,80004.58,24.5,1.68,3160.0,0.992,0,80198.96,190000,0.911,6.06,62401142.38,0.988,0.913,1.1,864,0.211,Overstock,2023,3,1,0,0.9494,-0.0506,0.0686,0.0,0.9114,20.052,59.44,0.0904,-0.0533,93152.03,0.4221,0.0,1.387,Cluster 2 — Chronic Overstock Buffers
REC-2023-04-WH-36,2023-04,WH-36,Hub South-8 — Hyderabad Shamshabad DC,South,Hyderabad,Mega Hub,93766.87,107726.42,187116.16,11382.24,89521.3,25.0,2.01,3029.0,0.985,0,80521.5,190000,0.985,6.01,102849344.9,1.156,0.989,1.6,864,0.128,Overstock,2023,4,2,0,0.8704,-0.1296,0.0804,0.0,0.9848,16.439,59.87,0.1082,-0.1489,97594.86,0.4238,0.0,1.653,Cluster 2 — Chronic Overstock Buffers
REC-2023-05-WH-36,2023-05,WH-36,Hub South-8 — Hyderabad Shamshabad DC,South,Hyderabad,Mega Hub,117589.44,124331.64749999999,213003.07,11950.48,91496.42374999999,25.7,1.68,4324.875,0.996,0,82391.92,190000,1.121,6.62,142223147.8025,1.141,0.99,0.0,864,0.124,Balanced,2023,5,2,0,0.9458,-0.0542,0.0654,0.0,1.1211,17.824,54.34,0.1014,-0.0573,121506.65,0.4336,0.0,0.0,Cluster 2 — Chronic Overstock Buffers
REC-2023-06-WH-36,2023-06,WH-36,Hub South-8 — Hyderabad Shamshabad DC,South,Hyderabad,Mega Hub,86713.62,103612.28,229901.73,8111.51,85286.63,26.7,1.58,2478.0,0.976,0,132447.84,190000,1.21,4.53,142223147.8025,1.012,0.958,0.7,864,0.121,Overstock,2023,6,2,0,0.8369,-0.1631,0.0592,0.0,1.21,28.343,79.54,0.1375,-0.1949,144615.1,0.6971,0.0,0.788,Cluster 2 — Chronic Overstock Buffers
REC-2023-07-WH-36,2023-07,WH-36,Hub South-8 — Hyderabad Shamshabad DC,South,Hyderabad,Mega Hub,71186.8,87166.92,245881.85,7430.32,66515.36,24.9,1.6,2048.0,0.965,0,154716.24875000003,190000,1.294,3.47,92480941.79,0.894,0.935,0.3,864,0.192,Overstock,2023,7,3,0,0.8167,-0.1833,0.0643,0.0,1.2941,33.092,103.62,0.1351,-0.2245,179366.49,0.8143,0.0,0.358,Cluster 2 — Chronic Overstock Buffers
REC-2023-08-WH-36,2023-08,WH-36,Hub South-8 — Hyderabad Shamshabad DC,South,Hyderabad,Mega Hub,86285.44,110439.31,270035.72,9924.34,79527.93,24.2,1.91,2292.0,0.964,0,154716.24875000003,190000,1.421,3.83,73413765.15,0.97,0.99,1.0,864,0.127,Overstock,2023,8,3,0,0.7813,-0.2187,0.0789,0.0,1.4212,27.209,93.89,0.0993,-0.2799,190507.79,0.8143,0.0,1.03,Cluster 2 — Chronic Overstock Buffers
REC-2023-09-WH-36,2023-09,WH-36,Hub South-8 — Hyderabad Shamshabad DC,South,Hyderabad,Mega Hub,97485.88,116844.0,288771.28625,10867.21,91496.42374999999,27.8,1.7,4130.0,0.995,0,154716.24875000003,190000,1.523,4.04,142223147.8025,1.109,0.937,0.0,864,0.108,Understock / Shortage,2023,9,3,0,0.8343,-0.1657,0.0612,0.0,1.5198,26.573,88.87,0.1223,-0.1986,197274.86,0.8143,0.0,0.0,Cluster 2 — Chronic Overstock Buffers
REC-2023-10-WH-36,2023-10,WH-36,Hub South-8 — Hyderabad Shamshabad DC,South,Hyderabad,Mega Hub,124125.97625,124331.64749999999,288771.28625,14154.5,91496.42374999999,27.8,1.62,4178.0,0.961,0,154716.24875000003,190000,1.719,5.18,142223147.8025,1.363,0.99,0.4,864,0.181,Understock / Shortage,2023,10,4,1,0.9983,-0.0017,0.0583,0.0,1.5198,20.401,69.79,0.0961,-0.0017,197274.86,0.8143,0.0,0.412,Cluster 2 — Chronic Overstock Buffers
REC-2023-11-WH-36,2023-11,WH-36,Hub South-8 — Hyderabad Shamshabad DC,South,Hyderabad,Mega Hub,110618.3,122744.55,288771.28625,13812.12,91496.42374999999,25.6,2.18,3352.0,0.965,0,154716.24875000003,190000,1.783,3.92,142223147.8025,1.358,0.936,0.7,864,0.185,Overstock,2023,11,4,1,0.9012,-0.0988,0.0852,0.0,1.5198,20.907,78.32,0.1078,-0.1096,197274.86,0.8143,0.0,0.834,Cluster 2 — Chronic Overstock Buffers
REC-2023-12-WH-36,2023-12,WH-36,Hub South-8 — Hyderabad Shamshabad DC,South,Hyderabad,Mega Hub,109659.74,124331.64749999999,288771.28625,10980.54,91496.42374999999,25.9,1.58,4324.875,0.951,0,154716.24875000003,190000,1.913,3.62,107768889.54,1.185,0.99,1.0,864,0.105,Overstock,2023,12,4,1,0.882,-0.118,0.061,0.0,1.5198,26.298,79.0,0.0947,-0.1338,197274.86,0.8143,0.0,1.03,Cluster 2 — Chronic Overstock Buffers
REC-2024-01-WH-36,2024-01,WH-36,Hub South-8 — Hyderabad Shamshabad DC,South,Hyderabad,Mega Hub,82823.44,93885.88,288771.28625,10029.67,84846.84,27.1,2.09,2814.0,0.954,0,154716.24875000003,190000,1.972,2.65,142223147.8025,0.914,0.982,0.1,864,0.173,Overstock,2024,1,1,0,0.8822,-0.1178,0.0771,0.0,1.5198,28.792,104.6,0.144,-0.1336,203924.45,0.8143,0.0,0.105,Cluster 2 — Chronic Overstock Buffers
REC-2024-02-WH-36,2024-02,WH-36,Hub South-8 — Hyderabad Shamshabad DC,South,Hyderabad,Mega Hub,96250.45,118701.12,288771.28625,9770.36,91496.42374999999,26.4,1.54,4136.0,0.986,0,154716.24875000003,190000,2.09,2.91,17678546.94,0.907,0.944,0.0,864,0.181,Overstock,2024,2,1,0,0.8109,-0.1891,0.0583,0.0,1.5198,29.556,90.01,0.0437,-0.2333,197274.86,0.8143,0.0,0.0,Cluster 2 — Chronic Overstock Buffers
REC-2024-03-WH-36,2024-03,WH-36,Hub South-8 — Hyderabad Shamshabad DC,South,Hyderabad,Mega Hub,105407.78,124331.64749999999,288771.28625,13325.83,91496.42374999999,24.9,2.19,3289.0,0.967,0,154716.24875000003,190000,2.242,2.97,142223147.8025,1.036,0.99,0.8,864,0.168,Overstock,2024,3,1,0,0.8478,-0.1522,0.088,0.0,1.5198,21.67,82.19,0.1131,-0.1795,197274.86,0.8143,0.0,0.824,Cluster 2 — Chronic Overstock Buffers
REC-2024-04-WH-36,2024-04,WH-36,Hub South-8 — Hyderabad Shamshabad DC,South,Hyderabad,Mega Hub,114262.43,124331.64749999999,288771.28625,11867.85,91496.42374999999,25.8,1.57,4324.875,0.97,0,154716.24875000003,190000,2.406,3.0,42125425.5,1.108,0.899,0.3,864,0.12,Overstock,2024,4,2,0,0.919,-0.081,0.0609,0.0,1.5198,24.332,75.82,0.0568,-0.0881,197274.86,0.8143,0.0,0.391,Cluster 2 — Chronic Overstock Buffers
REC-2024-05-WH-36,2024-05,WH-36,Hub South-8 — Hyderabad Shamshabad DC,South,Hyderabad,Mega Hub,124125.97625,124331.64749999999,288771.28625,14507.55,91496.42374999999,25.6,1.87,4324.875,0.991,0,154716.24875000003,190000,2.554,3.16,78077467.97,1.116,0.911,1.2,864,0.217,Understock / Shortage,2024,5,2,0,0.9983,-0.0017,0.073,0.0,1.5198,19.905,69.79,0.0712,-0.0017,197274.86,0.8143,0.0,1.52,Cluster 2 — Chronic Overstock Buffers
REC-2024-06-WH-36,2024-06,WH-36,Hub South-8 — Hyderabad Shamshabad DC,South,Hyderabad,Mega Hub,106132.9,119136.82,288771.28625,13172.57,91496.42374999999,26.1,2.11,4122.0,0.993,0,154716.24875000003,190000,2.623,2.56,121889838.27,1.038,0.941,3.6,864,0.214,Overstock,2024,6,2,0,0.8908,-0.1092,0.0808,0.0,1.5198,21.922,81.63,0.104,-0.1225,197274.86,0.8143,0.0,4.237,Cluster 2 — Chronic Overstock Buffers
REC-2024-07-WH-36,2024-07,WH-36,Hub South-8 — Hyderabad Shamshabad DC,South,Hyderabad,Mega Hub,86732.03,95942.33,288771.28625,10319.83,85198.48,25.9,1.77,2580.0,0.993,0,154716.24875000003,190000,2.671,2.05,57710142.68,0.902,0.89,1.7,864,0.144,Overstock,2024,7,3,0,0.904,-0.096,0.0683,0.0,1.5198,27.982,99.88,0.0876,-0.1062,203572.81,0.8143,0.0,2.261,Cluster 2 — Chronic Overstock Buffers
REC-2024-08-WH-36,2024-08,WH-36,Hub South-8 — Hyderabad Shamshabad DC,South,Hyderabad,Mega Hub,110097.58,124331.64749999999,288771.28625,12754.08,91496.42374999999,26.0,1.95,3431.0,0.978,0,154716.24875000003,190000,2.767,2.51,126559795.12,0.991,0.99,0.0,864,0.183,Overstock,2024,8,3,0,0.8855,-0.1145,0.075,0.0,1.5198,22.641,78.69,0.1022,-0.1293,197274.86,0.8143,0.0,0.0,Cluster 2 — Chronic Overstock Buffers
REC-2024-09-WH-36,2024-09,WH-36,Hub South-8 — Hyderabad Shamshabad DC,South,Hyderabad,Mega Hub,99243.92,111629.74,288771.28625,11385.97,91496.42374999999,25.4,1.85,3899.0,0.954,0,154716.24875000003,190000,2.832,2.21,142223147.8025,1.058,0.99,3.9,864,0.108,Overstock,2024,9,3,0,0.889,-0.111,0.0728,0.0,1.5198,25.362,87.29,0.1202,-0.1248,197274.86,0.8143,0.0,4.017,Cluster 2 — Chronic Overstock Buffers
REC-2024-10-WH-36,2024-10,WH-36,Hub South-8 — Hyderabad Shamshabad DC,South,Hyderabad,Mega Hub,123652.59,124331.64749999999,288771.28625,15070.2,91496.42374999999,27.4,2.06,3666.0,0.972,0,154716.24875000003,190000,2.903,2.69,142223147.8025,1.361,0.99,0.9,864,0.025,Overstock,2024,10,4,1,0.9945,-0.0055,0.0752,0.0,1.5198,19.162,70.06,0.0964,-0.0055,197274.86,0.8143,0.0,0.927,Cluster 2 — Chronic Overstock Buffers
REC-2024-11-WH-36,2024-11,WH-36,Hub South-8 — Hyderabad Shamshabad DC,South,Hyderabad,Mega Hub,124125.97625,124331.64749999999,288771.28625,14090.13,91496.42374999999,24.4,1.59,4237.0,0.986,0,154716.24875000003,190000,2.995,3.03,142223147.8025,1.393,0.931,1.2,864,0.205,Overstock,2024,11,4,1,0.9983,-0.0017,0.0652,0.0,1.5198,20.495,69.79,0.0961,-0.0017,197274.86,0.8143,0.0,1.448,Cluster 2 — Chronic Overstock Buffers
REC-2024-12-WH-36,2024-12,WH-36,Hub South-8 — Hyderabad Shamshabad DC,South,Hyderabad,Mega Hub,108476.76,118318.13,288771.28625,11927.69,91496.42374999999,26.1,1.67,3398.0,0.971,0,154716.24875000003,190000,3.047,2.25,136007064.01,1.141,0.971,0.8,864,0.117,Understock / Shortage,2024,12,4,1,0.9168,-0.0832,0.064,0.0,1.5198,24.21,79.86,0.1075,-0.0907,197274.86,0.8143,0.0,0.87,Cluster 2 — Chronic Overstock Buffers
REC-2023-01-WH-37,2023-01,WH-37,Depot South-9 — Secunderabad Express,South,Hyderabad,Regional DC,36359.88,37888.49,43265.84,8988.11,19896.07,9.0,4.47,1063.0,0.956,0,9887.6,82000,0.528,10.08,27217795.73,0.963,0.976,3.9,426,0.049,Overstock,2023,1,1,0,0.9597,-0.0403,0.4967,0.0,0.5276,4.814,35.7,0.1435,-0.042,23369.77,0.1206,0.0,4.181,Cluster 0 — Balanced Operational Flow
REC-2023-02-WH-37,2023-02,WH-37,Depot South-9 — Secunderabad Express,South,Hyderabad,Regional DC,33966.6,34263.91,43563.15,8121.84,20010.15,10.5,4.33,1001.0,0.961,0,11370.24,82000,0.531,9.36,24200383.57,0.916,0.916,0.7,426,0.154,Overstock,2023,2,1,0,0.9913,-0.0087,0.4124,0.0,0.5313,5.364,38.48,0.1448,-0.0088,23553.0,0.1387,0.0,0.876,Cluster 0 — Balanced Operational Flow
REC-2023-03-WH-37,2023-03,WH-37,Depot South-9 — Secunderabad Express,South,Hyderabad,Regional DC,35979.04,37410.79,44994.9,7462.09,18615.59,9.3,3.71,1018.0,0.978,0,15186.18,82000,0.549,9.6,24273999.92,1.015,0.921,0.6,426,0.114,Overstock,2023,3,1,0,0.9617,-0.0383,0.3989,0.0,0.5487,6.03,37.52,0.1369,-0.0398,26379.31,0.1852,0.0,0.742,Cluster 0 — Balanced Operational Flow
REC-2023-04-WH-37,2023-04,WH-37,Depot South-9 — Secunderabad Express,South,Hyderabad,Regional DC,43423.72,46389.81,47960.99,10494.07,24823.9,9.9,4.34,1611.0,0.986,0,7395.98,82000,0.585,10.86,38782372.52,1.183,0.911,1.1,426,0.157,Overstock,2023,4,2,0,0.9361,-0.0639,0.4384,0.0,0.5849,4.57,33.13,0.1434,-0.0683,23137.09,0.0902,0.0,1.394,Cluster 0 — Balanced Operational Flow
REC-2023-05-WH-37,2023-05,WH-37,Depot South-9 — Secunderabad Express,South,Hyderabad,Regional DC,42191.47,39027.99,44797.51,10185.69,25796.53,11.1,4.33,1606.0,0.965,0,3722.44,82000,0.546,11.3,25270638.97,1.125,0.942,0.2,426,0.152,Overstock,2023,5,2,0,1.0811,0.0811,0.3901,0.0,0.5463,4.398,31.85,0.1191,0.075,19000.98,0.0454,0.0,0.235,Cluster 0 — Balanced Operational Flow
REC-2023-06-WH-37,2023-06,WH-37,Depot South-9 — Secunderabad Express,South,Hyderabad,Regional DC,38169.46,39840.79,46468.84,7205.78,19420.01,9.6,3.36,1563.0,0.961,0,16240.16,82000,0.567,9.86,12382484.71,0.996,0.933,0.8,426,0.122,Overstock,2023,6,2,0,0.958,-0.042,0.35,0.0,0.5667,6.449,36.52,0.0922,-0.0438,27048.83,0.1981,0.0,0.961,Cluster 0 — Balanced Operational Flow
REC-2023-07-WH-37,2023-07,WH-37,Depot South-9 — Secunderabad Express,South,Hyderabad,Regional DC,31978.05,31314.76,45805.55,5924.65,16477.41,9.9,3.3,1414.0,0.96,0,20441.17,82000,0.559,8.38,56507481.84,0.894,0.947,0.3,426,0.093,Overstock,2023,7,3,0,1.0212,0.0212,0.3333,0.0,0.5586,7.731,42.97,0.2351,0.0207,29328.14,0.2493,0.0,0.348,Cluster 0 — Balanced Operational Flow
REC-2023-08-WH-37,2023-08,WH-37,Depot South-9 — Secunderabad Express,South,Hyderabad,Regional DC,34935.39,32512.2,43382.36,7496.7,19491.18,10.3,3.87,1294.0,0.975,0,12646.13,82000,0.529,9.66,27259041.44,0.939,0.894,0.7,426,-0.015,Understock / Shortage,2023,8,3,0,1.0745,0.0745,0.3757,0.0,0.5291,5.787,37.25,0.1494,0.0694,23891.18,0.1542,0.0,0.923,Cluster 0 — Balanced Operational Flow
REC-2023-09-WH-37,2023-09,WH-37,Depot South-9 — Secunderabad Express,South,Hyderabad,Regional DC,42698.49,40943.12,41626.99,10766.24,27133.99,11.5,4.53,1230.0,0.979,0,0.0,82000,0.508,12.31,10327976.02,1.104,0.972,0.1,426,0.103,Overstock,2023,9,3,0,1.0429,0.0429,0.3939,0.0,0.5076,3.866,29.25,0.0753,0.0411,14493.0,0.0,0.0,0.108,Cluster 0 — Balanced Operational Flow
REC-2023-10-WH-37,2023-10,WH-37,Depot South-9 — Secunderabad Express,South,Hyderabad,Regional DC,52505.04,52412.59,41534.54,11098.05,28424.71,9.9,3.78,2135.0,0.965,0,0.0,82000,0.507,15.17,44849806.09,1.372,0.882,0.3,426,0.124,Overstock,2023,10,4,1,1.0018,0.0018,0.3818,0.0,0.5065,3.743,23.73,0.1275,0.0018,13109.83,0.0,0.0,0.406,Cluster 0 — Balanced Operational Flow
REC-2023-11-WH-37,2023-11,WH-37,Depot South-9 — Secunderabad Express,South,Hyderabad,Regional DC,50798.49,50909.64,41645.69,9502.59,24403.48,8.8,3.33,1818.0,0.978,0,2988.33,82000,0.508,14.64,39413909.75,1.4,0.907,0.4,426,0.105,Overstock,2023,11,4,1,0.9978,-0.0022,0.3784,0.0,0.5079,4.383,24.59,0.1236,-0.0022,17242.21,0.0364,0.0,0.512,Cluster 0 — Balanced Operational Flow
REC-2023-12-WH-37,2023-12,WH-37,Depot South-9 — Secunderabad Express,South,Hyderabad,Regional DC,46223.43,43700.5,39122.76,9180.5,25204.62,10.4,3.55,1399.0,0.985,0,147.39,82000,0.477,14.18,64741754.06,1.222,0.913,0.8,426,0.09,Overstock,2023,12,4,1,1.0577,0.0577,0.3413,0.0,0.4771,4.262,25.39,0.1741,0.0546,13918.14,0.0018,0.0,1.009,Cluster 0 — Balanced Operational Flow
REC-2024-01-WH-37,2024-01,WH-37,Depot South-9 — Secunderabad Express,South,Hyderabad,Regional DC,35388.04,32581.2,36315.92,8010.33,19924.3,10.1,4.07,1249.0,0.975,0,4376.12,82000,0.443,11.69,10210979.28,0.987,0.945,2.3,426,0.204,Overstock,2024,1,1,0,1.0861,0.0861,0.403,0.0,0.4429,4.534,30.79,0.0903,0.0793,16391.62,0.0534,0.0,2.68,Cluster 0 — Balanced Operational Flow
REC-2024-02-WH-37,2024-02,WH-37,Depot South-9 — Secunderabad Express,South,Hyderabad,Regional DC,41112.09,41010.41,36214.24,8852.3,21322.97,9.1,3.87,1702.0,0.975,0,1612.82,82000,0.442,13.62,11339501.72,0.9,0.909,0.3,426,0.249,Overstock,2024,2,1,0,1.0025,0.0025,0.4253,0.0,0.4416,4.091,26.43,0.0819,0.0025,14891.27,0.0197,0.0,0.382,Cluster 0 — Balanced Operational Flow
REC-2024-03-WH-37,2024-03,WH-37,Depot South-9 — Secunderabad Express,South,Hyderabad,Regional DC,37877.23,36324.07,34661.08,9531.57,21652.28,9.6,4.55,1033.0,0.962,0,0.0,82000,0.423,13.11,50606420.32,0.988,0.944,0.9,426,0.144,Overstock,2024,3,1,0,1.0428,0.0428,0.474,0.0,0.4227,3.636,27.45,0.1878,0.041,13008.8,0.0,0.0,1.051,Cluster 0 — Balanced Operational Flow
REC-2024-04-WH-37,2024-04,WH-37,Depot South-9 — Secunderabad Express,South,Hyderabad,Regional DC,42465.6,44574.51,36769.99,7923.47,21512.46,9.6,3.31,1185.0,0.983,0,3372.32,82000,0.448,13.86,15027162.37,1.086,0.892,0.0,426,0.267,Overstock,2024,4,2,0,0.9527,-0.0473,0.3448,0.0,0.4484,4.641,25.98,0.0913,-0.0497,15257.53,0.0411,0.0,0.0,Cluster 0 — Balanced Operational Flow
REC-2024-05-WH-37,2024-05,WH-37,Depot South-9 — Secunderabad Express,South,Hyderabad,Regional DC,45349.64,48873.57,40293.92,9241.68,25265.22,10.6,3.67,1429.0,0.953,0,1166.18,82000,0.491,13.51,39282878.42,1.146,0.99,0.1,426,0.186,Overstock,2024,5,2,0,0.9279,-0.0721,0.3462,0.0,0.4914,4.36,26.66,0.1382,-0.0777,15028.7,0.0142,0.0,0.103,Cluster 0 — Balanced Operational Flow
REC-2024-06-WH-37,2024-06,WH-37,Depot South-9 — Secunderabad Express,South,Hyderabad,Regional DC,37577.74,34871.01,37587.19,8962.8,20987.68,9.6,4.3,1351.0,0.986,0,3155.31,82000,0.458,12.0,12676023.72,0.99,0.961,1.8,426,0.222,Overstock,2024,6,2,0,1.0776,0.0776,0.4479,0.0,0.4584,4.194,30.01,0.0947,0.072,16599.51,0.0385,0.0,2.011,Cluster 0 — Balanced Operational Flow
REC-2024-07-WH-37,2024-07,WH-37,Depot South-9 — Secunderabad Express,South,Hyderabad,Regional DC,37952.25,40804.21,40439.15,6868.7,18001.36,8.8,3.27,1255.0,0.981,0,12134.74,82000,0.493,11.26,53000514.49,0.969,0.937,0.1,426,0.203,Overstock,2024,7,3,0,0.9301,-0.0699,0.3716,0.0,0.4932,5.887,31.97,0.1918,-0.0751,22437.79,0.148,0.0,0.119,Cluster 0 — Balanced Operational Flow
REC-2024-08-WH-37,2024-08,WH-37,Depot South-9 — Secunderabad Express,South,Hyderabad,Regional DC,35932.95,38756.66,43262.86,8463.54,19962.08,9.6,4.26,1269.0,0.972,0,10605.47,82000,0.528,9.97,9941196.19,0.968,0.957,1.8,426,0.057,Overstock,2024,8,3,0,0.9271,-0.0729,0.4438,0.0,0.5276,5.112,36.12,0.0877,-0.0786,23300.78,0.1293,0.0,2.032,Cluster 0 — Balanced Operational Flow
REC-2024-09-WH-37,2024-09,WH-37,Depot South-9 — Secunderabad Express,South,Hyderabad,Regional DC,41253.36,43043.08,45052.58,8315.35,20003.8,8.5,3.63,1121.0,0.971,0,12575.76,82000,0.549,10.99,30183693.56,1.077,0.929,1.6,426,0.186,Overstock,2024,9,3,0,0.9584,-0.0416,0.4271,0.0,0.5494,5.418,32.76,0.1332,-0.0434,25048.78,0.1534,0.0,1.941,Cluster 0 — Balanced Operational Flow
REC-2024-10-WH-37,2024-10,WH-37,Depot South-9 — Secunderabad Express,South,Hyderabad,Regional DC,61091.24,61092.89,45054.23,12476.73,32636.84,9.9,3.65,2630.0,0.952,0,0.0,82000,0.549,16.27,2811674.5,1.324,0.985,2.0,426,0.153,Overstock,2024,10,4,1,1.0,0.0,0.3687,0.0,0.5494,3.611,22.12,0.0274,-0.0,12417.39,0.0,0.0,2.09,Cluster 0 — Balanced Operational Flow
REC-2024-11-WH-37,2024-11,WH-37,Depot South-9 — Secunderabad Express,South,Hyderabad,Regional DC,56781.89,57692.39,45964.73,14282.52,30560.0,8.6,4.54,2018.0,0.963,0,0.0,82000,0.561,14.82,49784989.83,1.358,0.935,1.0,426,0.065,Overstock,2024,11,4,1,0.9842,-0.0158,0.5279,0.0,0.5605,3.218,24.28,0.1243,-0.016,15404.73,0.0,0.0,1.195,Cluster 0 — Balanced Operational Flow
REC-2024-12-WH-37,2024-12,WH-37,Depot South-9 — Secunderabad Express,South,Hyderabad,Regional DC,55833.73,53012.82,43143.82,12413.72,33072.2,11.1,3.97,2445.0,0.979,0,0.0,82000,0.526,15.53,16721908.89,1.16,0.892,1.8,426,0.257,Overstock,2024,12,4,1,1.0532,0.0532,0.3577,0.0,0.5261,3.475,23.18,0.0732,0.0505,10071.62,0.0,0.0,2.383,Cluster 0 — Balanced Operational Flow
REC-2023-01-WH-38,2023-01,WH-38,Facility South-10 — Vijayawada River Hub,South,Vijayawada,Regional DC,23556.37,14613.24,7943.01,10509.71,25507.27,19.1,8.06,649.0,0.972,0,0.0,65000,0.122,25.0,22056810.04,0.954,0.769,4.2,546,0.195,Understock / Shortage,2023,1,1,0,1.612,0.612,0.422,0.0,0.1222,0.756,10.12,0.1994,0.3796,-17564.26,0.0,2566.7,7.111,Cluster 1 — High-Velocity Shortage Risk
REC-2023-02-WH-38,2023-02,WH-38,Facility South-10 — Vijayawada River Hub,South,Vijayawada,Regional DC,23430.9,17956.7,2468.81,11739.2,26188.26,18.5,9.09,689.0,0.977,0,0.0,65000,0.038,25.0,2960872.49,0.956,0.824,1.7,546,0.223,Understock / Shortage,2023,2,1,0,1.3049,0.3049,0.4914,0.0,0.038,0.21,3.16,0.0734,0.2336,-23719.45,0.0,9270.39,2.598,Cluster 1 — High-Velocity Shortage Risk
REC-2023-03-WH-38,2023-03,WH-38,Facility South-10 — Vijayawada River Hub,South,Vijayawada,Regional DC,26994.92,17435.44,26.67,13379.26,29216.28,17.6,8.98,793.0,0.737,8,0.0,65000,0.0,25.0,4876768.52,1.031,0.81,1.5,546,0.104,Understock / Shortage,2023,3,1,0,1.5483,0.5483,0.5102,18.52,0.0004,0.002,0.03,0.0818,0.3541,-29189.61,0.0,13352.59,2.355,Cluster 1 — High-Velocity Shortage Risk
REC-2023-04-WH-38,2023-04,WH-38,Facility South-10 — Vijayawada River Hub,South,Vijayawada,Regional DC,23594.49,18574.25,399.81,11700.3,25621.05,17.7,8.96,729.0,0.788,8,0.0,65000,0.006,25.0,12645087.24,1.16,0.853,0.5,546,0.176,Understock / Shortage,2023,4,2,0,1.2703,0.2703,0.5062,16.48,0.0062,0.034,0.51,0.1507,0.2128,-25221.24,0.0,11300.49,0.72,Cluster 1 — High-Velocity Shortage Risk
REC-2023-05-WH-38,2023-05,WH-38,Facility South-10 — Vijayawada River Hub,South,Vijayawada,Regional DC,26848.5,17823.74,377.18,10891.15,27626.71,18.7,7.32,743.0,0.679,4,0.0,65000,0.006,25.0,13965137.56,1.134,0.804,3.1,546,0.225,Understock / Shortage,2023,5,2,0,1.5063,0.5063,0.3914,10.42,0.0058,0.035,0.42,0.1392,0.3361,-27249.53,0.0,10513.97,4.923,Cluster 1 — High-Velocity Shortage Risk
REC-2023-06-WH-38,2023-06,WH-38,Facility South-10 — Vijayawada River Hub,South,Vijayawada,Regional DC,22554.6,13990.18,500.13,12989.82,25018.94,16.0,10.44,646.0,0.637,7,0.0,65000,0.008,25.0,8599046.29,0.935,0.712,3.8,546,0.111,Understock / Shortage,2023,6,2,0,1.6122,0.6122,0.6525,19.705,0.0077,0.039,0.67,0.13,0.3797,-24518.81,0.0,12489.69,7.083,Cluster 1 — High-Velocity Shortage Risk
REC-2023-07-WH-38,2023-07,WH-38,Facility South-10 — Vijayawada River Hub,South,Vijayawada,Regional DC,24760.64,18150.16,561.05,11653.32,25354.21,16.6,8.53,681.0,0.753,8,0.0,65000,0.009,25.0,14511146.7,0.949,0.815,1.8,546,0.158,Understock / Shortage,2023,7,3,0,1.3642,0.3642,0.5139,17.88,0.0086,0.048,0.68,0.1538,0.267,-24793.16,0.0,11092.27,2.799,Cluster 1 — High-Velocity Shortage Risk
REC-2023-08-WH-38,2023-08,WH-38,Facility South-10 — Vijayawada River Hub,South,Vijayawada,Regional DC,22417.25,14512.46,37.08,9809.75,22886.48,17.5,7.94,974.0,0.672,8,0.0,65000,0.001,25.0,10005592.88,0.914,0.779,5.65,546,0.167,Understock / Shortage,2023,8,3,0,1.5447,0.5447,0.4537,21.12,0.0006,0.004,0.05,0.1411,0.3526,-22849.4,0.0,9772.67,9.396,Cluster 1 — High-Velocity Shortage Risk
REC-2023-09-WH-38,2023-09,WH-38,Facility South-10 — Vijayawada River Hub,South,Vijayawada,Regional DC,28295.56,16735.91,478.66,16214.6,31305.57,16.0,10.4,1206.0,0.593,8,0.0,65000,0.007,25.0,7244192.97,1.074,0.787,2.2,546,0.087,Understock / Shortage,2023,9,3,0,1.6907,0.6907,0.65,24.28,0.0074,0.03,0.51,0.0951,0.4085,-30826.91,0.0,15735.94,3.606,Cluster 1 — High-Velocity Shortage Risk
REC-2023-10-WH-38,2023-10,WH-38,Facility South-10 — Vijayawada River Hub,South,Vijayawada,Regional DC,35412.38,26126.7,255.59,16508.99,36221.88,16.7,8.46,1450.0,0.751,7,0.0,65000,0.004,25.0,11188233.01,1.349,0.833,5.65,546,0.163,Understock / Shortage,2023,10,4,1,1.3554,0.3554,0.5066,15.715,0.0039,0.015,0.22,0.0945,0.2622,-35966.29,0.0,16253.4,8.481,Cluster 1 — High-Velocity Shortage Risk
REC-2023-11-WH-38,2023-11,WH-38,Facility South-10 — Vijayawada River Hub,South,Vijayawada,Regional DC,37595.45,25260.68,675.14,14955.87,37763.78,18.2,7.2,1565.0,0.679,11,0.0,65000,0.01,25.0,17429253.26,1.391,0.741,4.0,546,0.118,Understock / Shortage,2023,11,4,1,1.4883,0.4883,0.3956,28.655,0.0104,0.045,0.54,0.111,0.3281,-37088.64,0.0,14280.73,7.108,Cluster 1 — High-Velocity Shortage Risk
REC-2023-12-WH-38,2023-12,WH-38,Facility South-10 — Vijayawada River Hub,South,Vijayawada,Regional DC,30697.98,19639.62,370.33,13031.3,30426.82,17.0,7.68,1377.0,0.662,8,0.0,65000,0.006,25.0,6601999.35,1.136,0.818,1.1,546,0.225,Understock / Shortage,2023,12,4,1,1.5631,0.5631,0.4518,21.52,0.0057,0.028,0.36,0.0837,0.3602,-30056.49,0.0,12660.97,1.701,Cluster 1 — High-Velocity Shortage Risk
REC-2024-01-WH-38,2024-01,WH-38,Facility South-10 — Vijayawada River Hub,South,Vijayawada,Regional DC,24174.05,14498.23,211.53,11630.04,24361.71,15.8,8.73,1078.0,0.615,4,0.0,65000,0.003,25.0,11744253.69,0.956,0.787,5.65,546,0.203,Understock / Shortage,2024,1,1,0,1.6674,0.6674,0.5525,11.7,0.0033,0.018,0.26,0.1418,0.4003,-24150.18,0.0,11418.51,9.26,Cluster 1 — High-Velocity Shortage Risk
REC-2024-02-WH-38,2024-02,WH-38,Facility South-10 — Vijayawada River Hub,South,Vijayawada,Regional DC,22918.85,14512.4,200.85,10236.07,22612.25,16.2,8.08,696.0,0.642,8,0.0,65000,0.003,25.0,7913858.34,0.883,0.786,1.6,546,0.217,Understock / Shortage,2024,2,1,0,1.5793,0.5793,0.4988,22.32,0.0031,0.02,0.26,0.1227,0.3668,-22411.4,0.0,10035.22,2.627,Cluster 1 — High-Velocity Shortage Risk
REC-2024-03-WH-38,2024-03,WH-38,Facility South-10 — Vijayawada River Hub,South,Vijayawada,Regional DC,26600.58,16701.34,333.32,12256.03,28748.39,18.6,8.36,1089.0,0.635,4,0.0,65000,0.005,25.0,4911762.28,1.034,0.778,3.3,546,0.218,Understock / Shortage,2024,3,1,0,1.5927,0.5927,0.4495,11.3,0.0051,0.027,0.38,0.0833,0.3721,-28415.07,0.0,11922.71,5.498,Cluster 1 — High-Velocity Shortage Risk
REC-2024-04-WH-38,2024-04,WH-38,Facility South-10 — Vijayawada River Hub,South,Vijayawada,Regional DC,29865.57,19490.55,138.88,16777.85,32905.26,16.2,10.19,1068.0,0.664,11,0.0,65000,0.002,25.0,12235859.71,1.08,0.761,5.65,546,0.152,Understock / Shortage,2024,4,2,0,1.5323,0.5323,0.629,29.48,0.0021,0.008,0.14,0.1171,0.3474,-32766.38,0.0,16638.97,9.701,Cluster 1 — High-Velocity Shortage Risk
REC-2024-05-WH-38,2024-05,WH-38,Facility South-10 — Vijayawada River Hub,South,Vijayawada,Regional DC,25542.63,19783.63,228.22,11144.51,25959.24,17.4,7.91,775.0,0.78,3,0.0,65000,0.004,25.0,25944685.93,1.139,0.836,0.0,546,0.144,Understock / Shortage,2024,5,2,0,1.2911,0.2911,0.4546,6.3,0.0035,0.02,0.27,0.1994,0.2255,-25731.02,0.0,10916.29,0.0,Cluster 1 — High-Velocity Shortage Risk
REC-2024-06-WH-38,2024-06,WH-38,Facility South-10 — Vijayawada River Hub,South,Vijayawada,Regional DC,28857.65,17322.91,606.26,16140.44,32589.3,17.1,10.14,1001.0,0.608,6,0.0,65000,0.009,25.0,4090774.71,1.024,0.736,0.2,546,0.251,Understock / Shortage,2024,6,2,0,1.6659,0.6659,0.593,17.76,0.0093,0.038,0.63,0.0701,0.3997,-31983.04,0.0,15534.18,0.358,Cluster 1 — High-Velocity Shortage Risk
REC-2024-07-WH-38,2024-07,WH-38,Facility South-10 — Vijayawada River Hub,South,Vijayawada,Regional DC,25071.88,17801.52,422.96,10179.02,26057.88,19.0,7.33,920.0,0.734,11,0.0,65000,0.007,25.0,3518076.39,0.932,0.777,1.7,546,0.149,Understock / Shortage,2024,7,3,0,1.4084,0.4084,0.3858,25.63,0.0065,0.042,0.51,0.0748,0.29,-25634.92,0.0,9756.06,2.837,Cluster 1 — High-Velocity Shortage Risk
REC-2024-08-WH-38,2024-08,WH-38,Facility South-10 — Vijayawada River Hub,South,Vijayawada,Regional DC,30235.38,18379.81,544.3,15142.25,32376.42,17.1,9.08,1291.0,0.622,8,0.0,65000,0.008,25.0,12725488.62,1.036,0.806,0.3,546,0.172,Understock / Shortage,2024,8,3,0,1.645,0.645,0.531,23.12,0.0084,0.036,0.54,0.118,0.3921,-31832.12,0.0,14597.95,0.475,Cluster 1 — High-Velocity Shortage Risk
REC-2024-09-WH-38,2024-09,WH-38,Facility South-10 — Vijayawada River Hub,South,Vijayawada,Regional DC,29613.78,17601.33,343.99,14692.58,33447.97,19.0,9.0,1291.0,0.613,10,0.0,65000,0.005,25.0,8163536.47,1.054,0.793,1.1,546,0.222,Understock / Shortage,2024,9,3,0,1.6825,0.6825,0.4737,29.35,0.0053,0.023,0.35,0.0965,0.4056,-33103.98,0.0,14348.59,1.783,Cluster 1 — High-Velocity Shortage Risk
REC-2024-10-WH-38,2024-10,WH-38,Facility South-10 — Vijayawada River Hub,South,Vijayawada,Regional DC,37135.73,26621.06,734.54,18945.77,39989.35,17.0,9.23,1067.0,0.726,11,0.0,65000,0.011,25.0,61927752.28,1.389,0.804,1.3,546,0.178,Understock / Shortage,2024,10,4,1,1.395,0.395,0.5429,26.07,0.0113,0.039,0.59,0.2119,0.2831,-39254.81,0.0,18211.23,2.064,Cluster 1 — High-Velocity Shortage Risk
REC-2024-11-WH-38,2024-11,WH-38,Facility South-10 — Vijayawada River Hub,South,Vijayawada,Regional DC,32020.56,21457.58,275.57,14824.65,32649.43,16.7,8.4,860.0,0.693,9,0.0,65000,0.004,25.0,11330306.33,1.38,0.736,1.1,546,0.181,Understock / Shortage,2024,11,4,1,1.4923,0.4923,0.503,22.815,0.0042,0.019,0.26,0.1051,0.3299,-32373.86,0.0,14549.08,1.971,Cluster 1 — High-Velocity Shortage Risk
REC-2024-12-WH-38,2024-12,WH-38,Facility South-10 — Vijayawada River Hub,South,Vijayawada,Regional DC,36654.06,24168.57,474.12,15070.67,37674.01,18.5,7.44,1418.0,0.667,11,0.0,65000,0.007,25.0,8334891.8,1.184,0.781,0.0,546,0.154,Understock / Shortage,2024,12,4,1,1.5166,0.5166,0.4022,29.315,0.0073,0.031,0.39,0.0788,0.3406,-37199.89,0.0,14596.55,0.0,Cluster 1 — High-Velocity Shortage Risk
REC-2023-01-WH-39,2023-01,WH-39,Depot South-11 — Visakhapatnam Port DC,South,Visakhapatnam,Regional DC,29137.3,31382.91,35077.8,7324.56,18299.61,11.3,4.52,1179.0,0.995,0,5791.35,72000,0.487,9.97,1453300.99,0.929,0.964,1.2,580,0.126,Overstock,2023,1,1,0,0.9284,-0.0716,0.4,0.0,0.4872,4.789,36.12,0.0414,-0.0771,16778.19,0.0804,0.0,1.33,Cluster 0 — Balanced Operational Flow
REC-2023-02-WH-39,2023-02,WH-39,Depot South-11 — Visakhapatnam Port DC,South,Visakhapatnam,Regional DC,24779.11,25175.59,35474.28,5140.31,12491.45,8.9,3.71,821.0,0.979,0,15272.36,72000,0.493,8.38,32087991.71,0.888,0.957,1.4,580,0.193,Overstock,2023,2,1,0,0.9843,-0.0157,0.4169,0.0,0.4927,6.901,42.95,0.2286,-0.016,22982.83,0.2121,0.0,1.581,Cluster 0 — Balanced Operational Flow
REC-2023-03-WH-39,2023-03,WH-39,Depot South-11 — Visakhapatnam Port DC,South,Visakhapatnam,Regional DC,33382.29,34970.8,37062.79,7337.16,19911.16,11.3,3.95,1347.0,0.985,0,6145.89,72000,0.515,10.81,51276826.25,0.986,0.902,5.3,580,0.201,Overstock,2023,3,1,0,0.9546,-0.0454,0.3496,0.0,0.5148,5.051,33.31,0.2145,-0.0476,17151.63,0.0854,0.0,6.858,Cluster 0 — Balanced Operational Flow
REC-2023-04-WH-39,2023-04,WH-39,Depot South-11 — Visakhapatnam Port DC,South,Visakhapatnam,Regional DC,31453.38,29340.81,34950.22,8290.17,20556.99,11.7,4.77,1350.0,0.991,0,1957.97,72000,0.485,10.8,37144682.62,1.109,0.889,0.2,580,0.123,Overstock,2023,4,2,0,1.072,0.072,0.4077,0.0,0.4854,4.216,33.34,0.1938,0.0672,14393.23,0.0272,0.0,0.267,Cluster 0 — Balanced Operational Flow
REC-2023-05-WH-39,2023-05,WH-39,Depot South-11 — Visakhapatnam Port DC,South,Visakhapatnam,Regional DC,38529.56,41063.4,37484.06,8309.38,21409.43,10.2,3.9,1337.0,0.965,0,3610.56,72000,0.521,12.33,17692491.18,1.128,0.855,0.7,580,0.05,Overstock,2023,5,2,0,0.9383,-0.0617,0.3824,0.0,0.5206,4.511,29.19,0.1092,-0.0658,16074.63,0.0501,0.0,1.004,Cluster 0 — Balanced Operational Flow
REC-2023-06-WH-39,2023-06,WH-39,Depot South-11 — Visakhapatnam Port DC,South,Visakhapatnam,Regional DC,37740.87,38632.18,38375.37,9487.61,22067.9,10.0,4.53,1292.0,0.993,0,2076.06,72000,0.533,11.8,32302937.47,1.024,0.936,0.4,580,0.092,Overstock,2023,6,2,0,0.9769,-0.0231,0.453,0.0,0.533,4.045,30.5,0.1506,-0.0236,16307.47,0.0288,0.0,0.477,Cluster 0 — Balanced Operational Flow
REC-2023-07-WH-39,2023-07,WH-39,Depot South-11 — Visakhapatnam Port DC,South,Visakhapatnam,Regional DC,28233.29,27574.85,37716.93,5568.65,15732.63,10.8,3.53,927.0,0.99,0,13631.33,72000,0.524,8.98,6146777.71,0.946,0.859,1.9,580,0.066,Overstock,2023,7,3,0,1.0239,0.0239,0.3269,0.0,0.5238,6.773,40.08,0.0878,0.0233,21984.3,0.1893,0.0,2.704,Cluster 0 — Balanced Operational Flow
REC-2023-08-WH-39,2023-08,WH-39,Depot South-11 — Visakhapatnam Port DC,South,Visakhapatnam,Regional DC,27515.5,29437.49,39638.92,6930.56,18670.51,12.8,4.52,902.0,0.959,0,10572.57,72000,0.551,8.33,3753487.53,0.971,0.92,0.9,580,0.104,Overstock,2023,8,3,0,0.9347,-0.0653,0.3531,0.0,0.5505,5.719,43.22,0.0704,-0.0699,20968.41,0.1468,0.0,1.116,Cluster 0 — Balanced Operational Flow
REC-2023-09-WH-39,2023-09,WH-39,Depot South-11 — Visakhapatnam Port DC,South,Visakhapatnam,Regional DC,35098.56,37619.46,42159.82,9111.31,19640.88,9.0,4.69,1028.0,0.967,0,8851.97,72000,0.586,9.99,29229337.02,1.117,0.94,0.5,580,0.166,Overstock,2023,9,3,0,0.933,-0.067,0.5211,0.0,0.5856,4.627,36.04,0.154,-0.0718,22518.94,0.1229,0.0,0.59,Cluster 0 — Balanced Operational Flow
REC-2023-10-WH-39,2023-10,WH-39,Depot South-11 — Visakhapatnam Port DC,South,Visakhapatnam,Regional DC,41532.12,38973.43,39601.13,11300.82,28744.31,12.6,4.89,1171.0,0.954,0,0.0,72000,0.55,12.59,44760565.62,1.383,0.915,2.9,580,0.152,Overstock,2023,10,4,1,1.0657,0.0657,0.3881,0.0,0.55,3.504,28.61,0.1611,0.0616,10856.82,0.0,0.0,3.639,Cluster 0 — Balanced Operational Flow
REC-2023-11-WH-39,2023-11,WH-39,Depot South-11 — Visakhapatnam Port DC,South,Visakhapatnam,Regional DC,43420.44,42116.25,38296.94,8987.26,26355.44,12.0,3.68,1192.0,0.963,0,0.0,72000,0.532,13.61,18200129.7,1.399,0.918,1.0,580,0.139,Overstock,2023,11,4,1,1.031,0.031,0.3067,0.0,0.5319,4.261,26.46,0.0983,0.03,11941.5,0.0,0.0,1.246,Cluster 0 — Balanced Operational Flow
REC-2023-12-WH-39,2023-12,WH-39,Depot South-11 — Visakhapatnam Port DC,South,Visakhapatnam,Regional DC,37128.69,35300.55,36468.8,10218.43,25812.48,12.6,4.97,1368.0,0.959,0,0.0,72000,0.507,12.22,33236198.56,1.161,0.948,1.0,580,0.082,Overstock,2023,12,4,1,1.0518,0.0518,0.3944,0.0,0.5065,3.569,29.47,0.1553,0.0492,10656.32,0.0,0.0,1.156,Cluster 0 — Balanced Operational Flow
REC-2024-01-WH-39,2024-01,WH-39,Depot South-11 — Visakhapatnam Port DC,South,Visakhapatnam,Regional DC,29663.69,31185.6,37990.71,8050.5,19322.7,11.4,4.9,1197.0,0.994,0,6592.26,72000,0.528,9.37,4251542.99,0.953,0.96,1.0,580,0.124,Overstock,2024,1,1,0,0.9512,-0.0488,0.4298,0.0,0.5276,4.719,38.42,0.0695,-0.0513,18668.01,0.0916,0.0,1.12,Cluster 0 — Balanced Operational Flow
REC-2024-02-WH-39,2024-02,WH-39,Depot South-11 — Visakhapatnam Port DC,South,Visakhapatnam,Regional DC,27127.48,25544.98,36408.21,6863.05,17081.07,11.3,4.54,816.0,0.971,0,9032.56,72000,0.506,8.94,10202763.77,0.871,0.888,0.5,580,0.125,Overstock,2024,2,1,0,1.0619,0.0619,0.4018,0.0,0.5057,5.305,40.26,0.1177,0.0583,19327.14,0.1255,0.0,0.668,Cluster 0 — Balanced Operational Flow
REC-2024-03-WH-39,2024-03,WH-39,Depot South-11 — Visakhapatnam Port DC,South,Visakhapatnam,Regional DC,29705.71,30201.93,36904.43,6073.79,17956.07,12.0,3.63,1033.0,0.958,0,9837.68,72000,0.513,9.66,4624905.76,1.037,0.867,3.7,580,0.133,Overstock,2024,3,1,0,0.9836,-0.0164,0.3025,0.0,0.5126,6.076,37.27,0.0724,-0.0167,18948.36,0.1366,0.0,5.176,Cluster 0 — Balanced Operational Flow
REC-2024-04-WH-39,2024-04,WH-39,Depot South-11 — Visakhapatnam Port DC,South,Visakhapatnam,Regional DC,43574.49,41423.27,34753.21,9688.6,26392.15,11.5,3.97,1901.0,0.991,0,0.0,72000,0.483,15.05,5388952.07,1.151,0.947,1.8,580,0.241,Overstock,2024,4,2,0,1.0519,0.0519,0.3452,0.0,0.4827,3.587,23.93,0.0533,0.0494,8361.06,0.0,0.0,2.086,Cluster 0 — Balanced Operational Flow
REC-2024-05-WH-39,2024-05,WH-39,Depot South-11 — Visakhapatnam Port DC,South,Visakhapatnam,Regional DC,46134.32,48304.51,36923.4,9705.11,28773.96,12.4,3.79,1739.0,0.993,0,0.0,72000,0.513,14.99,6546640.42,1.169,0.896,1.6,580,0.243,Overstock,2024,5,2,0,0.9551,-0.0449,0.3056,0.0,0.5128,3.805,24.01,0.0555,-0.047,8149.44,0.0,0.0,2.099,Cluster 0 — Balanced Operational Flow
REC-2024-06-WH-39,2024-06,WH-39,Depot South-11 — Visakhapatnam Port DC,South,Visakhapatnam,Regional DC,32135.08,33225.28,38013.6,7742.84,17704.71,9.3,4.33,1014.0,0.96,0,8694.63,72000,0.528,10.14,7735974.54,1.0,0.927,0.2,580,0.216,Overstock,2024,6,2,0,0.9672,-0.0328,0.4656,0.0,0.528,4.91,35.49,0.0866,-0.0339,20308.89,0.1208,0.0,0.244,Cluster 0 — Balanced Operational Flow
REC-2024-07-WH-39,2024-07,WH-39,Depot South-11 — Visakhapatnam Port DC,South,Visakhapatnam,Regional DC,35724.0,38043.17,40332.77,9361.35,24365.43,12.6,4.69,1038.0,0.997,0,1925.31,72000,0.56,10.63,19203420.84,0.91,0.946,5.65,580,0.213,Overstock,2024,7,3,0,0.939,-0.061,0.3722,0.0,0.5602,4.308,33.87,0.1227,-0.0649,15967.34,0.0267,0.0,6.565,Cluster 0 — Balanced Operational Flow
REC-2024-08-WH-39,2024-08,WH-39,Depot South-11 — Visakhapatnam Port DC,South,Visakhapatnam,Regional DC,30365.57,28103.12,38070.32,6025.49,18779.03,12.6,3.53,1191.0,0.96,0,10253.06,72000,0.529,9.57,14176335.34,0.931,0.936,0.5,580,0.187,Overstock,2024,8,3,0,1.0805,0.0805,0.2802,0.0,0.5288,6.318,37.61,0.124,0.0745,19291.29,0.1424,0.0,0.596,Cluster 0 — Balanced Operational Flow
REC-2024-09-WH-39,2024-09,WH-39,Depot South-11 — Visakhapatnam Port DC,South,Visakhapatnam,Regional DC,37134.76,34863.32,35798.88,10210.14,24692.7,11.7,4.95,1036.0,0.995,0,0.0,72000,0.497,12.45,22634839.87,1.053,0.904,0.1,580,0.109,Overstock,2024,9,3,0,1.0652,0.0652,0.4231,0.0,0.4972,3.506,28.92,0.1281,0.0612,11106.18,0.0,0.0,0.129,Cluster 0 — Balanced Operational Flow
REC-2024-10-WH-39,2024-10,WH-39,Depot South-11 — Visakhapatnam Port DC,South,Visakhapatnam,Regional DC,45510.48,45503.16,35791.56,9047.64,26341.62,11.4,3.52,1246.0,0.97,0,0.0,72000,0.497,15.26,85989390.43,1.353,0.883,2.1,580,0.146,Overstock,2024,10,4,1,1.0002,0.0002,0.3088,0.0,0.4971,3.956,23.59,0.2038,0.0002,9449.94,0.0,0.0,2.837,Cluster 0 — Balanced Operational Flow
REC-2024-11-WH-39,2024-11,WH-39,Depot South-11 — Visakhapatnam Port DC,South,Visakhapatnam,Regional DC,52026.71,48552.62,32317.47,14509.94,34626.93,11.6,5.01,2043.0,0.98,0,0.0,72000,0.449,19.32,31403239.78,1.407,0.94,1.8,580,0.179,Overstock,2024,11,4,1,1.0716,0.0716,0.4319,0.0,0.4489,2.227,18.64,0.1077,0.0668,-2309.46,0.0,0.0,2.124,Cluster 0 — Balanced Operational Flow
REC-2024-12-WH-39,2024-12,WH-39,Depot South-11 — Visakhapatnam Port DC,South,Visakhapatnam,Regional DC,43636.84,44018.6,32699.23,10810.46,27101.55,11.2,4.46,1483.0,0.969,0,0.0,72000,0.454,16.01,55741232.0,1.164,0.947,0.9,580,0.205,Understock / Shortage,2024,12,4,1,0.9913,-0.0087,0.3982,0.0,0.4542,3.025,22.48,0.1711,-0.0087,5597.68,0.0,0.0,1.043,Cluster 0 — Balanced Operational Flow
REC-2023-01-WH-40,2023-01,WH-40,Depot South-12 — Kochi Maritime Terminal,South,Kochi,Regional DC,28743.05,35634.4,63406.73,4184.44,16448.14,12.8,2.6,943.0,0.985,0,40681.93,68000,0.932,5.44,11763495.04,0.873,0.951,2.0,504,0.218,Overstock,2023,1,1,0,0.8066,-0.1934,0.2031,0.0,0.9325,15.153,66.18,0.1193,-0.2398,46958.59,0.5983,0.0,2.294,Cluster 2 — Chronic Overstock Buffers
REC-2023-02-WH-40,2023-02,WH-40,Depot South-12 — Kochi Maritime Terminal,South,Kochi,Regional DC,33286.38,41675.44,71795.79,5169.85,19926.81,13.3,2.77,1052.0,0.976,0,44114.2,68000,1.056,5.56,20637176.66,0.916,0.969,1.5,504,0.254,Overstock,2023,2,1,0,0.7987,-0.2013,0.2083,0.0,1.0558,13.887,64.71,0.1365,-0.252,51868.98,0.6487,0.0,1.64,Cluster 2 — Chronic Overstock Buffers
REC-2023-03-WH-40,2023-03,WH-40,Depot South-12 — Kochi Maritime Terminal,South,Kochi,Regional DC,32899.53,36345.62,75241.88,5354.9,20708.01,14.0,2.89,921.0,0.99,0,46501.52,68000,1.106,5.25,15887942.84,1.075,0.921,0.2,504,0.206,Overstock,2023,3,1,0,0.9052,-0.0948,0.2064,0.0,1.1065,14.051,68.61,0.1212,-0.1047,54533.87,0.6838,0.0,0.247,Cluster 2 — Chronic Overstock Buffers
REC-2023-04-WH-40,2023-04,WH-40,Depot South-12 — Kochi Maritime Terminal,South,Kochi,Regional DC,34046.61,36699.94,77895.21,4620.86,18126.02,11.9,2.38,928.0,0.95,0,52837.9,68000,1.146,5.24,19623278.68,1.126,0.99,0.3,504,0.124,Overstock,2023,4,2,0,0.9277,-0.0723,0.2,0.0,1.1455,16.857,68.64,0.1301,-0.0779,59769.19,0.777,0.0,0.309,Cluster 2 — Chronic Overstock Buffers
REC-2023-05-WH-40,2023-05,WH-40,Depot South-12 — Kochi Maritime Terminal,South,Kochi,Regional DC,38138.58,42937.42,82694.05,6132.95,23930.95,14.0,2.83,1631.0,0.976,0,49563.68,68000,1.216,5.53,18241405.7,1.078,0.974,2.9,504,0.15,Overstock,2023,5,2,0,0.8882,-0.1118,0.2021,0.0,1.2161,13.484,65.05,0.112,-0.1258,58763.1,0.7289,0.0,3.126,Cluster 2 — Chronic Overstock Buffers
REC-2023-06-WH-40,2023-06,WH-40,Depot South-12 — Kochi Maritime Terminal,South,Kochi,Regional DC,29487.63,36126.97,89333.39,4251.44,16341.37,12.3,2.5,867.0,0.985,0,66614.86,68000,1.314,3.96,17330711.31,0.994,0.99,0.5,504,0.155,Overstock,2023,6,2,0,0.8162,-0.1838,0.2033,0.0,1.3137,21.013,90.89,0.1412,-0.2252,72992.02,0.9796,0.0,0.515,Cluster 2 — Chronic Overstock Buffers
REC-2023-07-WH-40,2023-07,WH-40,Depot South-12 — Kochi Maritime Terminal,South,Kochi,Regional DC,26811.11,34259.37,96781.65,3431.23,14066.3,11.9,2.24,731.0,0.971,0,77568.5,68000,1.423,3.32,22067435.38,0.916,0.949,0.7,504,0.182,Overstock,2023,7,3,0,0.7826,-0.2174,0.1882,0.0,1.4233,28.206,108.29,0.1752,-0.2778,82715.35,1.1407,0.0,0.807,Cluster 2 — Chronic Overstock Buffers
REC-2023-08-WH-40,2023-08,WH-40,Depot South-12 — Kochi Maritime Terminal,South,Kochi,Regional DC,31596.83,36572.31,101757.13,4813.19,20190.31,14.6,2.65,1042.0,0.959,0,74347.04,68000,1.496,3.73,16874025.71,0.932,0.877,0.7,504,0.098,Overstock,2023,8,3,0,0.864,-0.136,0.1815,0.0,1.4964,21.141,96.61,0.13,-0.1575,81566.82,1.0933,0.0,0.958,Cluster 2 — Chronic Overstock Buffers
REC-2023-09-WH-40,2023-09,WH-40,Depot South-12 — Kochi Maritime Terminal,South,Kochi,Regional DC,37460.42,40872.7,105169.41,5585.57,21069.21,12.4,2.62,1698.0,0.957,0,75721.84,68000,1.547,4.27,11949196.31,1.077,0.924,0.9,504,0.14,Overstock,2023,9,3,0,0.9165,-0.0835,0.2113,0.0,1.5466,18.829,84.22,0.0923,-0.0911,84100.2,1.1136,0.0,1.105,Cluster 2 — Chronic Overstock Buffers
REC-2023-10-WH-40,2023-10,WH-40,Depot South-12 — Kochi Maritime Terminal,South,Kochi,Regional DC,45035.3,50740.67,110874.78,7799.11,26563.82,12.5,3.1,1637.0,0.956,0,72612.3,68000,1.631,4.87,73798931.79,1.388,0.952,3.4,504,0.175,Overstock,2023,10,4,1,0.8876,-0.1124,0.248,0.0,1.6305,14.216,73.86,0.1908,-0.1267,84310.96,1.0678,0.0,3.89,Cluster 2 — Chronic Overstock Buffers
REC-2023-11-WH-40,2023-11,WH-40,Depot South-12 — Kochi Maritime Terminal,South,Kochi,Regional DC,45493.5,48462.17,113843.45,7894.78,25637.24,11.7,3.1,1259.0,0.961,0,76364.04,68000,1.674,4.8,31104521.05,1.357,0.99,0.5,504,0.127,Overstock,2023,11,4,1,0.9387,-0.0613,0.265,0.0,1.6742,14.42,75.07,0.1226,-0.0653,88206.21,1.123,0.0,0.515,Cluster 2 — Chronic Overstock Buffers
REC-2023-12-WH-40,2023-12,WH-40,Depot South-12 — Kochi Maritime Terminal,South,Kochi,Regional DC,35599.32,40323.55,118567.68,5852.79,19499.2,11.5,2.9,1472.0,0.988,0,90289.29,68000,1.744,3.6,25267886.33,1.178,0.986,0.3,504,0.125,Overstock,2023,12,4,1,0.8828,-0.1172,0.2522,0.0,1.7436,20.258,99.92,0.1412,-0.1327,99068.48,1.3278,0.0,0.313,Cluster 2 — Chronic Overstock Buffers
REC-2024-01-WH-40,2024-01,WH-40,Depot South-12 — Kochi Maritime Terminal,South,Kochi,Regional DC,37501.3,44301.58,125367.96,6504.89,21005.39,11.6,3.1,1334.0,0.973,0,94605.24,68000,1.844,3.59,48050781.9,0.949,0.886,0.8,504,0.256,Overstock,2024,1,1,0,0.8465,-0.1535,0.2672,0.0,1.8436,19.273,100.29,0.1848,-0.1813,104362.57,1.3913,0.0,1.074,Cluster 2 — Chronic Overstock Buffers
REC-2024-02-WH-40,2024-02,WH-40,Depot South-12 — Kochi Maritime Terminal,South,Kochi,Regional DC,27123.99,28710.09,126954.06,4677.02,16973.23,13.6,3.02,739.0,0.962,0,102965.3,68000,1.867,2.56,13992038.71,0.88,0.926,0.1,504,0.145,Overstock,2024,2,1,0,0.9448,-0.0552,0.2221,0.0,1.867,27.144,140.42,0.1379,-0.0585,109980.83,1.5142,0.0,0.122,Cluster 2 — Chronic Overstock Buffers
REC-2024-03-WH-40,2024-03,WH-40,Depot South-12 — Kochi Maritime Terminal,South,Kochi,Regional DC,36259.34,45109.79,135804.51,6012.46,22812.62,13.9,2.98,1405.0,0.995,0,103973.2,68000,1.997,3.2,2766509.35,1.051,0.99,0.0,504,0.175,Overstock,2024,3,1,0,0.8038,-0.1962,0.2144,0.0,1.9971,22.587,112.36,0.0459,-0.2441,112991.89,1.529,0.0,0.0,Cluster 2 — Chronic Overstock Buffers
REC-2024-04-WH-40,2024-04,WH-40,Depot South-12 — Kochi Maritime Terminal,South,Kochi,Regional DC,41525.89,51052.61,145331.23,5723.86,23303.15,12.7,2.46,1127.0,0.992,0,113442.29,68000,2.137,3.43,27217534.57,1.1,0.903,0.1,504,0.168,Overstock,2024,4,2,0,0.8134,-0.1866,0.1937,0.0,2.1372,25.39,104.99,0.1256,-0.2294,122028.08,1.6683,0.0,0.129,Cluster 2 — Chronic Overstock Buffers
REC-2024-05-WH-40,2024-05,WH-40,Depot South-12 — Kochi Maritime Terminal,South,Kochi,Regional DC,44839.51,50246.5,150738.22,7867.81,25205.75,11.6,3.13,1319.0,0.992,0,113730.76,68000,2.217,3.57,11357000.43,1.157,0.939,0.4,504,0.185,Overstock,2024,5,2,0,0.8924,-0.1076,0.2698,0.0,2.2167,19.159,100.85,0.0752,-0.1206,125532.47,1.6725,0.0,0.473,Cluster 2 — Chronic Overstock Buffers
REC-2024-06-WH-40,2024-06,WH-40,Depot South-12 — Kochi Maritime Terminal,South,Kochi,Regional DC,32616.06,36909.1,155031.26,4618.71,18861.06,13.1,2.51,1312.0,0.984,0,129242.14,68000,2.28,2.52,24902054.62,1.005,0.973,0.1,504,0.202,Overstock,2024,6,2,0,0.8837,-0.1163,0.1916,0.0,2.2799,33.566,142.6,0.153,-0.1316,136170.2,1.9006,0.0,0.108,Cluster 2 — Chronic Overstock Buffers
REC-2024-07-WH-40,2024-07,WH-40,Depot South-12 — Kochi Maritime Terminal,South,Kochi,Regional DC,28063.66,34139.92,161107.52,4558.41,18590.24,15.0,2.9,742.0,0.967,0,135679.66,68000,2.369,2.09,14590662.3,0.853,0.906,3.6,504,0.204,Overstock,2024,7,3,0,0.822,-0.178,0.1933,0.0,2.3692,35.343,172.22,0.1361,-0.2165,142517.28,1.9953,0.0,4.615,Cluster 2 — Chronic Overstock Buffers
REC-2024-08-WH-40,2024-08,WH-40,Depot South-12 — Kochi Maritime Terminal,South,Kochi,Regional DC,29632.55,34663.45,166138.42,3865.05,16903.37,13.2,2.27,1305.0,0.983,0,143437.48,68000,2.443,2.14,20700035.59,0.952,0.895,0.8,504,0.215,Overstock,2024,8,3,0,0.8549,-0.1451,0.172,0.0,2.4432,42.985,168.2,0.1535,-0.1698,149235.05,2.1094,0.0,1.052,Cluster 2 — Chronic Overstock Buffers
REC-2024-09-WH-40,2024-09,WH-40,Depot South-12 — Kochi Maritime Terminal,South,Kochi,Regional DC,41323.78,44975.43,169790.07,5492.77,22435.52,12.3,2.29,1401.0,0.988,0,139115.4,68000,2.497,2.92,19059403.3,1.128,0.907,0.6,504,0.184,Overstock,2024,9,3,0,0.9188,-0.0812,0.1862,0.0,2.4969,30.912,123.26,0.1056,-0.0884,147354.55,2.0458,0.0,0.767,Cluster 2 — Chronic Overstock Buffers
REC-2024-10-WH-40,2024-10,WH-40,Depot South-12 — Kochi Maritime Terminal,South,Kochi,Regional DC,50083.35,61777.67,181484.39,6967.42,27835.48,12.5,2.48,1354.0,0.967,0,143197.78,68000,2.669,3.31,61739757.22,1.342,0.924,0.5,504,0.191,Overstock,2024,10,4,1,0.8107,-0.1893,0.1984,0.0,2.6689,26.048,108.71,0.1569,-0.2335,153648.91,2.1058,0.0,0.614,Cluster 2 — Chronic Overstock Buffers
REC-2024-11-WH-40,2024-11,WH-40,Depot South-12 — Kochi Maritime Terminal,South,Kochi,Regional DC,46289.04,53961.87,189157.22,8223.86,27048.07,12.2,3.17,1739.0,0.986,0,149773.36,68000,2.782,2.94,40949003.64,1.354,0.916,0.5,504,0.147,Overstock,2024,11,4,1,0.8578,-0.1422,0.2598,0.0,2.7817,23.001,122.59,0.1382,-0.1658,162109.15,2.2025,0.0,0.626,Cluster 2 — Chronic Overstock Buffers
REC-2024-12-WH-40,2024-12,WH-40,Depot South-12 — Kochi Maritime Terminal,South,Kochi,Regional DC,40122.01,49381.77,198416.98,6107.24,23760.92,13.2,2.65,1798.0,0.972,0,154716.24875000003,68000,2.918,2.43,5092361.9,1.146,0.99,1.8,504,0.175,Overstock,2024,12,4,1,0.8125,-0.1875,0.2008,0.0,2.9179,32.489,148.36,0.0562,-0.2308,174656.06,2.2752,0.0,1.854,Cluster 2 — Chronic Overstock Buffers
REC-2023-01-WH-41,2023-01,WH-41,Facility South-13 — Kozhikode Depot,South,Kozhikode,Urban Depot,14890.54,8598.7,7997.45,4509.24,8132.6,7.3,5.48,527.0,0.963,0,0.0,38000,0.21,22.34,8201230.24,0.959,0.807,2.3,184,0.266,Understock / Shortage,2023,1,1,0,1.7317,0.7317,0.7507,0.0,0.2105,1.774,16.11,0.1923,0.4225,-135.15,0.0,0.0,3.632,Cluster 1 — High-Velocity Shortage Risk
REC-2023-02-WH-41,2023-02,WH-41,Facility South-13 — Kozhikode Depot,South,Kozhikode,Urban Depot,15087.96,11393.33,4302.82,3799.93,6666.64,5.7,4.55,415.0,0.98,0,0.0,38000,0.113,25.0,1109220.42,0.903,0.806,2.4,184,0.196,Understock / Shortage,2023,2,1,0,1.3243,0.3243,0.7982,0.0,0.1132,1.132,8.56,0.0698,0.2449,-2363.82,0.0,0.0,3.797,Cluster 1 — High-Velocity Shortage Risk
REC-2023-03-WH-41,2023-03,WH-41,Facility South-13 — Kozhikode Depot,South,Kozhikode,Urban Depot,16517.49,10014.95,142.21,5249.82,8388.14,5.7,5.76,701.0,0.867,4,0.0,38000,0.004,25.0,3577102.41,1.026,0.786,0.5,184,0.101,Understock / Shortage,2023,3,1,0,1.6493,0.6493,1.0105,6.66,0.0037,0.027,0.26,0.1145,0.3937,-8245.93,0.0,5107.61,0.821,Cluster 1 — High-Velocity Shortage Risk
REC-2023-04-WH-41,2023-04,WH-41,Facility South-13 — Kozhikode Depot,South,Kozhikode,Urban Depot,19446.88,12614.37,103.15,6160.79,10698.4,7.0,5.74,692.0,0.656,7,0.0,38000,0.003,25.0,8251059.75,1.117,0.803,1.6,184,0.1,Understock / Shortage,2023,4,2,0,1.5416,0.5416,0.82,19.04,0.0027,0.017,0.16,0.1477,0.3513,-10595.25,0.0,6057.64,2.546,Cluster 1 — High-Velocity Shortage Risk
REC-2023-05-WH-41,2023-05,WH-41,Facility South-13 — Kozhikode Depot,South,Kozhikode,Urban Depot,21542.7,12276.2,75.34,5110.22,10208.66,7.1,4.3,921.0,0.575,11,0.0,38000,0.002,25.0,10808858.36,1.206,0.743,0.7,184,0.168,Understock / Shortage,2023,5,2,0,1.7548,0.7548,0.6056,34.375,0.002,0.015,0.1,0.1526,0.4301,-10133.32,0.0,5034.88,1.24,Cluster 1 — High-Velocity Shortage Risk
REC-2023-06-WH-41,2023-06,WH-41,Facility South-13 — Kozhikode Depot,South,Kozhikode,Urban Depot,15780.25,9045.35,187.4,4967.02,9753.7,9.1,5.71,455.0,0.578,4,0.0,38000,0.005,25.0,532095.53,1.011,0.774,5.1,184,0.152,Understock / Shortage,2023,6,2,0,1.7446,0.7446,0.6275,12.44,0.0049,0.038,0.36,0.0462,0.4268,-9566.3,0.0,4779.62,8.558,Cluster 1 — High-Velocity Shortage Risk
REC-2023-07-WH-41,2023-07,WH-41,Facility South-13 — Kozhikode Depot,South,Kozhikode,Urban Depot,14760.31,8756.06,120.67,3411.21,8036.11,9.4,4.17,482.0,0.606,9,0.0,38000,0.003,25.0,7158410.45,0.884,0.81,4.1,184,0.157,Understock / Shortage,2023,7,3,0,1.6857,0.6857,0.4436,26.73,0.0032,0.035,0.25,0.1813,0.4068,-7915.44,0.0,3290.54,6.437,Cluster 1 — High-Velocity Shortage Risk
REC-2023-08-WH-41,2023-08,WH-41,Facility South-13 — Kozhikode Depot,South,Kozhikode,Urban Depot,15345.32,9885.37,149.28,4823.52,7534.53,5.3,5.69,418.0,0.652,7,0.0,38000,0.004,25.0,3080907.68,0.949,0.783,0.1,184,0.045,Understock / Shortage,2023,8,3,0,1.5523,0.5523,1.0736,19.18,0.0039,0.031,0.29,0.1144,0.3558,-7385.25,0.0,4674.24,0.165,Cluster 1 — High-Velocity Shortage Risk
REC-2023-09-WH-41,2023-09,WH-41,Facility South-13 — Kozhikode Depot,South,Kozhikode,Urban Depot,18925.94,13866.82,245.45,5410.69,8312.67,4.6,5.18,741.0,0.741,4,0.0,38000,0.006,25.0,6612653.22,1.067,0.799,0.5,184,0.184,Understock / Shortage,2023,9,3,0,1.3648,0.3648,1.1261,9.18,0.0065,0.045,0.39,0.1359,0.2673,-8067.22,0.0,5165.24,0.801,Cluster 1 — High-Velocity Shortage Risk
REC-2023-10-WH-41,2023-10,WH-41,Facility South-13 — Kozhikode Depot,South,Kozhikode,Urban Depot,23492.64,14417.33,27.98,6247.83,10711.43,5.7,4.8,649.0,0.624,10,0.0,38000,0.001,25.0,9799765.86,1.361,0.827,1.1,184,0.191,Understock / Shortage,2023,10,4,1,1.6295,0.6295,0.8421,28.8,0.0007,0.004,0.04,0.1333,0.3863,-10683.45,0.0,6219.85,1.671,Cluster 1 — High-Velocity Shortage Risk
REC-2023-11-WH-41,2023-11,WH-41,Facility South-13 — Kozhikode Depot,South,Kozhikode,Urban Depot,21258.34,11788.69,113.71,6173.99,10354.8,5.9,5.25,578.0,0.556,11,0.0,38000,0.003,25.0,7225146.54,1.386,0.774,1.2,184,0.158,Understock / Shortage,2023,11,4,1,1.8033,0.8033,0.8898,35.42,0.003,0.018,0.16,0.1264,0.4455,-10241.09,0.0,6060.28,2.014,Cluster 1 — High-Velocity Shortage Risk
REC-2023-12-WH-41,2023-12,WH-41,Facility South-13 — Kozhikode Depot,South,Kozhikode,Urban Depot,18652.08,11822.96,244.25,5676.28,10028.43,7.0,5.51,516.0,0.64,5,0.0,38000,0.006,25.0,18334015.08,1.176,0.728,0.4,184,0.1,Understock / Shortage,2023,12,4,1,1.5776,0.5776,0.7871,14.0,0.0064,0.043,0.39,0.2296,0.3661,-9784.18,0.0,5432.03,0.726,Cluster 1 — High-Velocity Shortage Risk
REC-2024-01-WH-41,2024-01,WH-41,Facility South-13 — Kozhikode Depot,South,Kozhikode,Urban Depot,16391.34,11170.89,83.21,4228.94,7998.95,6.9,4.68,725.0,0.696,4,0.0,38000,0.002,25.0,6400321.71,0.879,0.874,0.2,184,0.201,Understock / Shortage,2024,1,1,0,1.4673,0.4673,0.6783,10.08,0.0022,0.02,0.15,0.1543,0.3185,-7915.74,0.0,4145.73,0.276,Cluster 1 — High-Velocity Shortage Risk
REC-2024-02-WH-41,2024-02,WH-41,Facility South-13 — Kozhikode Depot,South,Kozhikode,Urban Depot,16879.11,12860.49,44.37,4844.41,9289.24,7.9,5.2,566.0,0.767,8,0.0,38000,0.001,25.0,3775696.81,0.888,0.812,2.8,184,0.236,Understock / Shortage,2024,2,1,0,1.3125,0.3125,0.6582,17.32,0.0012,0.009,0.08,0.1151,0.2381,-9244.87,0.0,4800.04,4.379,Cluster 1 — High-Velocity Shortage Risk
REC-2024-03-WH-41,2024-03,WH-41,Facility South-13 — Kozhikode Depot,South,Kozhikode,Urban Depot,19050.95,11690.1,265.6,6057.73,10312.44,6.7,5.77,732.0,0.616,6,0.0,38000,0.007,25.0,1235734.38,1.011,0.849,5.5,184,0.153,Understock / Shortage,2024,3,1,0,1.6297,0.6297,0.8612,17.52,0.007,0.044,0.42,0.0584,0.3864,-10046.84,0.0,5792.13,7.992,Cluster 1 — High-Velocity Shortage Risk
REC-2024-04-WH-41,2024-04,WH-41,Facility South-13 — Kozhikode Depot,South,Kozhikode,Urban Depot,19860.88,11828.79,218.31,5724.55,10491.16,7.2,5.21,711.0,0.609,7,0.0,38000,0.006,25.0,8725857.97,1.137,0.841,1.4,184,0.2,Understock / Shortage,2024,4,2,0,1.679,0.679,0.7236,20.685,0.0057,0.038,0.33,0.1487,0.4044,-10272.85,0.0,5506.24,2.068,Cluster 1 — High-Velocity Shortage Risk
REC-2024-05-WH-41,2024-05,WH-41,Facility South-13 — Kozhikode Depot,South,Kozhikode,Urban Depot,22725.36,15207.21,170.28,7072.86,10860.42,5.0,5.65,689.0,0.679,8,0.0,38000,0.004,25.0,11490822.35,1.134,0.821,0.7,184,0.21,Understock / Shortage,2024,5,2,0,1.4944,0.4944,1.13,20.84,0.0045,0.024,0.22,0.1492,0.3308,-10690.14,0.0,6902.58,1.076,Cluster 1 — High-Velocity Shortage Risk
REC-2024-06-WH-41,2024-06,WH-41,Facility South-13 — Kozhikode Depot,South,Kozhikode,Urban Depot,18386.1,11721.96,53.59,5609.97,9103.33,5.7,5.54,772.0,0.647,11,0.0,38000,0.001,25.0,5224246.33,1.011,0.834,0.5,184,0.104,Understock / Shortage,2024,6,2,0,1.5685,0.5685,0.9719,30.415,0.0014,0.01,0.09,0.1243,0.3625,-9049.74,0.0,5556.38,0.749,Cluster 1 — High-Velocity Shortage Risk
REC-2024-07-WH-41,2024-07,WH-41,Facility South-13 — Kozhikode Depot,South,Kozhikode,Urban Depot,18912.52,13408.29,175.79,4977.21,10209.67,8.3,4.77,599.0,0.712,5,0.0,38000,0.005,25.0,12083397.81,0.964,0.759,5.65,184,0.254,Understock / Shortage,2024,7,3,0,1.4105,0.4105,0.5747,12.2,0.0046,0.035,0.28,0.1838,0.291,-10033.88,0.0,4801.42,9.735,Cluster 1 — High-Velocity Shortage Risk
REC-2024-08-WH-41,2024-08,WH-41,Facility South-13 — Kozhikode Depot,South,Kozhikode,Urban Depot,16609.31,11668.51,85.61,5193.77,9013.91,6.9,5.67,675.0,0.713,6,0.0,38000,0.002,25.0,3057283.24,0.969,0.762,3.6,184,0.217,Understock / Shortage,2024,8,3,0,1.4234,0.4234,0.8217,14.61,0.0023,0.016,0.15,0.1053,0.2975,-8928.3,0.0,5108.16,6.17,Cluster 1 — High-Velocity Shortage Risk
REC-2024-09-WH-41,2024-09,WH-41,Facility South-13 — Kozhikode Depot,South,Kozhikode,Urban Depot,20390.25,13698.84,185.18,6337.42,8988.15,3.9,5.64,667.0,0.676,5,0.0,38000,0.005,25.0,4090302.07,1.1,0.805,1.4,184,0.139,Understock / Shortage,2024,9,3,0,1.4885,0.4885,1.4462,13.1,0.0049,0.029,0.27,0.0992,0.3282,-8802.97,0.0,6152.24,2.219,Cluster 1 — High-Velocity Shortage Risk
REC-2024-10-WH-41,2024-10,WH-41,Facility South-13 — Kozhikode Depot,South,Kozhikode,Urban Depot,21325.73,12923.28,241.39,6537.89,11940.41,7.6,5.54,570.0,0.615,8,0.0,38000,0.006,25.0,9762009.87,1.297,0.807,0.9,184,0.184,Understock / Shortage,2024,10,4,1,1.6502,0.6502,0.7289,23.4,0.0064,0.037,0.34,0.1465,0.394,-11699.02,0.0,6296.5,1.421,Cluster 1 — High-Velocity Shortage Risk
REC-2024-11-WH-41,2024-11,WH-41,Facility South-13 — Kozhikode Depot,South,Kozhikode,Urban Depot,19360.65,9711.39,9.91,5674.69,10579.39,7.6,5.3,757.0,0.514,8,0.0,38000,0.0,25.0,7516907.79,1.368,0.706,0.1,184,0.159,Understock / Shortage,2024,11,4,1,1.9936,0.9936,0.6974,27.44,0.0003,0.002,0.02,0.1416,0.4984,-10569.48,0.0,5664.78,0.188,Cluster 1 — High-Velocity Shortage Risk
REC-2024-12-WH-41,2024-12,WH-41,Facility South-13 — Kozhikode Depot,South,Kozhikode,Urban Depot,19852.49,12224.73,309.51,6258.49,11089.26,7.3,5.72,740.0,0.616,11,0.0,38000,0.008,25.0,3531139.53,1.131,0.831,2.0,184,0.106,Understock / Shortage,2024,12,4,1,1.624,0.624,0.7836,32.12,0.0081,0.049,0.47,0.0947,0.3842,-10779.75,0.0,5948.98,3.014,Cluster 1 — High-Velocity Shortage Risk
REC-2023-01-WH-42,2023-01,WH-42,Depot South-14 — Mysuru Heritage DC,South,Mysuru,Urban Depot,14984.33,8304.21,3748.2,8097.57,12443.03,8.7,9.8,654.0,0.977,0,0.0,40000,0.094,25.0,5353121.08,0.947,0.75,5.65,171,0.177,Balanced,2023,1,1,0,1.8044,0.8044,1.1264,0.0,0.0937,0.463,7.5,0.1544,0.4458,-8694.83,0.0,4349.37,9.888,Cluster 1 — High-Velocity Shortage Risk
REC-2023-02-WH-42,2023-02,WH-42,Depot South-14 — Mysuru Heritage DC,South,Mysuru,Urban Depot,14285.65,7699.25,112.99,6185.6,10376.06,8.8,7.84,378.0,0.801,9,0.0,40000,0.003,25.0,2982727.75,0.896,0.687,1.5,171,0.165,Understock / Shortage,2023,2,1,0,1.8555,0.8555,0.8909,17.955,0.0028,0.018,0.24,0.1209,0.4611,-10263.07,0.0,6072.61,2.908,Cluster 1 — High-Velocity Shortage Risk
REC-2023-03-WH-42,2023-03,WH-42,Depot South-14 — Mysuru Heritage DC,South,Mysuru,Urban Depot,15943.09,9245.72,167.8,8414.71,12772.49,8.2,9.59,458.0,0.587,8,0.0,40000,0.004,25.0,5200368.63,0.995,0.75,5.0,171,0.238,Understock / Shortage,2023,3,1,0,1.7244,0.7244,1.1695,24.52,0.0042,0.02,0.32,0.143,0.4201,-12604.69,0.0,8246.91,8.75,Cluster 1 — High-Velocity Shortage Risk
REC-2023-04-WH-42,2023-04,WH-42,Depot South-14 — Mysuru Heritage DC,South,Mysuru,Urban Depot,14999.31,10907.18,244.57,6181.0,10780.79,9.2,7.48,625.0,0.738,7,0.0,40000,0.006,25.0,1377200.76,1.116,0.826,5.65,171,0.183,Understock / Shortage,2023,4,2,0,1.3752,0.3752,0.813,16.17,0.0061,0.04,0.49,0.0782,0.2728,-10536.22,0.0,5936.43,8.599,Cluster 1 — High-Velocity Shortage Risk
REC-2023-05-WH-42,2023-05,WH-42,Depot South-14 — Mysuru Heritage DC,South,Mysuru,Urban Depot,16216.96,9826.86,83.92,8087.67,12790.59,8.7,9.05,466.0,0.621,6,0.0,40000,0.002,25.0,834982.82,1.151,0.719,3.2,171,0.163,Balanced,2023,5,2,0,1.6503,0.6503,1.0402,17.37,0.0021,0.01,0.16,0.0563,0.394,-12706.67,0.0,8003.75,5.898,Cluster 1 — High-Velocity Shortage Risk
REC-2023-06-WH-42,2023-06,WH-42,Depot South-14 — Mysuru Heritage DC,South,Mysuru,Urban Depot,14958.97,8526.52,100.54,7163.33,12049.93,9.8,8.68,498.0,0.576,8,0.0,40000,0.003,25.0,389878.3,0.991,0.654,1.3,171,0.091,Understock / Shortage,2023,6,2,0,1.7544,0.7544,0.8857,24.96,0.0025,0.014,0.2,0.0417,0.43,-11949.39,0.0,7062.79,2.649,Cluster 1 — High-Velocity Shortage Risk
REC-2023-07-WH-42,2023-07,WH-42,Depot South-14 — Mysuru Heritage DC,South,Mysuru,Urban Depot,16895.42,9107.0,129.0,7193.88,12544.1,9.5,7.73,575.0,0.545,9,0.0,40000,0.003,25.0,4502504.6,0.951,0.695,0.6,171,0.147,Understock / Shortage,2023,7,3,0,1.8552,0.8552,0.8137,29.475,0.0032,0.018,0.23,0.1256,0.461,-12415.1,0.0,7064.88,1.149,Cluster 1 — High-Velocity Shortage Risk
REC-2023-08-WH-42,2023-08,WH-42,Depot South-14 — Mysuru Heritage DC,South,Mysuru,Urban Depot,15566.02,8287.09,149.38,6594.9,10538.29,7.6,7.69,483.0,0.541,5,0.0,40000,0.004,25.0,3166930.94,0.974,0.68,4.8,171,0.08,Understock / Shortage,2023,8,3,0,1.8783,0.8783,1.0118,16.475,0.0037,0.023,0.29,0.1143,0.4676,-10388.91,0.0,6445.52,9.408,Cluster 1 — High-Velocity Shortage Risk
REC-2023-09-WH-42,2023-09,WH-42,Depot South-14 — Mysuru Heritage DC,South,Mysuru,Urban Depot,17277.37,10185.68,296.83,7674.86,13433.98,10.0,8.06,738.0,0.598,4,0.0,40000,0.007,25.0,5389294.68,1.06,0.709,1.4,171,0.133,Understock / Shortage,2023,9,3,0,1.6962,0.6962,0.806,12.04,0.0074,0.039,0.52,0.1344,0.4105,-13137.15,0.0,7378.03,2.622,Cluster 1 — High-Velocity Shortage Risk
REC-2023-10-WH-42,2023-10,WH-42,Depot South-14 — Mysuru Heritage DC,South,Mysuru,Urban Depot,22481.49,12252.31,316.18,11008.44,17752.89,9.0,8.88,741.0,0.558,6,0.0,40000,0.008,25.0,4871435.86,1.333,0.71,5.65,171,0.075,Overstock,2023,10,4,1,1.8349,0.8349,0.9867,19.26,0.0079,0.029,0.42,0.0982,0.455,-17436.71,0.0,10692.26,10.566,Cluster 1 — High-Velocity Shortage Risk
REC-2023-11-WH-42,2023-11,WH-42,Depot South-14 — Mysuru Heritage DC,South,Mysuru,Urban Depot,22551.59,15145.26,175.97,10820.79,17586.27,9.0,8.71,647.0,0.686,4,0.0,40000,0.004,25.0,5363705.04,1.387,0.733,1.2,171,0.228,Understock / Shortage,2023,11,4,1,1.489,0.489,0.9678,10.28,0.0044,0.016,0.23,0.1027,0.3284,-17410.3,0.0,10644.82,2.161,Cluster 1 — High-Velocity Shortage Risk
REC-2023-12-WH-42,2023-12,WH-42,Depot South-14 — Mysuru Heritage DC,South,Mysuru,Urban Depot,16335.96,10528.55,287.33,6625.57,11580.81,9.1,7.35,600.0,0.655,11,0.0,40000,0.007,25.0,5193308.71,1.136,0.713,5.65,171,0.12,Understock / Shortage,2023,12,4,1,1.5516,0.5516,0.8077,29.975,0.0072,0.043,0.53,0.1395,0.3555,-11293.48,0.0,6338.24,10.515,Cluster 1 — High-Velocity Shortage Risk
REC-2024-01-WH-42,2024-01,WH-42,Depot South-14 — Mysuru Heritage DC,South,Mysuru,Urban Depot,14021.92,8734.69,40.02,7684.32,11750.68,8.7,9.94,584.0,0.643,4,0.0,40000,0.001,25.0,4628445.15,0.945,0.712,0.4,171,0.275,Understock / Shortage,2024,1,1,0,1.6053,0.6053,1.1425,11.14,0.001,0.005,0.09,0.1534,0.3771,-11710.66,0.0,7644.3,0.746,Cluster 1 — High-Velocity Shortage Risk
REC-2024-02-WH-42,2024-02,WH-42,Depot South-14 — Mysuru Heritage DC,South,Mysuru,Urban Depot,15613.96,9792.0,299.55,6600.57,11336.8,9.1,7.67,417.0,0.63,11,0.0,40000,0.007,25.0,11864069.02,0.89,0.713,4.2,171,0.158,Understock / Shortage,2024,2,1,0,1.5946,0.5946,0.8429,31.35,0.0075,0.045,0.58,0.2206,0.3729,-11037.25,0.0,6301.02,7.816,Cluster 1 — High-Velocity Shortage Risk
REC-2024-03-WH-42,2024-03,WH-42,Depot South-14 — Mysuru Heritage DC,South,Mysuru,Urban Depot,18030.58,11616.94,338.53,7112.85,12822.53,9.5,7.14,701.0,0.661,8,0.0,40000,0.008,25.0,2470855.16,1.037,0.737,3.9,171,0.196,Understock / Shortage,2024,3,1,0,1.5521,0.5521,0.7516,21.56,0.0085,0.048,0.56,0.0872,0.3557,-12484.0,0.0,6774.32,6.977,Cluster 1 — High-Velocity Shortage Risk
REC-2024-04-WH-42,2024-04,WH-42,Depot South-14 — Mysuru Heritage DC,South,Mysuru,Urban Depot,19014.41,11801.37,74.81,7790.17,10832.48,4.8,7.44,769.0,0.638,6,0.0,40000,0.002,25.0,8537159.8,1.101,0.703,4.8,171,0.147,Understock / Shortage,2024,4,2,0,1.6112,0.6112,1.55,16.86,0.0019,0.01,0.12,0.1537,0.3793,-10757.67,0.0,7715.36,9.077,Cluster 1 — High-Velocity Shortage Risk
REC-2024-05-WH-42,2024-05,WH-42,Depot South-14 — Mysuru Heritage DC,South,Mysuru,Urban Depot,18758.57,11801.46,283.51,7807.93,12997.8,8.3,7.55,597.0,0.633,6,0.0,40000,0.007,25.0,64701.67,1.182,0.702,5.65,171,0.196,Understock / Shortage,2024,5,2,0,1.5895,0.5895,0.9096,17.01,0.0071,0.036,0.45,0.0136,0.3709,-12714.29,0.0,7524.42,10.701,Cluster 1 — High-Velocity Shortage Risk
REC-2024-06-WH-42,2024-06,WH-42,Depot South-14 — Mysuru Heritage DC,South,Mysuru,Urban Depot,14126.7,9693.25,37.34,7902.14,12281.42,9.3,10.16,503.0,0.706,7,0.0,40000,0.001,25.0,1652987.19,0.937,0.749,5.65,171,0.142,Understock / Shortage,2024,6,2,0,1.4574,0.4574,1.0925,17.29,0.0009,0.005,0.08,0.091,0.3138,-12244.08,0.0,7864.8,9.904,Cluster 1 — High-Velocity Shortage Risk
REC-2024-07-WH-42,2024-07,WH-42,Depot South-14 — Mysuru Heritage DC,South,Mysuru,Urban Depot,14979.05,8769.31,26.32,5807.94,10301.65,9.0,7.03,647.0,0.588,4,0.0,40000,0.001,25.0,5153903.37,0.916,0.699,3.0,171,0.106,Understock / Shortage,2024,7,3,0,1.7081,0.7081,0.7811,12.24,0.0007,0.005,0.05,0.1516,0.4146,-10275.33,0.0,5781.62,5.709,Cluster 1 — High-Velocity Shortage Risk
REC-2024-08-WH-42,2024-08,WH-42,Depot South-14 — Mysuru Heritage DC,South,Mysuru,Urban Depot,17001.74,10749.78,180.09,8552.87,13596.72,8.9,9.12,456.0,0.634,6,0.0,40000,0.005,25.0,2412815.9,0.976,0.761,1.2,171,0.139,Understock / Shortage,2024,8,3,0,1.5816,0.5816,1.0247,16.98,0.0045,0.021,0.32,0.0914,0.3677,-13416.63,0.0,8372.78,2.06,Cluster 1 — High-Velocity Shortage Risk
REC-2024-09-WH-42,2024-09,WH-42,Depot South-14 — Mysuru Heritage DC,South,Mysuru,Urban Depot,18567.45,10035.89,352.41,8323.64,14512.79,10.0,8.14,694.0,0.55,8,0.0,40000,0.009,25.0,11420574.05,1.095,0.724,0.2,171,0.192,Understock / Shortage,2024,9,3,0,1.8501,0.8501,0.814,26.0,0.0088,0.042,0.57,0.182,0.4595,-14160.38,0.0,7971.23,0.366,Cluster 1 — High-Velocity Shortage Risk
REC-2024-10-WH-42,2024-10,WH-42,Depot South-14 — Mysuru Heritage DC,South,Mysuru,Urban Depot,24353.8,12880.68,262.3,13406.05,21118.09,9.5,9.98,1086.0,0.543,9,0.0,40000,0.007,25.0,4718889.6,1.378,0.681,0.7,171,0.121,Understock / Shortage,2024,10,4,1,1.8907,0.8907,1.0505,29.565,0.0066,0.02,0.32,0.0892,0.4711,-20855.79,0.0,13143.75,1.37,Cluster 1 — High-Velocity Shortage Risk
REC-2024-11-WH-42,2024-11,WH-42,Depot South-14 — Mysuru Heritage DC,South,Mysuru,Urban Depot,22652.15,12583.6,305.3,10098.98,17121.15,9.3,8.09,678.0,0.567,10,0.0,40000,0.008,25.0,1644411.62,1.379,0.682,0.6,171,0.136,Understock / Shortage,2024,11,4,1,1.8001,0.8001,0.8699,31.65,0.0076,0.03,0.4,0.0566,0.4445,-16815.85,0.0,9793.68,1.172,Cluster 1 — High-Velocity Shortage Risk
REC-2024-12-WH-42,2024-12,WH-42,Depot South-14 — Mysuru Heritage DC,South,Mysuru,Urban Depot,18273.83,9535.34,318.32,8709.34,12668.67,6.5,8.65,496.0,0.539,12,0.0,40000,0.008,25.0,4401253.12,1.109,0.717,0.6,171,0.22,Understock / Shortage,2024,12,4,1,1.9164,0.9164,1.3308,39.66,0.008,0.037,0.52,0.1148,0.4782,-12350.35,0.0,8391.02,1.109,Cluster 1 — High-Velocity Shortage Risk
REC-2023-01-WH-43,2023-01,WH-43,Hub East-1 — Kolkata Dankuni Mega Hub,East,Kolkata,Mega Hub,81160.48,59288.22,34592.93,21524.2,85099.91,23.5,4.75,2352.0,0.952,0,0.0,205000,0.169,25.0,142223147.8025,0.978,0.809,1.2,911,0.019,Understock / Shortage,2023,1,1,0,1.3689,0.3689,0.2021,0.0,0.1687,1.607,12.79,0.1469,0.2695,-50506.98,0.0,0.0,1.888,Cluster 1 — High-Velocity Shortage Risk
REC-2023-02-WH-43,2023-02,WH-43,Hub East-1 — Kolkata Dankuni Mega Hub,East,Kolkata,Mega Hub,71899.59,35422.11,912.97,21774.64,77856.32,23.4,5.41,2658.0,0.974,7,0.0,205000,0.004,25.0,142223147.8025,0.938,0.693,5.2,911,0.076,Understock / Shortage,2023,2,1,0,2.0298,1.0298,0.2312,7.91,0.0045,0.042,0.38,0.1659,0.5073,-76943.35,0.0,20861.67,9.989,Cluster 1 — High-Velocity Shortage Risk
REC-2023-03-WH-43,2023-03,WH-43,Hub East-1 — Kolkata Dankuni Mega Hub,East,Kolkata,Mega Hub,87472.58,53656.76,677.9,28443.38,91496.42374999999,23.1,5.82,2826.0,0.624,4,0.0,205000,0.003,25.0,42008059.68,1.01,0.796,1.2,911,0.046,Understock / Shortage,2023,3,1,0,1.6302,0.6302,0.2519,11.52,0.0033,0.024,0.23,0.0741,0.3866,-90818.52,0.0,27765.48,1.934,Cluster 1 — High-Velocity Shortage Risk
REC-2023-04-WH-43,2023-04,WH-43,Hub East-1 — Kolkata Dankuni Mega Hub,East,Kolkata,Mega Hub,72563.12,41988.44,607.58,24576.73,84078.49,24.6,6.06,2605.0,0.588,9,0.0,205000,0.003,25.0,82333702.86,1.103,0.726,5.65,911,0.079,Understock / Shortage,2023,4,2,0,1.7282,0.7282,0.2463,27.54,0.003,0.025,0.25,0.125,0.4214,-83470.91,0.0,23969.15,10.294,Cluster 1 — High-Velocity Shortage Risk
REC-2023-05-WH-43,2023-05,WH-43,Hub East-1 — Kolkata Dankuni Mega Hub,East,Kolkata,Mega Hub,74061.14,54458.05,277.9,19116.75,79106.27,24.3,4.6,2264.0,0.744,10,0.0,205000,0.001,25.0,9714793.7,1.158,0.809,2.2,911,-0.032,Understock / Shortage,2023,5,2,0,1.36,0.36,0.1893,22.8,0.0014,0.015,0.11,0.0421,0.2647,-78828.37,0.0,18838.85,3.461,Cluster 1 — High-Velocity Shortage Risk
REC-2023-06-WH-43,2023-06,WH-43,Hub East-1 — Kolkata Dankuni Mega Hub,East,Kolkata,Mega Hub,93822.13,57542.03,171.51,23269.28,91496.42374999999,24.4,4.47,3399.0,0.616,10,0.0,205000,0.001,25.0,142223147.8025,1.013,0.791,0.2,911,-0.019,Understock / Shortage,2023,6,2,0,1.6305,0.6305,0.1832,29.2,0.0008,0.007,0.05,0.1271,0.3867,-91324.91,0.0,23097.77,0.325,Cluster 1 — High-Velocity Shortage Risk
REC-2023-07-WH-43,2023-07,WH-43,Hub East-1 — Kolkata Dankuni Mega Hub,East,Kolkata,Mega Hub,76631.08,53919.07,52.8,20515.16,81309.15,23.8,4.76,2017.0,0.706,5,0.0,205000,0.0,25.0,142223147.8025,0.91,0.773,1.2,911,0.049,Understock / Shortage,2023,7,3,0,1.4212,0.4212,0.2,12.35,0.0003,0.003,0.02,0.1556,0.2964,-81256.35,0.0,20462.36,2.017,Cluster 1 — High-Velocity Shortage Risk
REC-2023-08-WH-43,2023-08,WH-43,Hub East-1 — Kolkata Dankuni Mega Hub,East,Kolkata,Mega Hub,74137.82,44212.64,32.94,22566.43,79158.3,22.9,5.46,2062.0,0.597,7,0.0,205000,0.0,25.0,119860430.63,0.951,0.839,0.1,911,0.099,Understock / Shortage,2023,8,3,0,1.6768,0.6768,0.2384,21.105,0.0002,0.001,0.01,0.1477,0.4036,-79125.36,0.0,22533.49,0.148,Cluster 1 — High-Velocity Shortage Risk
REC-2023-09-WH-43,2023-09,WH-43,Hub East-1 — Kolkata Dankuni Mega Hub,East,Kolkata,Mega Hub,75170.74,49137.33,800.31,20933.32,76058.53,22.0,4.95,2284.0,0.654,8,0.0,205000,0.004,25.0,77089650.96,1.073,0.836,0.6,911,0.082,Understock / Shortage,2023,9,3,0,1.5298,0.5298,0.225,21.84,0.0039,0.038,0.32,0.1168,0.3463,-75258.22,0.0,20133.01,0.895,Cluster 1 — High-Velocity Shortage Risk
REC-2023-10-WH-43,2023-10,WH-43,Hub East-1 — Kolkata Dankuni Mega Hub,East,Kolkata,Mega Hub,122603.87,89516.33,1363.86,32902.6525,91496.42374999999,23.0,6.01,4324.875,0.737,8,0.0,205000,0.007,25.0,142223147.8025,1.351,0.806,0.1,911,0.115,Understock / Shortage,2023,10,4,1,1.3696,0.3696,0.2613,18.52,0.0067,0.041,0.33,0.0973,0.2699,-90132.56,0.0,31538.79,0.158,Cluster 1 — High-Velocity Shortage Risk
REC-2023-11-WH-43,2023-11,WH-43,Hub East-1 — Kolkata Dankuni Mega Hub,East,Kolkata,Mega Hub,112059.58,70090.67,1307.49,30960.98,91496.42374999999,21.4,4.91,3211.0,0.638,10,0.0,205000,0.006,25.0,142223147.8025,1.384,0.752,0.1,911,0.086,Understock / Shortage,2023,11,4,1,1.5988,0.5988,0.2294,28.1,0.0064,0.042,0.35,0.1064,0.3745,-90188.93,0.0,29653.49,0.174,Cluster 1 — High-Velocity Shortage Risk
REC-2023-12-WH-43,2023-12,WH-43,Hub East-1 — Kolkata Dankuni Mega Hub,East,Kolkata,Mega Hub,103316.19,55202.88,1036.84,25398.43,91496.42374999999,23.2,4.33,3913.0,0.547,8,0.0,205000,0.005,25.0,142223147.8025,1.156,0.736,2.4,911,0.103,Understock / Shortage,2023,12,4,1,1.8716,0.8716,0.1866,26.12,0.0051,0.041,0.3,0.1154,0.4657,-90459.58,0.0,24361.59,4.301,Cluster 1 — High-Velocity Shortage Risk
REC-2024-01-WH-43,2024-01,WH-43,Hub East-1 — Kolkata Dankuni Mega Hub,East,Kolkata,Mega Hub,91272.63,68139.45,578.82,27436.6,91496.42374999999,21.9,5.38,2615.0,0.758,10,0.0,205000,0.003,25.0,114036872.61,0.968,0.802,0.4,911,0.175,Understock / Shortage,2024,1,1,0,1.3395,0.3395,0.2457,22.1,0.0028,0.021,0.19,0.117,0.2535,-90917.6,0.0,26857.78,0.638,Cluster 1 — High-Velocity Shortage Risk
REC-2024-02-WH-43,2024-02,WH-43,Hub East-1 — Kolkata Dankuni Mega Hub,East,Kolkata,Mega Hub,79711.46,48840.23,781.8,26520.24,86303.84,22.5,6.01,3052.0,0.62,7,0.0,205000,0.004,25.0,142223147.8025,0.903,0.765,0.3,911,0.131,Understock / Shortage,2024,2,1,0,1.6321,0.6321,0.2671,20.3,0.0038,0.029,0.29,0.1496,0.3873,-85522.04,0.0,25738.44,0.511,Cluster 1 — High-Velocity Shortage Risk
REC-2024-03-WH-43,2024-03,WH-43,Hub East-1 — Kolkata Dankuni Mega Hub,East,Kolkata,Mega Hub,91048.08,61882.02,100.09,22985.12,91496.42374999999,22.7,4.51,2624.0,0.688,4,0.0,205000,0.0,25.0,142223147.8025,0.997,0.742,1.7,911,0.136,Understock / Shortage,2024,3,1,0,1.4713,0.4713,0.1987,10.24,0.0005,0.004,0.03,0.131,0.3203,-91396.33,0.0,22885.03,3.016,Cluster 1 — High-Velocity Shortage Risk
REC-2024-04-WH-43,2024-04,WH-43,Hub East-1 — Kolkata Dankuni Mega Hub,East,Kolkata,Mega Hub,111156.34,80565.28,442.69,32575.17,91496.42374999999,23.1,5.26,4186.0,0.726,10,0.0,205000,0.002,25.0,142223147.8025,1.129,0.779,3.4,911,0.121,Understock / Shortage,2024,4,2,0,1.3797,0.3797,0.2277,23.7,0.0022,0.014,0.12,0.1073,0.2752,-91053.73,0.0,32132.48,5.654,Cluster 1 — High-Velocity Shortage Risk
REC-2024-05-WH-43,2024-05,WH-43,Hub East-1 — Kolkata Dankuni Mega Hub,East,Kolkata,Mega Hub,107560.51,63247.92,876.4,30442.04,91496.42374999999,23.1,5.08,3218.0,0.592,6,0.0,205000,0.004,25.0,139959306.0,1.167,0.82,1.7,911,0.067,Understock / Shortage,2024,5,2,0,1.7006,0.7006,0.2199,18.24,0.0043,0.029,0.24,0.11,0.412,-90620.02,0.0,29565.64,2.618,Cluster 1 — High-Velocity Shortage Risk
REC-2024-06-WH-43,2024-06,WH-43,Hub East-1 — Kolkata Dankuni Mega Hub,East,Kolkata,Mega Hub,80428.81,49993.63,250.19,22410.68,85949.44,23.7,4.99,3258.0,0.632,7,0.0,205000,0.001,25.0,24614263.93,0.953,0.786,1.8,911,0.022,Understock / Shortage,2024,6,2,0,1.6088,0.6088,0.2105,19.88,0.0012,0.011,0.09,0.0617,0.3784,-85699.25,0.0,22160.49,2.956,Cluster 1 — High-Velocity Shortage Risk
REC-2024-07-WH-43,2024-07,WH-43,Hub East-1 — Kolkata Dankuni Mega Hub,East,Kolkata,Mega Hub,79407.26,45216.97,464.79,21971.54,83909.2,23.4,4.89,2918.0,0.573,4,0.0,205000,0.002,25.0,142223147.8025,0.94,0.808,0.2,911,0.096,Understock / Shortage,2024,7,3,0,1.7561,0.7561,0.209,12.54,0.0023,0.021,0.18,0.1502,0.4306,-83444.41,0.0,21506.75,0.315,Cluster 1 — High-Velocity Shortage Risk
REC-2024-08-WH-43,2024-08,WH-43,Hub East-1 — Kolkata Dankuni Mega Hub,East,Kolkata,Mega Hub,84586.52,57419.17,393.9,25163.82,91496.42374999999,24.0,5.32,2734.0,0.684,7,0.0,205000,0.002,25.0,142223147.8025,0.895,0.778,1.9,911,0.072,Understock / Shortage,2024,8,3,0,1.4731,0.4731,0.2217,18.06,0.0019,0.016,0.14,0.141,0.3212,-91102.52,0.0,24769.92,3.165,Cluster 1 — High-Velocity Shortage Risk
REC-2024-09-WH-43,2024-09,WH-43,Hub East-1 — Kolkata Dankuni Mega Hub,East,Kolkata,Mega Hub,92414.8,58251.8,1187.2,30710.13,91496.42374999999,21.6,5.95,2480.0,0.635,9,0.0,205000,0.006,25.0,26318474.93,1.085,0.75,5.65,911,0.092,Understock / Shortage,2024,9,3,0,1.5865,0.5865,0.2755,25.425,0.0058,0.039,0.39,0.0555,0.3697,-90309.22,0.0,29522.93,9.888,Cluster 1 — High-Velocity Shortage Risk
REC-2024-10-WH-43,2024-10,WH-43,Hub East-1 — Kolkata Dankuni Mega Hub,East,Kolkata,Mega Hub,98443.11,68245.98,641.5,25213.73,91496.42374999999,21.6,4.56,3432.0,0.705,8,0.0,205000,0.003,25.0,142223147.8025,1.357,0.753,0.3,911,-0.001,Understock / Shortage,2024,10,4,1,1.4425,0.4425,0.2111,19.8,0.0031,0.025,0.2,0.1211,0.3067,-90854.92,0.0,24572.23,0.522,Cluster 1 — High-Velocity Shortage Risk
REC-2024-11-WH-43,2024-11,WH-43,Hub East-1 — Kolkata Dankuni Mega Hub,East,Kolkata,Mega Hub,124125.97625,85766.42,327.62,32902.6525,91496.42374999999,24.2,5.2,4247.0,0.67,8,0.0,205000,0.002,25.0,123722647.85,1.426,0.783,0.6,911,0.151,Understock / Shortage,2024,11,4,1,1.4473,0.4473,0.2149,21.2,0.0016,0.01,0.08,0.0896,0.309,-91168.8,0.0,32575.03,0.991,Cluster 1 — High-Velocity Shortage Risk
REC-2024-12-WH-43,2024-12,WH-43,Hub East-1 — Kolkata Dankuni Mega Hub,East,Kolkata,Mega Hub,99314.12,62036.37,668.65,30873.02,91496.42374999999,20.7,5.6,2862.0,0.628,5,0.0,205000,0.003,25.0,45706129.12,1.101,0.783,4.7,911,0.021,Understock / Shortage,2024,12,4,1,1.6009,0.6009,0.2705,14.3,0.0033,0.022,0.2,0.0681,0.3754,-90827.77,0.0,30204.37,7.76,Cluster 1 — High-Velocity Shortage Risk
REC-2023-01-WH-44,2023-01,WH-44,Depot East-2 — Howrah Freight Center,East,Kolkata,Regional DC,33103.93,38380.94,69508.46,3908.98,21012.68,15.5,1.92,1233.0,0.986,0,42632.31,88000,0.79,5.72,45367328.08,0.9,0.912,0.6,516,-0.055,Overstock,2023,1,1,0,0.8625,-0.1375,0.1239,0.0,0.7899,17.782,62.99,0.2035,-0.1594,48495.78,0.4845,0.0,0.758,Cluster 2 — Chronic Overstock Buffers
REC-2023-02-WH-44,2023-02,WH-44,Depot East-2 — Howrah Freight Center,East,Kolkata,Regional DC,28860.04,33044.64,73693.06,4395.4,17286.22,13.4,2.63,958.0,0.961,0,49813.74,88000,0.837,4.7,5708562.77,0.872,0.884,0.0,516,0.008,Overstock,2023,2,1,0,0.8734,-0.1266,0.1963,0.0,0.8374,16.766,76.6,0.0828,-0.145,56406.84,0.5661,0.0,0.0,Cluster 2 — Chronic Overstock Buffers
REC-2023-03-WH-44,2023-03,WH-44,Depot East-2 — Howrah Freight Center,East,Kolkata,Regional DC,36796.87,42733.4,79629.59,5500.48,25248.13,16.1,2.58,1155.0,0.981,0,46130.74,88000,0.905,5.55,12338091.93,1.0,0.99,0.8,516,0.093,Overstock,2023,3,1,0,0.8611,-0.1389,0.1602,0.0,0.9049,14.477,64.92,0.0955,-0.1613,54381.46,0.5242,0.0,0.824,Cluster 2 — Chronic Overstock Buffers
REC-2023-04-WH-44,2023-04,WH-44,Depot East-2 — Howrah Freight Center,East,Kolkata,Regional DC,32996.06,41313.79,87947.32,5004.1,20952.2,14.5,2.63,1211.0,0.982,0,59488.97,88000,0.999,4.5,28207840.08,1.121,0.931,0.3,516,0.127,Overstock,2023,4,2,0,0.7987,-0.2013,0.1814,0.0,0.9994,17.575,79.96,0.161,-0.2521,66995.12,0.676,0.0,0.362,Cluster 2 — Chronic Overstock Buffers
REC-2023-05-WH-44,2023-05,WH-44,Depot East-2 — Howrah Freight Center,East,Kolkata,Regional DC,36219.74,45259.48,96987.06,5539.12,22200.2,13.8,2.66,1630.0,0.969,0,66478.18,88000,1.102,4.48,8811476.98,1.169,0.966,0.9,516,0.092,Overstock,2023,5,2,0,0.8003,-0.1997,0.1928,0.0,1.1021,17.509,80.33,0.082,-0.2496,74786.86,0.7554,0.0,0.992,Cluster 2 — Chronic Overstock Buffers
REC-2023-06-WH-44,2023-06,WH-44,Depot East-2 — Howrah Freight Center,East,Kolkata,Regional DC,31464.74,35890.44,101412.76,4489.99,18649.12,13.5,2.46,973.0,0.972,0,76028.66,88000,1.152,3.72,10236244.37,0.969,0.958,0.3,516,-0.018,Overstock,2023,6,2,0,0.8767,-0.1233,0.1822,0.0,1.1524,22.586,96.69,0.1017,-0.1407,82763.64,0.864,0.0,0.338,Cluster 2 — Chronic Overstock Buffers
REC-2023-07-WH-44,2023-07,WH-44,Depot East-2 — Howrah Freight Center,East,Kolkata,Regional DC,35422.8,43979.93,109969.89,5032.15,20618.18,13.2,2.46,1299.0,0.951,0,81803.48,88000,1.25,3.87,20406306.24,0.904,0.957,0.1,516,0.04,Overstock,2023,7,3,0,0.8054,-0.1946,0.1864,0.0,1.2497,21.853,93.13,0.1275,-0.2416,89351.71,0.9296,0.0,0.113,Cluster 2 — Chronic Overstock Buffers
REC-2023-08-WH-44,2023-08,WH-44,Depot East-2 — Howrah Freight Center,East,Kolkata,Regional DC,31516.89,33532.0,111985.0,4425.08,17872.29,12.8,2.43,1274.0,0.994,0,87475.09,88000,1.273,3.38,3153919.65,0.899,0.99,0.4,516,0.044,Overstock,2023,8,3,0,0.9399,-0.0601,0.1898,0.0,1.2726,25.307,106.6,0.0563,-0.0639,94112.71,0.994,0.0,0.412,Cluster 2 — Chronic Overstock Buffers
REC-2023-09-WH-44,2023-09,WH-44,Depot East-2 — Howrah Freight Center,East,Kolkata,Regional DC,32634.63,37890.93,117241.3,5025.2,22865.46,16.4,2.75,1210.0,0.973,0,86838.04,88000,1.332,3.34,4786731.96,1.146,0.987,0.2,516,-0.004,Overstock,2023,9,3,0,0.8613,-0.1387,0.1677,0.0,1.3323,23.331,107.78,0.067,-0.1611,94375.84,0.9868,0.0,0.208,Cluster 2 — Chronic Overstock Buffers
REC-2023-10-WH-44,2023-10,WH-44,Depot East-2 — Howrah Freight Center,East,Kolkata,Regional DC,50962.67,55044.68,121323.31,6232.99,30185.44,14.1,2.07,2011.0,0.988,0,81788.38,88000,1.379,5.04,23331073.37,1.311,0.99,0.8,516,0.088,Overstock,2023,10,4,1,0.9258,-0.0742,0.1468,0.0,1.3787,19.465,71.42,0.0948,-0.0801,91137.87,0.9294,0.0,0.824,Cluster 2 — Chronic Overstock Buffers
REC-2023-11-WH-44,2023-11,WH-44,Depot East-2 — Howrah Freight Center,East,Kolkata,Regional DC,52175.61,60144.58,129292.28,7458.48,30589.67,13.3,2.5,1477.0,0.982,0,87514.89,88000,1.469,4.84,16218622.46,1.35,0.99,3.4,516,0.037,Overstock,2023,11,4,1,0.8675,-0.1325,0.188,0.0,1.4692,17.335,74.34,0.0772,-0.1527,98702.61,0.9945,0.0,3.502,Cluster 2 — Chronic Overstock Buffers
REC-2023-12-WH-44,2023-12,WH-44,Depot East-2 — Howrah Freight Center,East,Kolkata,Regional DC,47781.22,53736.05,135247.11,5950.23,28248.13,14.0,2.18,1522.0,0.983,0,98073.63,88000,1.537,4.24,84491493.2,1.159,0.99,0.4,516,0.104,Overstock,2023,12,4,1,0.8892,-0.1108,0.1557,0.0,1.5369,22.73,84.92,0.1924,-0.1246,106998.98,1.1145,0.0,0.412,Cluster 2 — Chronic Overstock Buffers
REC-2024-01-WH-44,2024-01,WH-44,Depot East-2 — Howrah Freight Center,East,Kolkata,Regional DC,30322.79,32469.22,137393.54,4529.77,19691.16,15.0,2.59,1254.0,0.954,0,110907.72,88000,1.561,2.65,17553682.5,0.89,0.916,0.3,516,0.115,Overstock,2024,1,1,0,0.9339,-0.0661,0.1727,0.0,1.5613,30.331,135.93,0.1382,-0.0708,117702.38,1.2603,0.0,0.376,Cluster 2 — Chronic Overstock Buffers
REC-2024-02-WH-44,2024-02,WH-44,Depot East-2 — Howrah Freight Center,East,Kolkata,Regional DC,33114.47,35238.5,139517.57,4747.5,20532.06,14.3,2.5,1375.0,0.973,0,111864.26,88000,1.585,2.85,10840795.86,0.916,0.99,1.7,516,0.095,Overstock,2024,2,1,0,0.9397,-0.0603,0.1748,0.0,1.5854,29.388,126.4,0.0994,-0.0641,118985.51,1.2712,0.0,1.751,Cluster 2 — Chronic Overstock Buffers
REC-2024-03-WH-44,2024-03,WH-44,Depot East-2 — Howrah Freight Center,East,Kolkata,Regional DC,40005.43,43543.57,143055.71,4979.41,24715.42,14.8,2.1,1159.0,0.962,0,110871.17,88000,1.626,3.36,15202363.83,0.983,0.931,1.0,516,0.129,Overstock,2024,3,1,0,0.9187,-0.0813,0.1419,0.0,1.6256,28.729,107.28,0.0975,-0.0884,118340.29,1.2599,0.0,1.207,Cluster 2 — Chronic Overstock Buffers
REC-2024-04-WH-44,2024-04,WH-44,Depot East-2 — Howrah Freight Center,East,Kolkata,Regional DC,37094.61,44282.73,150243.83,5187.06,21755.99,13.4,2.42,1606.0,0.988,0,120707.25,88000,1.707,2.96,30455679.82,1.102,0.99,0.2,516,0.022,Overstock,2024,4,2,0,0.8377,-0.1623,0.1806,0.0,1.7073,28.965,121.51,0.1488,-0.1938,128487.84,1.3717,0.0,0.206,Cluster 2 — Chronic Overstock Buffers
REC-2024-05-WH-44,2024-05,WH-44,Depot East-2 — Howrah Freight Center,East,Kolkata,Regional DC,44163.23,54689.15,160769.75,6155.16,27353.51,14.4,2.46,1668.0,0.981,0,124183.5,88000,1.827,3.3,66235654.98,1.15,0.978,0.6,516,0.102,Overstock,2024,5,2,0,0.8075,-0.1925,0.1708,0.0,1.8269,26.12,109.21,0.1843,-0.2383,133416.24,1.4112,0.0,0.64,Cluster 2 — Chronic Overstock Buffers
REC-2024-06-WH-44,2024-06,WH-44,Depot East-2 — Howrah Freight Center,East,Kolkata,Regional DC,33523.7,40557.3,167803.35,4261.88,23482.13,17.2,2.16,1161.0,0.968,0,137928.4,88000,1.907,2.4,20553982.81,1.032,0.957,1.4,516,0.075,Overstock,2024,6,2,0,0.8266,-0.1734,0.1256,0.0,1.9069,39.373,150.17,0.1352,-0.2098,144321.22,1.5674,0.0,1.581,Cluster 2 — Chronic Overstock Buffers
REC-2024-07-WH-44,2024-07,WH-44,Depot East-2 — Howrah Freight Center,East,Kolkata,Regional DC,39438.89,42407.42,170771.88,5477.66,25460.03,15.2,2.39,1542.0,0.997,0,137095.36,88000,1.941,2.77,7540083.61,0.974,0.99,0.2,516,0.052,Understock / Shortage,2024,7,3,0,0.93,-0.07,0.1572,0.0,1.9406,31.176,129.9,0.0696,-0.0753,145311.85,1.5579,0.0,0.206,Cluster 2 — Chronic Overstock Buffers
REC-2024-08-WH-44,2024-08,WH-44,Depot East-2 — Howrah Freight Center,East,Kolkata,Regional DC,30119.29,34810.3,175462.89,4253.2,19614.04,15.3,2.4,939.0,0.964,0,149469.05,88000,1.994,2.06,19949270.01,0.888,0.99,0.5,516,0.108,Understock / Shortage,2024,8,3,0,0.8652,-0.1348,0.1569,0.0,1.9939,41.254,174.77,0.1483,-0.1557,155848.85,1.6985,0.0,0.515,Cluster 2 — Chronic Overstock Buffers
REC-2024-09-WH-44,2024-09,WH-44,Depot East-2 — Howrah Freight Center,East,Kolkata,Regional DC,48031.94,57057.93,184488.88,6059.65,27033.6,13.1,2.16,1273.0,0.974,0,148365.8,88000,2.096,3.12,21853575.28,1.079,0.878,0.6,516,0.2,Overstock,2024,9,3,0,0.8418,-0.1582,0.1649,0.0,2.0965,30.445,115.23,0.0973,-0.1879,157455.28,1.686,0.0,0.82,Cluster 2 — Chronic Overstock Buffers
REC-2024-10-WH-44,2024-10,WH-44,Depot East-2 — Howrah Freight Center,East,Kolkata,Regional DC,47357.81,59689.23,196820.3,6988.94,29878.55,14.5,2.63,2144.0,0.987,0,154716.24875000003,88000,2.237,2.89,23230681.89,1.324,0.937,1.5,516,0.126,Overstock,2024,10,4,1,0.7934,-0.2066,0.1814,0.0,2.2366,28.162,124.68,0.1018,-0.2604,166941.75,1.7581,0.0,1.783,Cluster 2 — Chronic Overstock Buffers
REC-2024-11-WH-44,2024-11,WH-44,Depot East-2 — Howrah Freight Center,East,Kolkata,Regional DC,46833.15,56625.58,206612.73,5874.41,30539.87,15.8,2.17,1421.0,0.989,0,154716.24875000003,88000,2.348,2.72,53037544.17,1.344,0.938,1.7,516,0.158,Overstock,2024,11,4,1,0.8271,-0.1729,0.1373,0.0,2.3479,35.172,132.35,0.1555,-0.2091,176072.86,1.7581,0.0,2.016,Cluster 2 — Chronic Overstock Buffers
REC-2024-12-WH-44,2024-12,WH-44,Depot East-2 — Howrah Freight Center,East,Kolkata,Regional DC,44641.88,52829.27,214800.12,5701.06,25641.1,13.4,2.24,1422.0,0.978,0,154716.24875000003,88000,2.441,2.49,38955389.62,1.2,0.951,1.0,516,0.085,Overstock,2024,12,4,1,0.845,-0.155,0.1672,0.0,2.4409,37.677,144.35,0.1398,-0.1834,189159.02,1.7581,0.0,1.147,Cluster 2 — Chronic Overstock Buffers
REC-2023-01-WH-45,2023-01,WH-45,Facility East-3 — Siliguri North Corridor,East,Siliguri,Regional DC,24775.1,16305.52,6006.61,10317.69,19814.81,11.5,7.56,715.0,0.985,0,0.0,64000,0.094,25.0,19754658.93,0.918,0.755,4.7,408,0.051,Understock / Shortage,2023,1,1,0,1.5194,0.5194,0.6574,0.0,0.0939,0.582,7.27,0.1794,0.3419,-13808.2,0.0,4311.08,8.155,Cluster 1 — High-Velocity Shortage Risk
REC-2023-02-WH-45,2023-02,WH-45,Facility East-3 — Siliguri North Corridor,East,Siliguri,Regional DC,22909.1,14846.24,484.17,10208.55,19524.92,12.2,8.06,644.0,0.91,6,0.0,64000,0.008,25.0,3621248.4,0.883,0.695,0.9,408,-0.04,Balanced,2023,2,1,0,1.5431,0.5431,0.6607,8.7,0.0076,0.047,0.63,0.0831,0.352,-19040.75,0.0,9724.38,1.724,Cluster 1 — High-Velocity Shortage Risk
REC-2023-03-WH-45,2023-03,WH-45,Facility East-3 — Siliguri North Corridor,East,Siliguri,Regional DC,28706.73,18319.27,491.94,13897.23,25571.3,12.2,8.78,783.0,0.655,8,0.0,64000,0.008,25.0,20825171.72,0.971,0.723,5.65,408,-0.058,Understock / Shortage,2023,3,1,0,1.567,0.567,0.7197,21.8,0.0077,0.035,0.51,0.159,0.3618,-25079.36,0.0,13405.29,10.345,Cluster 1 — High-Velocity Shortage Risk
REC-2023-04-WH-45,2023-04,WH-45,Facility East-3 — Siliguri North Corridor,East,Siliguri,Regional DC,34678.49,20419.99,626.55,20185.31,35443.85,13.2,10.57,1000.0,0.603,11,0.0,64000,0.01,25.0,31240006.25,1.176,0.684,1.2,408,0.01,Understock / Shortage,2023,4,2,0,1.6983,0.6983,0.8008,32.835,0.0098,0.031,0.54,0.1612,0.4112,-34817.3,0.0,19558.76,2.338,Cluster 1 — High-Velocity Shortage Risk
REC-2023-05-WH-45,2023-05,WH-45,Facility East-3 — Siliguri North Corridor,East,Siliguri,Regional DC,29868.62,17702.78,328.07,12921.27,25067.84,12.2,7.84,963.0,0.614,6,0.0,64000,0.005,25.0,9539553.6,1.179,0.807,2.0,408,0.018,Understock / Shortage,2023,5,2,0,1.6872,0.6872,0.6426,17.58,0.0051,0.025,0.33,0.1034,0.4073,-24739.77,0.0,12593.2,3.158,Cluster 1 — High-Velocity Shortage Risk
REC-2023-06-WH-45,2023-06,WH-45,Facility East-3 — Siliguri North Corridor,East,Siliguri,Regional DC,26223.15,15140.63,114.81,11758.57,21985.6,11.7,8.14,1112.0,0.59,6,0.0,64000,0.002,25.0,4146683.12,0.973,0.711,5.6,408,0.059,Understock / Shortage,2023,6,2,0,1.732,0.732,0.6957,18.3,0.0018,0.01,0.13,0.0777,0.4226,-21870.79,0.0,11643.76,10.455,Cluster 1 — High-Velocity Shortage Risk
REC-2023-07-WH-45,2023-07,WH-45,Facility East-3 — Siliguri North Corridor,East,Siliguri,Regional DC,24146.08,13678.43,115.3,13648.96,24836.64,13.9,10.25,893.0,0.571,6,0.0,64000,0.002,25.0,10556480.49,0.972,0.701,4.3,408,0.074,Understock / Shortage,2023,7,3,0,1.7653,0.7653,0.7374,18.87,0.0018,0.008,0.14,0.1346,0.4335,-24721.34,0.0,13533.66,8.157,Cluster 1 — High-Velocity Shortage Risk
REC-2023-08-WH-45,2023-08,WH-45,Facility East-3 — Siliguri North Corridor,East,Siliguri,Regional DC,28278.55,16324.39,550.36,11777.87,21392.58,10.2,7.55,935.0,0.581,9,0.0,64000,0.009,25.0,5326670.25,0.967,0.684,1.1,408,-0.013,Understock / Shortage,2023,8,3,0,1.7323,0.7323,0.7402,27.855,0.0086,0.047,0.58,0.0816,0.4227,-20842.22,0.0,11227.51,2.143,Cluster 1 — High-Velocity Shortage Risk
REC-2023-09-WH-45,2023-09,WH-45,Facility East-3 — Siliguri North Corridor,East,Siliguri,Regional DC,28216.27,19367.86,182.31,15454.77,27963.98,13.3,9.92,897.0,0.706,4,0.0,64000,0.003,25.0,32258395.14,1.041,0.736,1.4,408,0.099,Understock / Shortage,2023,9,3,0,1.4569,0.4569,0.7459,9.88,0.0028,0.012,0.19,0.2013,0.3136,-27781.67,0.0,15272.46,2.509,Cluster 1 — High-Velocity Shortage Risk
REC-2023-10-WH-45,2023-10,WH-45,Facility East-3 — Siliguri North Corridor,East,Siliguri,Regional DC,39425.78,20966.91,562.46,18293.18,33143.56,11.3,8.41,1469.0,0.536,6,0.0,64000,0.009,25.0,55216500.4,1.319,0.693,0.5,408,0.038,Understock / Shortage,2023,10,4,1,1.8804,0.8804,0.7442,19.92,0.0088,0.031,0.43,0.1885,0.4682,-32581.1,0.0,17730.72,0.961,Cluster 1 — High-Velocity Shortage Risk
REC-2023-11-WH-45,2023-11,WH-45,Facility East-3 — Siliguri North Corridor,East,Siliguri,Regional DC,39128.08,20230.84,831.68,19323.52,35887.74,12.7,8.95,1099.0,0.531,7,0.0,64000,0.013,25.0,21573986.95,1.385,0.656,1.4,408,0.08,Understock / Shortage,2023,11,4,1,1.9341,0.9341,0.7047,23.415,0.013,0.043,0.64,0.1187,0.483,-35056.06,0.0,18491.84,2.845,Cluster 1 — High-Velocity Shortage Risk
REC-2023-12-WH-45,2023-12,WH-45,Facility East-3 — Siliguri North Corridor,East,Siliguri,Regional DC,34889.65,20526.62,214.98,15972.59,31440.33,13.3,8.31,1042.0,0.612,7,0.0,64000,0.003,25.0,17850274.29,1.148,0.7,3.8,408,0.013,Balanced,2023,12,4,1,1.6997,0.6997,0.6248,20.58,0.0034,0.013,0.18,0.1211,0.4117,-31225.35,0.0,15757.61,7.22,Cluster 1 — High-Velocity Shortage Risk
REC-2024-01-WH-45,2024-01,WH-45,Facility East-3 — Siliguri North Corridor,East,Siliguri,Regional DC,26775.86,16336.04,106.01,11511.53,21686.36,11.4,7.8,891.0,0.618,11,0.0,64000,0.002,25.0,1274333.57,0.934,0.739,5.65,408,0.098,Understock / Shortage,2024,1,1,0,1.6391,0.6391,0.6842,32.01,0.0017,0.009,0.12,0.0422,0.3899,-21580.35,0.0,11405.52,10.074,Cluster 1 — High-Velocity Shortage Risk
REC-2024-02-WH-45,2024-02,WH-45,Facility East-3 — Siliguri North Corridor,East,Siliguri,Regional DC,23494.4,16023.97,5.86,14142.62,25811.51,14.9,10.93,697.0,0.687,9,0.0,64000,0.0,25.0,8043928.02,0.884,0.77,5.65,408,0.053,Understock / Shortage,2024,2,1,0,1.4662,0.4662,0.7336,23.085,0.0001,0.0,0.01,0.1207,0.318,-25805.65,0.0,14136.76,9.548,Cluster 1 — High-Velocity Shortage Risk
REC-2024-03-WH-45,2024-03,WH-45,Facility East-3 — Siliguri North Corridor,East,Siliguri,Regional DC,28050.03,18887.15,579.68,12006.27,22384.78,11.1,7.77,1049.0,0.674,10,0.0,64000,0.009,25.0,13428824.63,0.998,0.737,4.3,408,0.046,Understock / Shortage,2024,3,1,0,1.4851,0.4851,0.7,26.3,0.0091,0.048,0.62,0.1306,0.3267,-21805.1,0.0,11426.59,7.693,Cluster 1 — High-Velocity Shortage Risk
REC-2024-04-WH-45,2024-04,WH-45,Facility East-3 — Siliguri North Corridor,East,Siliguri,Regional DC,35210.89,21833.17,755.49,17311.93,30105.22,10.9,8.93,1532.0,0.637,9,0.0,64000,0.012,25.0,33721163.38,1.108,0.749,5.65,408,0.085,Understock / Shortage,2024,4,2,0,1.6127,0.6127,0.8193,25.335,0.0118,0.044,0.64,0.1649,0.3799,-29349.73,0.0,16556.44,9.904,Cluster 1 — High-Velocity Shortage Risk
REC-2024-05-WH-45,2024-05,WH-45,Facility East-3 — Siliguri North Corridor,East,Siliguri,Regional DC,40528.56,24532.22,473.56,22985.68,42034.1,14.1,10.3,1836.0,0.624,9,0.0,64000,0.007,25.0,38300702.72,1.193,0.77,5.65,408,0.116,Understock / Shortage,2024,5,2,0,1.6521,0.6521,0.7305,25.92,0.0074,0.021,0.35,0.1527,0.3947,-41560.54,0.0,22512.12,9.548,Cluster 1 — High-Velocity Shortage Risk
REC-2024-06-WH-45,2024-06,WH-45,Facility East-3 — Siliguri North Corridor,East,Siliguri,Regional DC,26942.28,13886.55,273.42,11649.71,21079.51,10.5,7.85,1125.0,0.533,5,0.0,64000,0.004,25.0,8612849.99,0.973,0.733,5.65,408,0.039,Understock / Shortage,2024,6,2,0,1.9402,0.9402,0.7476,16.675,0.0043,0.023,0.3,0.1089,0.4846,-20806.09,0.0,11376.29,10.176,Cluster 1 — High-Velocity Shortage Risk
REC-2024-07-WH-45,2024-07,WH-45,Facility East-3 — Siliguri North Corridor,East,Siliguri,Regional DC,26967.27,17562.39,472.06,11244.8,21762.04,11.7,7.55,831.0,0.661,10,0.0,64000,0.007,25.0,9274974.48,0.9,0.712,1.3,408,0.152,Understock / Shortage,2024,7,3,0,1.5355,0.5355,0.6453,26.95,0.0074,0.042,0.53,0.1129,0.3488,-21289.98,0.0,10772.74,2.423,Cluster 1 — High-Velocity Shortage Risk
REC-2024-08-WH-45,2024-08,WH-45,Facility East-3 — Siliguri North Corridor,East,Siliguri,Regional DC,28145.61,13882.03,196.93,12322.77,23862.47,12.3,7.93,887.0,0.51,11,0.0,64000,0.003,25.0,30633738.58,0.991,0.693,3.4,408,0.123,Understock / Shortage,2024,8,3,0,2.0275,1.0275,0.6447,37.95,0.0031,0.016,0.21,0.1966,0.5068,-23665.54,0.0,12125.84,6.531,Cluster 1 — High-Velocity Shortage Risk
REC-2024-09-WH-45,2024-09,WH-45,Facility East-3 — Siliguri North Corridor,East,Siliguri,Regional DC,32740.91,17692.55,567.8,18119.79,30779.61,11.6,10.03,1337.0,0.546,11,0.0,64000,0.009,25.0,22175550.89,1.017,0.73,5.65,408,0.077,Understock / Shortage,2024,9,3,0,1.8505,0.8505,0.8647,35.97,0.0089,0.031,0.52,0.1438,0.4596,-30211.81,0.0,17551.99,10.227,Cluster 1 — High-Velocity Shortage Risk
REC-2024-10-WH-45,2024-10,WH-45,Facility East-3 — Siliguri North Corridor,East,Siliguri,Regional DC,33748.25,19833.67,408.78,17242.7,31641.95,12.8,9.26,998.0,0.605,5,0.0,64000,0.006,25.0,3058840.77,1.324,0.721,5.65,408,0.101,Understock / Shortage,2024,10,4,1,1.7016,0.7016,0.7234,14.875,0.0064,0.024,0.36,0.0518,0.4123,-31233.17,0.0,16833.92,10.379,Cluster 1 — High-Velocity Shortage Risk
REC-2024-11-WH-45,2024-11,WH-45,Facility East-3 — Siliguri North Corridor,East,Siliguri,Regional DC,40266.72,28092.67,588.8,23974.8,44242.38,15.1,10.81,1729.0,0.708,6,0.0,64000,0.009,25.0,13083969.86,1.358,0.761,1.5,408,0.1,Understock / Shortage,2024,11,4,1,1.4334,0.4334,0.7159,14.76,0.0092,0.025,0.44,0.0898,0.3023,-43653.58,0.0,23386.0,2.576,Cluster 1 — High-Velocity Shortage Risk
REC-2024-12-WH-45,2024-12,WH-45,Facility East-3 — Siliguri North Corridor,East,Siliguri,Regional DC,31425.95,19415.97,209.59,14094.73,29283.94,14.5,8.12,1158.0,0.637,7,0.0,64000,0.003,25.0,27460273.88,1.141,0.701,3.3,408,0.104,Understock / Shortage,2024,12,4,1,1.6186,0.6186,0.56,19.705,0.0033,0.015,0.2,0.1667,0.3822,-29074.35,0.0,13885.14,6.26,Cluster 1 — High-Velocity Shortage Risk
REC-2023-01-WH-46,2023-01,WH-46,Depot East-4 — Patna Ganga Terminal,East,Patna,Regional DC,33414.04,22680.06,19995.73,15562.32,24584.11,8.1,8.46,1495.0,0.962,0,0.0,82000,0.244,20.05,14023666.75,0.961,0.745,1.3,463,0.064,Understock / Shortage,2023,1,1,0,1.4733,0.4733,1.0444,0.0,0.2439,1.285,17.95,0.1121,0.3212,-4588.38,0.0,0.0,2.294,Cluster 1 — High-Velocity Shortage Risk
REC-2023-02-WH-46,2023-02,WH-46,Depot East-4 — Patna Ganga Terminal,East,Patna,Regional DC,28413.74,16487.13,8069.12,9579.89,18861.71,9.8,6.09,837.0,0.959,0,0.0,82000,0.098,25.0,25037364.45,0.91,0.793,2.0,463,0.062,Understock / Shortage,2023,2,1,0,1.7234,0.7234,0.6214,0.0,0.0984,0.842,8.52,0.1761,0.4197,-10792.59,0.0,1510.77,3.242,Cluster 1 — High-Velocity Shortage Risk
REC-2023-03-WH-46,2023-03,WH-46,Depot East-4 — Patna Ganga Terminal,East,Patna,Regional DC,39596.37,25304.05,201.83,14482.92,26889.78,9.4,6.64,1248.0,0.843,8,0.0,82000,0.002,25.0,21832041.35,1.039,0.84,2.2,463,0.048,Understock / Shortage,2023,3,1,0,1.5648,0.5648,0.7064,14.28,0.0025,0.014,0.15,0.118,0.361,-26687.95,0.0,14281.09,3.256,Cluster 1 — High-Velocity Shortage Risk
REC-2023-04-WH-46,2023-04,WH-46,Depot East-4 — Patna Ganga Terminal,East,Patna,Regional DC,40206.28,20641.54,11.83,16532.68,30738.9,10.6,7.45,1259.0,0.518,5,0.0,82000,0.0,25.0,11962061.91,1.144,0.717,0.3,463,0.142,Understock / Shortage,2023,4,2,0,1.9478,0.9478,0.7028,17.05,0.0001,0.001,0.01,0.086,0.4866,-30727.07,0.0,16520.85,0.555,Cluster 1 — High-Velocity Shortage Risk
REC-2023-05-WH-46,2023-05,WH-46,Depot East-4 — Patna Ganga Terminal,East,Patna,Regional DC,45073.38,29632.79,54.57,19856.48,32927.76,8.7,7.99,1449.0,0.658,6,0.0,82000,0.001,25.0,26908958.09,1.116,0.799,2.3,463,0.142,Understock / Shortage,2023,5,2,0,1.5211,0.5211,0.9184,16.26,0.0007,0.003,0.04,0.1151,0.3426,-32873.19,0.0,19801.91,3.687,Cluster 1 — High-Velocity Shortage Risk
REC-2023-06-WH-46,2023-06,WH-46,Depot East-4 — Patna Ganga Terminal,East,Patna,Regional DC,35911.7,20267.63,123.58,12118.05,23130.97,9.2,6.11,946.0,0.566,4,0.0,82000,0.002,25.0,13461905.74,0.995,0.721,0.5,463,0.054,Understock / Shortage,2023,6,2,0,1.7719,0.7719,0.6641,12.68,0.0015,0.01,0.1,0.1022,0.4356,-23007.39,0.0,11994.47,0.919,Cluster 1 — High-Velocity Shortage Risk
REC-2023-07-WH-46,2023-07,WH-46,Depot East-4 — Patna Ganga Terminal,East,Patna,Regional DC,32910.14,23700.6,43.81,11264.13,23879.68,11.5,6.17,878.0,0.724,4,0.0,82000,0.001,25.0,12799499.5,0.895,0.782,4.7,463,0.054,Understock / Shortage,2023,7,3,0,1.3886,0.3886,0.5365,9.52,0.0005,0.004,0.04,0.1087,0.2798,-23835.87,0.0,11220.32,7.774,Cluster 1 — High-Velocity Shortage Risk
REC-2023-08-WH-46,2023-08,WH-46,Depot East-4 — Patna Ganga Terminal,East,Patna,Regional DC,36805.96,22634.97,455.2,14716.16,26616.75,9.7,7.26,1358.0,0.616,7,0.0,82000,0.006,25.0,11184094.63,0.994,0.701,5.65,463,0.132,Understock / Shortage,2023,8,3,0,1.6261,0.6261,0.7485,20.44,0.0056,0.031,0.37,0.0909,0.385,-26161.55,0.0,14260.96,10.718,Cluster 1 — High-Velocity Shortage Risk
REC-2023-09-WH-46,2023-09,WH-46,Depot East-4 — Patna Ganga Terminal,East,Patna,Regional DC,38740.88,24175.1,81.38,15151.42,27548.5,9.6,7.1,1146.0,0.636,8,0.0,82000,0.001,25.0,27236094.31,1.165,0.755,4.4,463,0.027,Understock / Shortage,2023,9,3,0,1.6025,0.6025,0.7396,22.56,0.001,0.005,0.06,0.1347,0.376,-27467.12,0.0,15070.04,7.634,Cluster 1 — High-Velocity Shortage Risk
REC-2023-10-WH-46,2023-10,WH-46,Depot East-4 — Patna Ganga Terminal,East,Patna,Regional DC,54008.09,28949.34,320.34,24421.82,40084.17,8.7,8.2,1453.0,0.538,5,0.0,82000,0.004,25.0,43965333.24,1.38,0.74,4.8,463,0.024,Understock / Shortage,2023,10,4,1,1.8656,0.8656,0.9425,16.55,0.0039,0.013,0.18,0.1228,0.464,-39763.83,0.0,24101.48,8.544,Cluster 1 — High-Velocity Shortage Risk
REC-2023-11-WH-46,2023-11,WH-46,Depot East-4 — Patna Ganga Terminal,East,Patna,Regional DC,48567.59,32638.23,491.72,18745.73,33963.57,9.4,6.99,1336.0,0.679,4,0.0,82000,0.006,25.0,106756080.76,1.362,0.738,5.65,463,0.021,Understock / Shortage,2023,11,4,1,1.4881,0.4881,0.7436,10.42,0.006,0.026,0.3,0.2127,0.328,-33471.85,0.0,18254.01,10.091,Cluster 1 — High-Velocity Shortage Risk
REC-2023-12-WH-46,2023-12,WH-46,Depot East-4 — Patna Ganga Terminal,East,Patna,Regional DC,45894.92,27164.66,967.82,19377.25,32839.76,8.8,7.66,1309.0,0.603,6,0.0,82000,0.012,25.0,24158221.67,1.168,0.745,0.2,463,0.1,Understock / Shortage,2023,12,4,1,1.6895,0.6895,0.8705,17.91,0.0118,0.05,0.63,0.1071,0.4081,-31871.94,0.0,18409.43,0.353,Cluster 1 — High-Velocity Shortage Risk
REC-2024-01-WH-46,2024-01,WH-46,Depot East-4 — Patna Ganga Terminal,East,Patna,Regional DC,29838.99,18888.45,250.01,10567.51,20215.45,9.7,6.41,958.0,0.665,7,0.0,82000,0.003,25.0,12795751.65,0.936,0.691,1.8,463,0.068,Understock / Shortage,2024,1,1,0,1.5797,0.5797,0.6608,18.725,0.003,0.024,0.25,0.1199,0.367,-19965.44,0.0,10317.5,3.469,Cluster 1 — High-Velocity Shortage Risk
REC-2024-02-WH-46,2024-02,WH-46,Depot East-4 — Patna Ganga Terminal,East,Patna,Regional DC,33073.25,21476.9,136.93,14065.33,24538.53,9.5,7.71,1010.0,0.657,10,0.0,82000,0.002,25.0,3582864.62,0.906,0.729,2.3,463,0.109,Understock / Shortage,2024,2,1,0,1.5399,0.5399,0.8116,27.15,0.0017,0.01,0.12,0.0572,0.3506,-24401.6,0.0,13928.4,4.17,Cluster 1 — High-Velocity Shortage Risk
REC-2024-03-WH-46,2024-03,WH-46,Depot East-4 — Patna Ganga Terminal,East,Patna,Regional DC,35753.72,21534.61,234.98,12593.33,22127.66,8.0,6.39,1280.0,0.606,9,0.0,82000,0.003,25.0,45896683.81,1.055,0.756,0.6,463,0.081,Understock / Shortage,2024,3,1,0,1.6603,0.6603,0.7988,26.73,0.0029,0.019,0.2,0.1895,0.3977,-21892.68,0.0,12358.35,1.039,Cluster 1 — High-Velocity Shortage Risk
REC-2024-04-WH-46,2024-04,WH-46,Depot East-4 — Patna Ganga Terminal,East,Patna,Regional DC,37118.63,21490.53,207.29,14791.0,26668.96,9.6,7.21,1149.0,0.585,4,0.0,82000,0.003,25.0,35079556.96,1.141,0.761,3.1,463,0.129,Understock / Shortage,2024,4,2,0,1.7272,0.7272,0.751,12.3,0.0025,0.014,0.17,0.1596,0.421,-26461.67,0.0,14583.71,5.323,Cluster 1 — High-Velocity Shortage Risk
REC-2024-05-WH-46,2024-05,WH-46,Depot East-4 — Patna Ganga Terminal,East,Patna,Regional DC,49820.54,30650.61,195.41,18854.04,35626.96,10.1,6.87,1996.0,0.619,4,0.0,82000,0.002,25.0,38133198.18,1.141,0.851,0.2,463,0.126,Understock / Shortage,2024,5,2,0,1.6254,0.6254,0.6802,11.62,0.0024,0.01,0.12,0.1239,0.3848,-35431.55,0.0,18658.63,0.289,Cluster 1 — High-Velocity Shortage Risk
REC-2024-06-WH-46,2024-06,WH-46,Depot East-4 — Patna Ganga Terminal,East,Patna,Regional DC,31795.41,18983.73,500.27,11379.61,20600.28,8.7,6.47,1142.0,0.603,9,0.0,82000,0.006,25.0,9555353.56,1.027,0.797,0.7,463,0.076,Understock / Shortage,2024,6,2,0,1.6749,0.6749,0.7437,26.865,0.0061,0.044,0.47,0.0972,0.4029,-20100.01,0.0,10879.34,1.126,Cluster 1 — High-Velocity Shortage Risk
REC-2024-07-WH-46,2024-07,WH-46,Depot East-4 — Patna Ganga Terminal,East,Patna,Regional DC,39046.38,21875.56,130.69,18447.24,28078.68,7.4,8.58,1109.0,0.573,8,0.0,82000,0.002,25.0,21275230.29,0.885,0.751,1.6,463,0.097,Understock / Shortage,2024,7,3,0,1.7849,0.7849,1.1595,25.08,0.0016,0.007,0.1,0.1181,0.4398,-27947.99,0.0,18316.55,2.795,Cluster 1 — High-Velocity Shortage Risk
REC-2024-08-WH-46,2024-08,WH-46,Depot East-4 — Patna Ganga Terminal,East,Patna,Regional DC,38517.88,27027.07,66.58,12673.47,24100.44,8.9,5.96,1714.0,0.705,10,0.0,82000,0.001,25.0,31166869.29,0.994,0.815,3.8,463,0.113,Understock / Shortage,2024,8,3,0,1.4252,0.4252,0.6697,24.75,0.0008,0.005,0.05,0.1449,0.2983,-24033.86,0.0,12606.89,5.909,Cluster 1 — High-Velocity Shortage Risk
REC-2024-09-WH-46,2024-09,WH-46,Depot East-4 — Patna Ganga Terminal,East,Patna,Regional DC,35549.55,17845.09,337.91,14224.38,24889.25,9.0,7.26,1256.0,0.504,9,0.0,82000,0.004,25.0,61912011.06,1.08,0.705,5.65,463,0.106,Understock / Shortage,2024,9,3,0,1.9921,0.9921,0.8067,31.32,0.0041,0.024,0.29,0.2213,0.498,-24551.34,0.0,13886.47,10.65,Cluster 1 — High-Velocity Shortage Risk
REC-2024-10-WH-46,2024-10,WH-46,Depot East-4 — Patna Ganga Terminal,East,Patna,Regional DC,54549.92,30017.47,70.21,23404.33,42133.14,10.3,7.78,1874.0,0.556,8,0.0,82000,0.001,25.0,57406174.76,1.357,0.72,5.65,463,0.087,Understock / Shortage,2024,10,4,1,1.8173,0.8173,0.7553,25.76,0.0009,0.003,0.04,0.1389,0.4497,-42062.93,0.0,23334.12,10.396,Cluster 1 — High-Velocity Shortage Risk
REC-2024-11-WH-46,2024-11,WH-46,Depot East-4 — Patna Ganga Terminal,East,Patna,Regional DC,54180.08,31213.69,915.39,20439.69,37416.12,9.4,6.84,1732.0,0.577,11,0.0,82000,0.011,25.0,99732823.53,1.347,0.722,2.3,463,0.115,Understock / Shortage,2024,11,4,1,1.7358,0.7358,0.7277,34.265,0.0112,0.045,0.51,0.1843,0.4239,-36500.73,0.0,19524.3,4.218,Cluster 1 — High-Velocity Shortage Risk
REC-2024-12-WH-46,2024-12,WH-46,Depot East-4 — Patna Ganga Terminal,East,Patna,Regional DC,47517.52,35159.54,1042.0,22212.76,36784.8,9.2,8.48,1905.0,0.759,5,0.0,82000,0.013,25.0,9145454.16,1.171,0.795,1.3,463,0.196,Understock / Shortage,2024,12,4,1,1.3515,0.3515,0.9217,11.025,0.0127,0.047,0.66,0.0636,0.2601,-35742.8,0.0,21170.76,2.1,Cluster 1 — High-Velocity Shortage Risk
REC-2023-01-WH-47,2023-01,WH-47,Depot East-5 — Ranchi Chotanagpur DC,East,Ranchi,Urban Depot,17238.21,19555.77,34661.72,2841.15,10253.58,12.9,2.91,668.0,0.982,0,20146.42,46000,0.754,5.97,13873921.24,0.963,0.906,0.5,169,-0.004,Overstock,2023,1,1,0,0.8815,-0.1185,0.2256,0.0,0.7535,12.2,60.32,0.2161,-0.1344,24408.14,0.438,0.0,0.641,Cluster 2 — Chronic Overstock Buffers
REC-2023-02-WH-47,2023-02,WH-47,Depot East-5 — Ranchi Chotanagpur DC,East,Ranchi,Urban Depot,18009.61,20603.06,37255.17,2615.4,8738.67,10.2,2.58,718.0,0.985,0,24593.4,46000,0.81,5.8,7908436.74,0.923,0.923,0.2,169,0.003,Overstock,2023,2,1,0,0.8741,-0.1259,0.2529,0.0,0.8099,14.245,62.06,0.1561,-0.144,28516.5,0.5346,0.0,0.246,Cluster 2 — Chronic Overstock Buffers
REC-2023-03-WH-47,2023-03,WH-47,Depot East-5 — Ranchi Chotanagpur DC,East,Ranchi,Urban Depot,20988.16,24528.37,40795.38,3091.72,10507.54,10.6,2.62,616.0,0.974,0,25650.26,46000,0.887,6.17,10694480.67,1.044,0.888,0.2,169,-0.032,Overstock,2023,3,1,0,0.8557,-0.1443,0.2472,0.0,0.8869,13.195,58.31,0.1558,-0.1687,30287.84,0.5576,0.0,0.267,Cluster 2 — Chronic Overstock Buffers
REC-2023-04-WH-47,2023-04,WH-47,Depot East-5 — Ranchi Chotanagpur DC,East,Ranchi,Urban Depot,21373.6,24707.98,44129.76,3580.23,12842.12,13.0,3.01,800.0,0.952,0,25917.3,46000,0.959,5.81,8933816.22,1.1,0.96,0.7,169,0.075,Overstock,2023,4,2,0,0.865,-0.135,0.2315,0.0,0.9593,12.326,61.94,0.1398,-0.156,31287.64,0.5634,0.0,0.784,Cluster 2 — Chronic Overstock Buffers
REC-2023-05-WH-47,2023-05,WH-47,Depot East-5 — Ranchi Chotanagpur DC,East,Ranchi,Urban Depot,19503.2,21101.58,45728.14,2621.67,9382.78,10.4,2.36,514.0,0.973,0,32412.86,46000,0.994,5.12,4351458.53,1.16,0.91,1.6,169,0.067,Overstock,2023,5,2,0,0.9243,-0.0757,0.2269,0.0,0.9941,17.442,70.34,0.107,-0.082,36345.36,0.7046,0.0,2.032,Cluster 2 — Chronic Overstock Buffers
REC-2023-06-WH-47,2023-06,WH-47,Depot East-5 — Ranchi Chotanagpur DC,East,Ranchi,Urban Depot,18688.13,22736.96,49776.97,3029.87,9695.3,10.7,2.89,681.0,0.977,0,35536.87,46000,1.082,4.51,6108786.21,1.029,0.875,1.8,169,0.008,Overstock,2023,6,2,0,0.8219,-0.1781,0.2701,0.0,1.0821,16.429,79.91,0.1323,-0.2167,40081.67,0.7725,0.0,2.475,Cluster 2 — Chronic Overstock Buffers
REC-2023-07-WH-47,2023-07,WH-47,Depot East-5 — Ranchi Chotanagpur DC,East,Ranchi,Urban Depot,14360.45,16360.16,51776.68,2290.6,8657.07,13.3,2.85,442.0,0.979,0,39683.71,46000,1.126,3.33,1429586.15,0.895,0.881,0.6,169,0.032,Overstock,2023,7,3,0,0.8778,-0.1222,0.2143,0.0,1.1256,22.604,108.17,0.0833,-0.1393,43119.61,0.8627,0.0,0.814,Cluster 2 — Chronic Overstock Buffers
REC-2023-08-WH-47,2023-08,WH-47,Depot East-5 — Ranchi Chotanagpur DC,East,Ranchi,Urban Depot,19310.73,21285.57,53751.52,2456.3,9021.95,10.2,2.23,573.0,0.984,0,41045.12,46000,1.169,4.31,4135477.01,0.948,0.898,0.7,169,0.182,Overstock,2023,8,3,0,0.9072,-0.0928,0.2186,0.0,1.1685,21.883,83.51,0.1053,-0.1023,44729.57,0.8923,0.0,0.914,Cluster 2 — Chronic Overstock Buffers
REC-2023-09-WH-47,2023-09,WH-47,Depot East-5 — Ranchi Chotanagpur DC,East,Ranchi,Urban Depot,19805.73,25232.8,59178.59,2971.24,10563.44,11.5,2.62,875.0,0.967,0,44158.29,46000,1.286,4.02,4396276.48,1.072,0.891,0.6,169,0.025,Overstock,2023,9,3,0,0.7849,-0.2151,0.2278,0.0,1.2865,19.917,89.64,0.1059,-0.274,48615.15,0.96,0.0,0.796,Cluster 2 — Chronic Overstock Buffers
REC-2023-10-WH-47,2023-10,WH-47,Depot East-5 — Ranchi Chotanagpur DC,East,Ranchi,Urban Depot,21322.74,25430.5,63286.35,2747.16,13124.23,14.6,2.24,737.0,0.962,0,46041.38,46000,1.376,4.04,3748906.51,1.349,0.932,1.0,169,0.054,Overstock,2023,10,4,1,0.8385,-0.1615,0.1534,0.0,1.3758,23.037,89.04,0.0908,-0.1926,50162.12,1.0009,0.0,1.204,Cluster 2 — Chronic Overstock Buffers
REC-2023-11-WH-47,2023-11,WH-47,Depot East-5 — Ranchi Chotanagpur DC,East,Ranchi,Urban Depot,28020.61,31666.34,66932.08,3646.4,13080.01,10.1,2.33,863.0,0.985,0,48382.47,46000,1.455,5.02,11917076.54,1.381,0.974,1.6,169,0.064,Overstock,2023,11,4,1,0.8849,-0.1151,0.2307,0.0,1.455,18.356,71.66,0.1232,-0.1301,53852.07,1.0518,0.0,1.725,Cluster 2 — Chronic Overstock Buffers
REC-2023-12-WH-47,2023-12,WH-47,Depot East-5 — Ranchi Chotanagpur DC,East,Ranchi,Urban Depot,19944.86,24086.84,71074.06,2770.18,10415.71,11.5,2.43,871.0,0.972,0,56503.08,46000,1.545,3.37,13169103.72,1.128,0.963,0.3,169,-0.015,Overstock,2023,12,4,1,0.828,-0.172,0.2113,0.0,1.5451,25.657,106.91,0.1819,-0.2077,60658.35,1.2283,0.0,0.333,Cluster 2 — Chronic Overstock Buffers
REC-2024-01-WH-47,2024-01,WH-47,Depot East-5 — Ranchi Chotanagpur DC,East,Ranchi,Urban Depot,17550.51,20012.42,73535.97,2235.56,9314.27,12.1,2.24,550.0,0.992,0,60868.36,46000,1.599,2.86,7228502.53,0.941,0.899,1.3,169,0.076,Overstock,2024,1,1,0,0.877,-0.123,0.1851,0.0,1.5986,32.894,125.7,0.1532,-0.1403,64221.7,1.3232,0.0,1.694,Cluster 2 — Chronic Overstock Buffers
REC-2024-02-WH-47,2024-02,WH-47,Depot East-5 — Ranchi Chotanagpur DC,East,Ranchi,Urban Depot,16124.59,18322.46,75733.84,2211.73,8392.82,11.5,2.41,642.0,0.969,0,64023.42,46000,1.646,2.55,7980931.04,0.887,0.952,5.65,169,0.089,Understock / Shortage,2024,2,1,0,0.88,-0.12,0.2096,0.0,1.6464,34.242,140.9,0.1752,-0.1363,67341.02,1.3918,0.0,6.464,Cluster 2 — Chronic Overstock Buffers
REC-2024-03-WH-47,2024-03,WH-47,Depot East-5 — Ranchi Chotanagpur DC,East,Ranchi,Urban Depot,20385.97,21817.72,77165.59,2510.4,10121.16,11.2,2.12,843.0,0.985,0,63278.83,46000,1.678,3.17,2188915.84,1.022,0.96,1.1,169,0.122,Overstock,2024,3,1,0,0.9344,-0.0656,0.1893,0.0,1.6775,30.738,113.56,0.0726,-0.0702,67044.43,1.3756,0.0,1.232,Cluster 2 — Chronic Overstock Buffers
REC-2024-04-WH-47,2024-04,WH-47,Depot East-5 — Ranchi Chotanagpur DC,East,Ranchi,Urban Depot,21135.7,22833.7,78863.59,3362.38,11112.14,11.0,2.79,746.0,0.952,0,62707.88,46000,1.714,3.22,6773508.19,1.094,0.9,0.2,169,0.056,Overstock,2024,4,2,0,0.9256,-0.0744,0.2536,0.0,1.7144,23.455,111.94,0.1231,-0.0803,67751.45,1.3632,0.0,0.26,Cluster 2 — Chronic Overstock Buffers
REC-2024-05-WH-47,2024-05,WH-47,Depot East-5 — Ranchi Chotanagpur DC,East,Ranchi,Urban Depot,23255.56,24667.27,80275.3,3902.65,14445.17,13.6,2.96,831.0,0.979,0,59976.16,46000,1.745,3.48,9378933.61,1.196,0.954,0.4,169,0.076,Overstock,2024,5,2,0,0.9428,-0.0572,0.2176,0.0,1.7451,20.569,103.56,0.1317,-0.0607,65830.13,1.3038,0.0,0.455,Cluster 2 — Chronic Overstock Buffers
REC-2024-06-WH-47,2024-06,WH-47,Depot East-5 — Ranchi Chotanagpur DC,East,Ranchi,Urban Depot,16922.84,20254.46,83606.92,2820.89,9590.03,12.0,2.98,536.0,0.98,0,69785.55,46000,1.818,2.43,1444477.24,0.951,0.873,1.1,169,0.04,Overstock,2024,6,2,0,0.8355,-0.1645,0.2483,0.0,1.8175,29.638,148.21,0.071,-0.1969,74016.89,1.5171,0.0,1.519,Cluster 2 — Chronic Overstock Buffers
REC-2024-07-WH-47,2024-07,WH-47,Depot East-5 — Ranchi Chotanagpur DC,East,Ranchi,Urban Depot,18656.51,21529.56,86479.97,2804.33,8836.6,9.7,2.63,759.0,0.961,0,73436.88,46000,1.88,2.59,9145439.91,0.903,0.985,1.6,169,0.107,Overstock,2024,7,3,0,0.8666,-0.1334,0.2711,0.0,1.88,30.838,139.06,0.1621,-0.154,77643.37,1.5965,0.0,1.672,Cluster 2 — Chronic Overstock Buffers
REC-2024-08-WH-47,2024-08,WH-47,Depot East-5 — Ranchi Chotanagpur DC,East,Ranchi,Urban Depot,19754.6,25188.6,91913.97,3345.6,10325.56,10.6,2.97,885.0,0.987,0,76570.01,46000,1.998,2.58,1385797.57,0.945,0.937,0.5,169,0.053,Overstock,2024,8,3,0,0.7843,-0.2157,0.2802,0.0,1.9981,27.473,139.58,0.0596,-0.2751,81588.41,1.6646,0.0,0.594,Cluster 2 — Chronic Overstock Buffers
REC-2024-09-WH-47,2024-09,WH-47,Depot East-5 — Ranchi Chotanagpur DC,East,Ranchi,Urban Depot,23778.6,27406.07,95541.44,3970.17,12688.99,11.0,2.96,848.0,0.954,0,76897.2,46000,2.077,2.99,7179640.84,1.008,0.844,1.1,169,0.11,Overstock,2024,9,3,0,0.8676,-0.1324,0.2691,0.0,2.077,24.065,120.54,0.1127,-0.1526,82852.45,1.6717,0.0,1.615,Cluster 2 — Chronic Overstock Buffers
REC-2024-10-WH-47,2024-10,WH-47,Depot East-5 — Ranchi Chotanagpur DC,East,Ranchi,Urban Depot,28614.97,31027.0,97953.47,3538.12,15079.49,12.1,2.11,847.0,0.997,0,77566.8,46000,2.129,3.51,22734989.89,1.392,0.99,2.6,169,0.086,Overstock,2024,10,4,1,0.9223,-0.0777,0.1744,0.0,2.1294,27.685,102.69,0.1666,-0.0843,82873.98,1.6862,0.0,2.678,Cluster 2 — Chronic Overstock Buffers
REC-2024-11-WH-47,2024-11,WH-47,Depot East-5 — Ranchi Chotanagpur DC,East,Ranchi,Urban Depot,29467.87,36193.85,104679.45,4444.73,15544.29,11.3,2.62,1098.0,0.995,0,82468.06,46000,2.276,3.38,12083695.74,1.391,0.939,1.0,169,0.121,Understock / Shortage,2024,11,4,1,0.8142,-0.1858,0.2319,0.0,2.2756,23.551,106.57,0.118,-0.2282,89135.16,1.7928,0.0,1.183,Cluster 2 — Chronic Overstock Buffers
REC-2024-12-WH-47,2024-12,WH-47,Depot East-5 — Ranchi Chotanagpur DC,East,Ranchi,Urban Depot,21894.17,27780.83,110566.11,3658.38,11759.22,11.1,2.99,748.0,0.981,0,93319.32,46000,2.404,2.38,33963510.86,1.19,0.88,1.7,169,0.032,Overstock,2024,12,4,1,0.7881,-0.2119,0.2694,0.0,2.4036,30.223,151.5,0.2662,-0.2689,98806.89,2.0287,0.0,2.312,Cluster 2 — Chronic Overstock Buffers
REC-2023-01-WH-48,2023-01,WH-48,Facility East-6 — Jamshedpur Steel Hub,East,Jamshedpur,Urban Depot,14945.84,10957.73,8495.23,4698.62,9979.48,10.6,5.7,482.0,0.955,0,0.0,45000,0.189,21.11,5286726.21,0.958,0.79,3.9,188,0.133,Understock / Shortage,2023,1,1,0,1.364,0.364,0.5377,0.0,0.1888,1.808,17.05,0.1538,0.2668,-1484.25,0.0,0.0,6.357,Cluster 1 — High-Velocity Shortage Risk
REC-2023-02-WH-48,2023-02,WH-48,Facility East-6 — Jamshedpur Steel Hub,East,Jamshedpur,Urban Depot,13684.69,8863.1,3673.64,3719.3,8280.86,10.0,4.91,526.0,0.958,0,0.0,45000,0.082,25.0,3941067.23,0.899,0.736,0.3,188,0.03,Understock / Shortage,2023,2,1,0,1.544,0.544,0.491,0.0,0.0816,0.988,8.05,0.1451,0.3523,-4607.22,0.0,45.66,0.538,Cluster 1 — High-Velocity Shortage Risk
REC-2023-03-WH-48,2023-03,WH-48,Facility East-6 — Jamshedpur Steel Hub,East,Jamshedpur,Urban Depot,15031.72,9702.39,125.73,4562.21,8520.56,7.9,5.5,480.0,0.89,6,0.0,45000,0.003,25.0,10680386.74,1.04,0.738,0.4,188,-0.047,Understock / Shortage,2023,3,1,0,1.5493,0.5493,0.6962,9.3,0.0028,0.028,0.25,0.2174,0.3545,-8394.83,0.0,4436.48,0.714,Cluster 1 — High-Velocity Shortage Risk
REC-2023-04-WH-48,2023-04,WH-48,Facility East-6 — Jamshedpur Steel Hub,East,Jamshedpur,Urban Depot,15911.83,10292.94,242.21,4894.04,10834.46,11.2,5.54,489.0,0.655,9,0.0,45000,0.005,25.0,7714696.9,1.138,0.745,0.7,188,0.007,Understock / Shortage,2023,4,2,0,1.5459,0.5459,0.4946,24.525,0.0054,0.049,0.46,0.1746,0.3531,-10592.25,0.0,4651.83,1.236,Cluster 1 — High-Velocity Shortage Risk
REC-2023-05-WH-48,2023-05,WH-48,Facility East-6 — Jamshedpur Steel Hub,East,Jamshedpur,Urban Depot,17122.99,10134.03,92.38,4155.42,9121.09,8.7,4.37,503.0,0.606,7,0.0,45000,0.002,25.0,11119417.8,1.155,0.782,2.6,188,0.028,Understock / Shortage,2023,5,2,0,1.6897,0.6897,0.5023,20.79,0.0021,0.022,0.16,0.1947,0.4082,-9028.71,0.0,4063.04,4.3,Cluster 1 — High-Velocity Shortage Risk
REC-2023-06-WH-48,2023-06,WH-48,Facility East-6 — Jamshedpur Steel Hub,East,Jamshedpur,Urban Depot,13861.94,9203.9,167.08,4212.27,9063.95,10.5,5.5,430.0,0.671,4,0.0,45000,0.004,25.0,1094314.14,0.988,0.753,1.3,188,0.061,Understock / Shortage,2023,6,2,0,1.5061,0.5061,0.5238,10.58,0.0037,0.04,0.36,0.0755,0.336,-8896.87,0.0,4045.19,2.263,Cluster 1 — High-Velocity Shortage Risk
REC-2023-07-WH-48,2023-07,WH-48,Facility East-6 — Jamshedpur Steel Hub,East,Jamshedpur,Urban Depot,14631.67,10356.24,194.49,3959.8,8641.93,9.6,4.88,655.0,0.719,8,0.0,45000,0.004,25.0,892281.9,0.876,0.765,1.5,188,0.071,Understock / Shortage,2023,7,3,0,1.4128,0.4128,0.5083,19.24,0.0043,0.049,0.4,0.0646,0.2922,-8447.44,0.0,3765.31,2.558,Cluster 1 — High-Velocity Shortage Risk
REC-2023-08-WH-48,2023-08,WH-48,Facility East-6 — Jamshedpur Steel Hub,East,Jamshedpur,Urban Depot,14806.97,7560.61,158.14,3940.38,8678.61,9.6,4.79,569.0,0.524,11,0.0,45000,0.004,25.0,3445148.69,0.917,0.697,1.7,188,0.093,Understock / Shortage,2023,8,3,0,1.9584,0.9584,0.499,37.18,0.0035,0.04,0.32,0.1254,0.4894,-8520.47,0.0,3782.24,3.245,Cluster 1 — High-Velocity Shortage Risk
REC-2023-09-WH-48,2023-09,WH-48,Facility East-6 — Jamshedpur Steel Hub,East,Jamshedpur,Urban Depot,17868.78,10030.56,235.88,5445.42,11401.68,10.0,5.52,757.0,0.57,6,0.0,45000,0.005,25.0,3557908.21,1.1,0.753,2.9,188,0.055,Understock / Shortage,2023,9,3,0,1.7814,0.7814,0.552,18.9,0.0052,0.043,0.4,0.1056,0.4387,-11165.8,0.0,5209.54,5.049,Cluster 1 — High-Velocity Shortage Risk
REC-2023-10-WH-48,2023-10,WH-48,Facility East-6 — Jamshedpur Steel Hub,East,Jamshedpur,Urban Depot,22730.4,12852.23,283.57,7150.2,16772.74,12.7,5.7,963.0,0.576,9,0.0,45000,0.006,25.0,15295116.11,1.349,0.718,5.5,188,0.023,Balanced,2023,10,4,1,1.7686,0.7686,0.4488,28.08,0.0063,0.04,0.37,0.1721,0.4346,-16489.17,0.0,6866.63,10.153,Cluster 1 — High-Velocity Shortage Risk
REC-2023-11-WH-48,2023-11,WH-48,Facility East-6 — Jamshedpur Steel Hub,East,Jamshedpur,Urban Depot,20478.33,13331.58,194.27,5653.6,13503.63,11.5,5.0,703.0,0.665,8,0.0,45000,0.004,25.0,7094989.29,1.416,0.762,1.0,188,0.099,Understock / Shortage,2023,11,4,1,1.5361,0.5361,0.4348,21.4,0.0043,0.034,0.28,0.1301,0.349,-13309.36,0.0,5459.33,1.714,Cluster 1 — High-Velocity Shortage Risk
REC-2023-12-WH-48,2023-12,WH-48,Facility East-6 — Jamshedpur Steel Hub,East,Jamshedpur,Urban Depot,21394.82,14550.64,55.02,6070.02,13272.94,10.1,5.1,856.0,0.689,11,0.0,45000,0.001,25.0,4564131.22,1.223,0.815,3.8,188,0.023,Understock / Shortage,2023,12,4,1,1.4704,0.4704,0.505,28.105,0.0012,0.009,0.08,0.0999,0.3199,-13217.92,0.0,6015.0,5.909,Cluster 1 — High-Velocity Shortage Risk
REC-2024-01-WH-48,2024-01,WH-48,Facility East-6 — Jamshedpur Steel Hub,East,Jamshedpur,Urban Depot,16334.82,8498.99,102.78,4249.84,10402.62,11.3,4.69,480.0,0.524,6,0.0,45000,0.002,25.0,2896487.52,0.966,0.692,2.0,188,0.11,Understock / Shortage,2024,1,1,0,1.922,0.922,0.415,20.28,0.0023,0.024,0.19,0.1042,0.4797,-10299.84,0.0,4147.06,3.848,Cluster 1 — High-Velocity Shortage Risk
REC-2024-02-WH-48,2024-02,WH-48,Facility East-6 — Jamshedpur Steel Hub,East,Jamshedpur,Urban Depot,15668.06,8892.31,188.86,4111.68,10013.32,11.3,4.72,488.0,0.574,10,0.0,45000,0.004,25.0,2454723.75,0.929,0.745,2.3,188,0.044,Understock / Shortage,2024,2,1,0,1.762,0.762,0.4177,31.3,0.0042,0.046,0.36,0.1,0.4325,-9824.46,0.0,3922.82,4.06,Cluster 1 — High-Velocity Shortage Risk
REC-2024-03-WH-48,2024-03,WH-48,Facility East-6 — Jamshedpur Steel Hub,East,Jamshedpur,Urban Depot,17983.62,11203.73,8.44,4027.35,10201.73,10.3,4.04,491.0,0.633,8,0.0,45000,0.0,25.0,3862279.35,1.007,0.761,0.0,188,0.155,Balanced,2024,3,1,0,1.6051,0.6051,0.3922,22.68,0.0002,0.002,0.01,0.1093,0.377,-10193.29,0.0,4018.91,0.0,Cluster 1 — High-Velocity Shortage Risk
REC-2024-04-WH-48,2024-04,WH-48,Facility East-6 — Jamshedpur Steel Hub,East,Jamshedpur,Urban Depot,19033.72,11444.32,179.61,4520.89,10928.91,10.1,4.26,535.0,0.602,7,0.0,45000,0.004,25.0,3984672.45,1.134,0.704,1.8,188,0.135,Understock / Shortage,2024,4,2,0,1.6632,0.6632,0.4218,20.93,0.004,0.04,0.28,0.1049,0.3987,-10749.3,0.0,4341.28,3.398,Cluster 1 — High-Velocity Shortage Risk
REC-2024-05-WH-48,2024-05,WH-48,Facility East-6 — Jamshedpur Steel Hub,East,Jamshedpur,Urban Depot,18391.59,10713.52,196.62,5271.54,12321.65,11.5,5.16,567.0,0.592,11,0.0,45000,0.004,25.0,5674793.91,1.152,0.71,4.8,188,0.061,Understock / Shortage,2024,5,2,0,1.7167,0.7167,0.4487,33.44,0.0044,0.037,0.32,0.1295,0.4175,-12125.03,0.0,5074.92,8.976,Cluster 1 — High-Velocity Shortage Risk
REC-2024-06-WH-48,2024-06,WH-48,Facility East-6 — Jamshedpur Steel Hub,East,Jamshedpur,Urban Depot,13723.44,7933.35,192.63,4237.06,8399.84,9.1,5.57,597.0,0.592,8,0.0,45000,0.004,25.0,1335390.92,0.971,0.702,1.8,188,0.077,Understock / Shortage,2024,6,2,0,1.7298,0.7298,0.6121,24.32,0.0043,0.045,0.42,0.0842,0.4219,-8207.21,0.0,4044.43,3.409,Cluster 1 — High-Velocity Shortage Risk
REC-2024-07-WH-48,2024-07,WH-48,Facility East-6 — Jamshedpur Steel Hub,East,Jamshedpur,Urban Depot,14917.96,10233.02,128.62,3589.3,7418.24,7.7,4.35,597.0,0.699,10,0.0,45000,0.003,25.0,3600675.4,0.896,0.76,1.1,188,0.079,Understock / Shortage,2024,7,3,0,1.4578,0.4578,0.5649,25.05,0.0029,0.036,0.26,0.1272,0.314,-7289.62,0.0,3460.68,1.892,Cluster 1 — High-Velocity Shortage Risk
REC-2024-08-WH-48,2024-08,WH-48,Facility East-6 — Jamshedpur Steel Hub,East,Jamshedpur,Urban Depot,17404.4,9596.59,191.43,5460.24,12828.1,12.7,5.65,525.0,0.559,7,0.0,45000,0.004,25.0,6881550.88,0.935,0.747,1.1,188,0.12,Understock / Shortage,2024,8,3,0,1.8136,0.8136,0.4449,22.435,0.0043,0.035,0.33,0.1507,0.4486,-12636.67,0.0,5268.81,1.935,Cluster 1 — High-Velocity Shortage Risk
REC-2024-09-WH-48,2024-09,WH-48,Facility East-6 — Jamshedpur Steel Hub,East,Jamshedpur,Urban Depot,17460.16,9910.58,221.26,5201.12,11544.98,10.9,5.39,550.0,0.579,5,0.0,45000,0.005,25.0,1459114.58,1.063,0.702,0.9,188,-0.045,Understock / Shortage,2024,9,3,0,1.7618,0.7618,0.4945,15.525,0.0049,0.043,0.38,0.0692,0.4324,-11323.72,0.0,4979.86,1.705,Cluster 1 — High-Velocity Shortage Risk
REC-2024-10-WH-48,2024-10,WH-48,Facility East-6 — Jamshedpur Steel Hub,East,Jamshedpur,Urban Depot,24703.21,15945.78,156.81,6709.48,15273.26,10.4,4.88,733.0,0.654,10,0.0,45000,0.003,25.0,10661639.56,1.358,0.73,5.65,188,0.152,Understock / Shortage,2024,10,4,1,1.5492,0.5492,0.4692,27.3,0.0035,0.023,0.19,0.1322,0.3545,-15116.45,0.0,6552.67,10.227,Cluster 1 — High-Velocity Shortage Risk
REC-2024-11-WH-48,2024-11,WH-48,Facility East-6 — Jamshedpur Steel Hub,East,Jamshedpur,Urban Depot,25635.43,13486.89,331.88,7122.04,15239.93,9.5,5.02,849.0,0.532,6,0.0,45000,0.007,25.0,10178539.29,1.375,0.66,0.0,188,0.088,Understock / Shortage,2024,11,4,1,1.9008,0.9008,0.5284,20.04,0.0074,0.047,0.39,0.1245,0.4739,-14908.05,0.0,6790.16,0.0,Cluster 1 — High-Velocity Shortage Risk
REC-2024-12-WH-48,2024-12,WH-48,Facility East-6 — Jamshedpur Steel Hub,East,Jamshedpur,Urban Depot,18969.74,12157.0,125.36,5445.56,10630.62,8.2,5.2,597.0,0.658,5,0.0,45000,0.003,25.0,5775662.46,1.157,0.722,0.4,188,0.092,Understock / Shortage,2024,12,4,1,1.5604,0.5604,0.6341,13.55,0.0028,0.023,0.2,0.1267,0.3591,-10505.26,0.0,5320.2,0.734,Cluster 1 — High-Velocity Shortage Risk
REC-2023-01-WH-49,2023-01,WH-49,Depot East-7 — Bhubaneswar Gateway,East,Bhubaneswar,Regional DC,28729.19,20023.66,15953.89,10109.94,20931.27,11.3,6.38,762.0,0.967,0,0.0,74000,0.216,21.61,4603550.99,0.926,0.806,1.4,581,0.03,Understock / Shortage,2023,1,1,0,1.4348,0.4348,0.5646,0.0,0.2156,1.578,16.66,0.0747,0.303,-4977.38,0.0,0.0,2.215,Cluster 1 — High-Velocity Shortage Risk
REC-2023-02-WH-49,2023-02,WH-49,Depot East-7 — Bhubaneswar Gateway,East,Bhubaneswar,Regional DC,33098.56,21851.13,4706.46,11300.34,27628.96,14.8,6.17,1345.0,0.968,1,0.0,74000,0.064,25.0,29523041.74,0.951,0.818,0.8,581,0.16,Understock / Shortage,2023,2,1,0,1.5147,0.5147,0.4169,1.16,0.0636,0.416,4.27,0.1642,0.3398,-22922.5,0.0,6593.88,1.237,Cluster 1 — High-Velocity Shortage Risk
REC-2023-03-WH-49,2023-03,WH-49,Depot East-7 — Bhubaneswar Gateway,East,Bhubaneswar,Regional DC,34463.19,22291.43,514.1,12042.28,28699.49,14.5,6.32,1481.0,0.783,8,0.0,74000,0.007,25.0,25365286.45,1.021,0.709,1.1,581,0.106,Understock / Shortage,2023,3,1,0,1.546,0.546,0.4359,16.68,0.0069,0.043,0.45,0.1461,0.3532,-28185.39,0.0,11528.18,2.06,Cluster 1 — High-Velocity Shortage Risk
REC-2023-04-WH-49,2023-04,WH-49,Depot East-7 — Bhubaneswar Gateway,East,Bhubaneswar,Regional DC,40215.2,23718.55,264.2,14554.43,30774.56,12.1,6.54,1291.0,0.603,11,0.0,74000,0.004,25.0,10298478.68,1.105,0.821,0.7,581,-0.001,Understock / Shortage,2023,4,2,0,1.6955,0.6955,0.5405,32.835,0.0036,0.018,0.2,0.0798,0.4102,-30510.36,0.0,14290.23,1.076,Cluster 1 — High-Velocity Shortage Risk
REC-2023-05-WH-49,2023-05,WH-49,Depot East-7 — Bhubaneswar Gateway,East,Bhubaneswar,Regional DC,38616.33,25459.39,479.5,15116.86,33009.09,13.9,7.1,1740.0,0.666,4,0.0,74000,0.006,25.0,9010821.32,1.164,0.807,1.1,581,0.038,Understock / Shortage,2023,5,2,0,1.5168,0.5168,0.5108,10.68,0.0065,0.032,0.37,0.0777,0.3407,-32529.59,0.0,14637.36,1.737,Cluster 1 — High-Velocity Shortage Risk
REC-2023-06-WH-49,2023-06,WH-49,Depot East-7 — Bhubaneswar Gateway,East,Bhubaneswar,Regional DC,29012.92,17223.17,75.4,9615.96,20640.87,11.4,6.0,845.0,0.61,7,0.0,74000,0.001,25.0,12534608.07,1.019,0.807,0.5,581,0.056,Understock / Shortage,2023,6,2,0,1.6845,0.6845,0.5263,20.65,0.001,0.008,0.08,0.122,0.4064,-20565.47,0.0,9540.56,0.789,Cluster 1 — High-Velocity Shortage Risk
REC-2023-07-WH-49,2023-07,WH-49,Depot East-7 — Bhubaneswar Gateway,East,Bhubaneswar,Regional DC,34035.47,20016.83,498.89,11178.57,28309.76,15.1,5.95,1018.0,0.59,11,0.0,74000,0.007,25.0,34809134.02,0.912,0.805,0.1,581,-0.0,Understock / Shortage,2023,7,3,0,1.7003,0.7003,0.394,33.55,0.0067,0.045,0.44,0.1733,0.4119,-27810.87,0.0,10679.68,0.158,Cluster 1 — High-Velocity Shortage Risk
REC-2023-08-WH-49,2023-08,WH-49,Depot East-7 — Bhubaneswar Gateway,East,Bhubaneswar,Regional DC,37049.8,27096.22,508.74,11767.29,26093.21,11.6,5.75,1203.0,0.745,11,0.0,74000,0.007,25.0,44814495.39,1.023,0.804,0.8,581,0.026,Understock / Shortage,2023,8,3,0,1.3673,0.3673,0.4957,25.025,0.0069,0.043,0.41,0.1807,0.2687,-25584.47,0.0,11258.55,1.27,Cluster 1 — High-Velocity Shortage Risk
REC-2023-09-WH-49,2023-09,WH-49,Depot East-7 — Bhubaneswar Gateway,East,Bhubaneswar,Regional DC,35774.69,22037.83,754.58,15744.93,32082.04,13.7,7.95,978.0,0.63,6,0.0,74000,0.01,25.0,14469771.43,1.037,0.784,0.6,581,0.014,Understock / Shortage,2023,9,3,0,1.6233,0.6233,0.5803,17.1,0.0102,0.048,0.63,0.1063,0.384,-31327.46,0.0,14990.35,0.989,Cluster 1 — High-Velocity Shortage Risk
REC-2023-10-WH-49,2023-10,WH-49,Depot East-7 — Bhubaneswar Gateway,East,Bhubaneswar,Regional DC,51509.03,33694.0,48.04,23062.5,46241.56,13.5,8.1,1838.0,0.669,6,0.0,74000,0.001,25.0,142223147.8025,1.391,0.799,2.8,581,0.036,Understock / Shortage,2023,10,4,1,1.5287,0.5287,0.6,15.93,0.0006,0.002,0.03,0.2315,0.3459,-46193.52,0.0,23014.46,4.488,Cluster 1 — High-Velocity Shortage Risk
REC-2023-11-WH-49,2023-11,WH-49,Depot East-7 — Bhubaneswar Gateway,East,Bhubaneswar,Regional DC,52184.31,28009.52,52.92,21857.63,42905.3,12.1,7.57,1970.0,0.538,11,0.0,74000,0.001,25.0,31865598.93,1.381,0.72,1.5,581,0.156,Understock / Shortage,2023,11,4,1,1.8631,0.8631,0.6256,36.41,0.0007,0.002,0.03,0.1082,0.4633,-42852.38,0.0,21804.71,2.76,Cluster 1 — High-Velocity Shortage Risk
REC-2023-12-WH-49,2023-12,WH-49,Depot East-7 — Bhubaneswar Gateway,East,Bhubaneswar,Regional DC,42424.57,29809.01,377.27,13685.16,30089.33,11.6,5.84,1352.0,0.704,4,0.0,74000,0.005,25.0,28399257.9,1.164,0.815,1.0,581,-0.037,Understock / Shortage,2023,12,4,1,1.4232,0.4232,0.5034,9.92,0.0051,0.028,0.27,0.1256,0.2974,-29712.06,0.0,13307.89,1.555,Cluster 1 — High-Velocity Shortage Risk
REC-2024-01-WH-49,2024-01,WH-49,Depot East-7 — Bhubaneswar Gateway,East,Bhubaneswar,Regional DC,29958.43,18714.52,518.64,12378.52,22963.83,10.6,7.49,987.0,0.637,10,0.0,74000,0.007,25.0,14623929.02,0.897,0.721,3.0,581,-0.016,Understock / Shortage,2024,1,1,0,1.6008,0.6008,0.7066,28.15,0.007,0.042,0.52,0.1276,0.3753,-22445.19,0.0,11859.88,5.511,Cluster 1 — High-Velocity Shortage Risk
REC-2024-02-WH-49,2024-02,WH-49,Depot East-7 — Bhubaneswar Gateway,East,Bhubaneswar,Regional DC,31596.32,19803.75,427.99,11868.26,25349.36,12.8,6.78,1019.0,0.643,9,0.0,74000,0.006,25.0,13785472.69,0.87,0.838,0.9,581,0.049,Understock / Shortage,2024,2,1,0,1.5955,0.5955,0.5297,25.065,0.0058,0.036,0.41,0.1175,0.3732,-24921.37,0.0,11440.27,1.337,Cluster 1 — High-Velocity Shortage Risk
REC-2024-03-WH-49,2024-03,WH-49,Depot East-7 — Bhubaneswar Gateway,East,Bhubaneswar,Regional DC,38038.87,24500.79,421.79,14997.59,32368.67,13.7,7.13,1441.0,0.655,11,0.0,74000,0.006,25.0,19181629.62,1.059,0.777,4.0,581,0.02,Understock / Shortage,2024,3,1,0,1.5526,0.5526,0.5204,29.975,0.0057,0.028,0.33,0.1151,0.3559,-31946.88,0.0,14575.8,6.676,Cluster 1 — High-Velocity Shortage Risk
REC-2024-04-WH-49,2024-04,WH-49,Depot East-7 — Bhubaneswar Gateway,East,Bhubaneswar,Regional DC,43685.66,31860.79,761.05,16588.56,33334.73,11.5,6.87,1283.0,0.739,4,0.0,74000,0.01,25.0,54446717.65,1.136,0.778,2.2,581,0.146,Understock / Shortage,2024,4,2,0,1.3711,0.3711,0.5974,9.22,0.0103,0.046,0.52,0.1689,0.2707,-32573.68,0.0,15827.51,3.665,Cluster 1 — High-Velocity Shortage Risk
REC-2024-05-WH-49,2024-05,WH-49,Depot East-7 — Bhubaneswar Gateway,East,Bhubaneswar,Regional DC,37427.65,22748.29,799.3,16805.09,31277.11,11.6,8.15,1032.0,0.628,8,0.0,74000,0.011,25.0,22282626.32,1.102,0.749,2.7,581,0.056,Understock / Shortage,2024,5,2,0,1.6453,0.6453,0.7026,22.88,0.0108,0.048,0.64,0.1261,0.3922,-30477.81,0.0,16005.79,4.733,Cluster 1 — High-Velocity Shortage Risk
REC-2024-06-WH-49,2024-06,WH-49,Depot East-7 — Bhubaneswar Gateway,East,Bhubaneswar,Regional DC,31111.05,18277.24,355.91,9806.43,23910.11,13.6,5.68,844.0,0.613,5,0.0,74000,0.005,25.0,27738954.69,0.941,0.781,1.3,581,0.157,Understock / Shortage,2024,6,2,0,1.7022,0.7022,0.4176,14.675,0.0048,0.036,0.34,0.1693,0.4125,-23554.2,0.0,9450.52,2.154,Cluster 1 — High-Velocity Shortage Risk
REC-2024-07-WH-49,2024-07,WH-49,Depot East-7 — Bhubaneswar Gateway,East,Bhubaneswar,Regional DC,29074.26,21182.41,218.18,9310.6,20649.56,11.7,5.76,837.0,0.741,5,0.0,74000,0.003,25.0,5573843.68,0.893,0.815,1.2,581,0.128,Understock / Shortage,2024,7,3,0,1.3726,0.3726,0.4923,11.475,0.0029,0.023,0.23,0.0812,0.2714,-20431.38,0.0,9092.42,1.866,Cluster 1 — High-Velocity Shortage Risk
REC-2024-08-WH-49,2024-08,WH-49,Depot East-7 — Bhubaneswar Gateway,East,Bhubaneswar,Regional DC,30549.09,16353.62,143.33,13774.65,26707.1,12.7,8.15,879.0,0.542,6,0.0,74000,0.002,25.0,32040352.62,0.95,0.709,1.1,581,0.089,Understock / Shortage,2024,8,3,0,1.868,0.868,0.6417,19.74,0.0019,0.01,0.14,0.1853,0.4647,-26563.77,0.0,13631.32,2.06,Cluster 1 — High-Velocity Shortage Risk
REC-2024-09-WH-49,2024-09,WH-49,Depot East-7 — Bhubaneswar Gateway,East,Bhubaneswar,Regional DC,33736.14,21756.01,398.48,10544.94,26963.19,14.6,5.66,1299.0,0.649,10,0.0,74000,0.005,25.0,20677970.13,1.118,0.754,0.7,581,0.031,Understock / Shortage,2024,9,3,0,1.5507,0.5507,0.3877,27.55,0.0054,0.038,0.35,0.1348,0.3551,-26564.71,0.0,10146.46,1.217,Cluster 1 — High-Velocity Shortage Risk
REC-2024-10-WH-49,2024-10,WH-49,Depot East-7 — Bhubaneswar Gateway,East,Bhubaneswar,Regional DC,43707.05,28772.32,618.19,15368.19,31831.18,11.3,6.35,1359.0,0.667,5,0.0,74000,0.008,25.0,33313104.12,1.304,0.731,1.5,581,0.119,Understock / Shortage,2024,10,4,1,1.5191,0.5191,0.5619,13.325,0.0084,0.04,0.42,0.1321,0.3417,-31212.99,0.0,14750.0,2.71,Cluster 1 — High-Velocity Shortage Risk
REC-2024-11-WH-49,2024-11,WH-49,Depot East-7 — Bhubaneswar Gateway,East,Bhubaneswar,Regional DC,42558.26,32436.09,607.83,18066.02,34947.46,11.9,7.7,1253.0,0.777,11,0.0,74000,0.008,25.0,15427436.86,1.402,0.826,5.65,581,-0.02,Understock / Shortage,2024,11,4,1,1.3121,0.3121,0.6471,23.265,0.0082,0.034,0.43,0.0923,0.2378,-34339.63,0.0,17458.19,8.599,Cluster 1 — High-Velocity Shortage Risk
REC-2024-12-WH-49,2024-12,WH-49,Depot East-7 — Bhubaneswar Gateway,East,Bhubaneswar,Regional DC,43061.63,24771.34,211.75,18901.81,35982.92,11.9,7.95,1429.0,0.589,8,0.0,74000,0.003,25.0,59153545.11,1.148,0.742,5.65,581,0.121,Understock / Shortage,2024,12,4,1,1.7384,0.7384,0.6681,24.44,0.0029,0.011,0.15,0.1786,0.4247,-35771.17,0.0,18690.06,10.023,Cluster 1 — High-Velocity Shortage Risk
REC-2023-01-WH-50,2023-01,WH-50,Depot East-8 — Cuttack Logistics Depot,East,Cuttack,Urban Depot,12790.62,12710.54,17910.93,2464.15,5874.98,8.0,3.46,501.0,0.993,0,8339.72,38000,0.471,8.57,3615038.7,0.955,0.903,0.3,199,0.117,Overstock,2023,1,1,0,1.0063,0.0063,0.4325,0.0,0.4713,7.269,42.01,0.1486,0.0063,12035.95,0.2195,0.0,0.387,Cluster 0 — Balanced Operational Flow
REC-2023-02-WH-50,2023-02,WH-50,Depot East-8 — Cuttack Logistics Depot,East,Cuttack,Urban Depot,11879.7,11126.08,17157.31,1796.42,5399.93,9.1,2.71,514.0,0.975,0,9062.75,38000,0.452,8.31,5357665.15,0.89,0.885,0.1,199,0.071,Overstock,2023,2,1,0,1.0677,0.0677,0.2978,0.0,0.4515,9.551,43.33,0.1948,0.0634,11757.38,0.2385,0.0,0.134,Cluster 0 — Balanced Operational Flow
REC-2023-03-WH-50,2023-03,WH-50,Depot East-8 — Cuttack Logistics Depot,East,Cuttack,Urban Depot,11080.29,11627.27,17704.29,2100.13,5091.81,8.1,3.41,313.0,0.968,0,9462.28,38000,0.466,7.51,1175386.3,1.016,0.88,1.7,199,0.017,Overstock,2023,3,1,0,0.953,-0.047,0.421,0.0,0.4659,8.43,47.93,0.0978,-0.0494,12612.48,0.249,0.0,2.312,Cluster 0 — Balanced Operational Flow
REC-2023-04-WH-50,2023-04,WH-50,Depot East-8 — Cuttack Logistics Depot,East,Cuttack,Urban Depot,16426.63,15974.05,17251.71,2389.0,7371.74,9.1,2.58,558.0,0.961,0,6296.47,38000,0.454,11.43,7120034.8,1.089,0.905,0.1,199,0.066,Overstock,2023,4,2,0,1.0283,0.0283,0.2835,0.0,0.454,7.221,31.51,0.1624,0.0276,9879.97,0.1657,0.0,0.128,Cluster 0 — Balanced Operational Flow
REC-2023-05-WH-50,2023-05,WH-50,Depot East-8 — Cuttack Logistics Depot,East,Cuttack,Urban Depot,19372.24,18399.13,16278.6,2791.27,7311.46,7.0,2.56,541.0,0.951,0,4780.24,38000,0.428,14.28,11453494.01,1.191,0.868,4.4,199,0.069,Overstock,2023,5,2,0,1.0529,0.0529,0.3657,0.0,0.4284,5.832,25.21,0.1747,0.0502,8967.14,0.1258,0.0,6.142,Cluster 0 — Balanced Operational Flow
REC-2023-06-WH-50,2023-06,WH-50,Depot East-8 — Cuttack Logistics Depot,East,Cuttack,Urban Depot,15644.56,16028.72,16662.76,3150.91,7374.94,8.1,3.63,420.0,0.97,0,4561.45,38000,0.438,11.27,2014508.09,1.065,0.779,0.7,199,0.033,Overstock,2023,6,2,0,0.976,-0.024,0.4481,0.0,0.4385,5.288,31.95,0.0907,-0.0246,9287.82,0.12,0.0,1.164,Cluster 0 — Balanced Operational Flow
REC-2023-07-WH-50,2023-07,WH-50,Depot East-8 — Cuttack Logistics Depot,East,Cuttack,Urban Depot,13728.77,14668.12,17602.11,2640.24,6484.3,8.4,3.46,377.0,0.977,0,7157.45,38000,0.463,9.36,6962948.57,0.976,0.802,0.7,199,0.005,Overstock,2023,7,3,0,0.936,-0.064,0.4119,0.0,0.4632,6.667,38.46,0.1922,-0.0684,11117.81,0.1884,0.0,1.116,Cluster 0 — Balanced Operational Flow
REC-2023-08-WH-50,2023-08,WH-50,Depot East-8 — Cuttack Logistics Depot,East,Cuttack,Urban Depot,12383.32,12134.29,17353.08,2201.9,5462.84,7.9,3.2,330.0,0.968,0,8587.39,38000,0.457,8.56,4029163.09,0.927,0.811,0.8,199,0.004,Overstock,2023,8,3,0,1.0205,0.0205,0.4051,0.0,0.4567,7.881,42.04,0.1621,0.0201,11890.24,0.226,0.0,1.254,Cluster 0 — Balanced Operational Flow
REC-2023-09-WH-50,2023-09,WH-50,Depot East-8 — Cuttack Logistics Depot,East,Cuttack,Urban Depot,15645.55,14764.38,16471.91,2624.96,6484.2,7.4,2.99,438.0,0.975,0,6050.27,38000,0.433,11.4,4072076.41,1.101,0.915,1.7,199,0.091,Overstock,2023,9,3,0,1.0597,0.0597,0.4041,0.0,0.4335,6.275,31.58,0.129,0.0563,9987.71,0.1592,0.0,2.133,Cluster 0 — Balanced Operational Flow
REC-2023-10-WH-50,2023-10,WH-50,Depot East-8 — Cuttack Logistics Depot,East,Cuttack,Urban Depot,20321.38,20088.56,16239.09,3497.25,11016.16,11.1,3.03,667.0,0.954,0,0.0,38000,0.427,15.02,11722234.28,1.36,0.83,0.2,199,-0.095,Overstock,2023,10,4,1,1.0116,0.0116,0.273,0.0,0.4273,4.643,23.97,0.1685,0.0115,5222.93,0.0,0.0,0.302,Cluster 0 — Balanced Operational Flow
REC-2023-11-WH-50,2023-11,WH-50,Depot East-8 — Cuttack Logistics Depot,East,Cuttack,Urban Depot,21188.27,21552.8,16603.62,3020.02,8599.6,7.9,2.55,840.0,0.984,0,3473.99,38000,0.437,15.31,14833658.44,1.397,0.843,0.0,199,-0.031,Overstock,2023,11,4,1,0.9831,-0.0169,0.3228,0.0,0.4369,5.498,23.51,0.1818,-0.0172,8004.02,0.0914,0.0,0.0,Cluster 0 — Balanced Operational Flow
REC-2023-12-WH-50,2023-12,WH-50,Depot East-8 — Cuttack Logistics Depot,East,Cuttack,Urban Depot,16318.59,15278.58,15563.61,2511.56,7570.32,9.3,2.75,496.0,0.978,0,4225.95,38000,0.41,12.58,6938151.06,1.14,0.818,1.0,199,0.065,Overstock,2023,12,4,1,1.0681,0.0681,0.2957,0.0,0.4096,6.197,28.61,0.1614,0.0637,7993.29,0.1112,0.0,1.546,Cluster 0 — Balanced Operational Flow
REC-2024-01-WH-50,2024-01,WH-50,Depot East-8 — Cuttack Logistics Depot,East,Cuttack,Urban Depot,12741.76,13554.7,16376.55,2522.78,5878.11,7.9,3.58,536.0,0.993,0,6714.27,38000,0.431,9.34,2636841.2,0.906,0.79,2.0,199,0.104,Overstock,2024,1,1,0,0.94,-0.06,0.4532,0.0,0.431,6.491,38.56,0.1274,-0.0638,10498.44,0.1767,0.0,3.26,Cluster 0 — Balanced Operational Flow
REC-2024-02-WH-50,2024-02,WH-50,Depot East-8 — Cuttack Logistics Depot,East,Cuttack,Urban Depot,11956.06,12406.17,16826.66,1890.18,5477.0,9.0,2.83,368.0,0.979,0,8514.39,38000,0.443,8.53,718424.71,0.916,0.771,0.7,199,0.032,Overstock,2024,2,1,0,0.9637,-0.0363,0.3144,0.0,0.4428,8.902,42.22,0.0709,-0.0376,11349.66,0.2241,0.0,1.181,Cluster 0 — Balanced Operational Flow
REC-2024-03-WH-50,2024-03,WH-50,Depot East-8 — Cuttack Logistics Depot,East,Cuttack,Urban Depot,15751.65,14868.77,15943.78,2989.2,7557.18,8.7,3.41,595.0,0.99,0,3902.8,38000,0.42,11.86,4623411.96,1.002,0.895,1.8,199,0.077,Overstock,2024,3,1,0,1.0594,0.0594,0.392,0.0,0.4196,5.334,30.37,0.1365,0.0561,8386.6,0.1027,0.0,2.367,Cluster 0 — Balanced Operational Flow
REC-2024-04-WH-50,2024-04,WH-50,Depot East-8 — Cuttack Logistics Depot,East,Cuttack,Urban Depot,15039.78,14140.46,15044.46,2379.55,6640.82,8.5,2.85,446.0,0.972,0,4834.31,38000,0.396,12.0,5787288.5,1.133,0.853,0.7,199,0.047,Overstock,2024,4,2,0,1.0636,0.0636,0.3353,0.0,0.3959,6.322,30.01,0.16,0.0598,8403.64,0.1272,0.0,1.009,Cluster 0 — Balanced Operational Flow
REC-2024-05-WH-50,2024-05,WH-50,Depot East-8 — Cuttack Logistics Depot,East,Cuttack,Urban Depot,16478.12,17303.08,15869.42,2895.19,8223.12,9.7,3.1,733.0,0.993,0,3303.51,38000,0.418,12.46,12928061.58,1.194,0.906,0.7,199,0.081,Overstock,2024,5,2,0,0.9523,-0.0477,0.3196,0.0,0.4176,5.481,28.89,0.2182,-0.0501,7646.3,0.0869,0.0,0.897,Cluster 0 — Balanced Operational Flow
REC-2024-06-WH-50,2024-06,WH-50,Depot East-8 — Cuttack Logistics Depot,East,Cuttack,Urban Depot,15368.32,14548.33,15049.43,3113.54,8185.09,9.9,3.66,650.0,0.966,0,2194.03,38000,0.396,12.25,8363852.3,0.993,0.869,1.1,199,0.163,Overstock,2024,6,2,0,1.0564,0.0564,0.3697,0.0,0.396,4.834,29.38,0.1882,0.0534,6864.34,0.0577,0.0,1.532,Cluster 0 — Balanced Operational Flow
REC-2024-07-WH-50,2024-07,WH-50,Depot East-8 — Cuttack Logistics Depot,East,Cuttack,Urban Depot,13865.11,13103.46,14287.78,1978.57,6461.62,9.7,2.55,509.0,0.964,0,4858.3,38000,0.376,11.65,3428590.9,0.964,0.852,1.2,199,0.087,Overstock,2024,7,3,0,1.0581,0.0581,0.2629,0.0,0.376,7.221,30.91,0.1335,0.0549,7826.16,0.1278,0.0,1.733,Cluster 0 — Balanced Operational Flow
REC-2024-08-WH-50,2024-08,WH-50,Depot East-8 — Cuttack Logistics Depot,East,Cuttack,Urban Depot,13387.17,12409.08,13309.69,2412.54,6607.19,9.4,3.21,439.0,0.989,0,3083.69,38000,0.35,12.07,4782289.14,0.96,0.93,1.8,199,0.048,Overstock,2024,8,3,0,1.0788,0.0788,0.3415,0.0,0.3503,5.517,29.83,0.1634,0.0731,6702.5,0.0811,0.0,2.178,Cluster 0 — Balanced Operational Flow
REC-2024-09-WH-50,2024-09,WH-50,Depot East-8 — Cuttack Logistics Depot,East,Cuttack,Urban Depot,15370.86,15544.92,13483.75,2598.99,7312.72,9.2,2.98,583.0,0.957,0,2272.54,38000,0.355,13.68,7353332.35,1.068,0.831,0.4,199,0.037,Overstock,2024,9,3,0,0.9888,-0.0112,0.3239,0.0,0.3548,5.188,26.32,0.1764,-0.0113,6171.03,0.0598,0.0,0.603,Cluster 0 — Balanced Operational Flow
REC-2024-10-WH-50,2024-10,WH-50,Depot East-8 — Cuttack Logistics Depot,East,Cuttack,Urban Depot,20463.85,19969.15,12989.05,3008.06,9965.77,10.2,2.64,661.0,0.979,0,0.0,38000,0.342,18.91,4928820.01,1.351,0.868,2.4,199,0.042,Overstock,2024,10,4,1,1.0248,0.0248,0.2588,0.0,0.3418,4.318,19.04,0.1085,0.0242,3023.28,0.0,0.0,3.35,Cluster 0 — Balanced Operational Flow
REC-2024-11-WH-50,2024-11,WH-50,Depot East-8 — Cuttack Logistics Depot,East,Cuttack,Urban Depot,23581.96,22466.63,11873.72,3801.32,10640.09,8.7,2.89,926.0,0.993,0,0.0,38000,0.312,23.83,9868228.1,1.33,0.846,0.1,199,0.151,Overstock,2024,11,4,1,1.0496,0.0496,0.3322,0.0,0.3125,3.124,15.11,0.1332,0.0473,1233.63,0.0,0.0,0.146,Cluster 0 — Balanced Operational Flow
REC-2024-12-WH-50,2024-12,WH-50,Depot East-8 — Cuttack Logistics Depot,East,Cuttack,Urban Depot,15524.41,15927.89,12277.2,3025.21,7320.3,8.3,3.51,563.0,0.966,0,419.08,38000,0.323,15.17,3775235.54,1.131,0.876,1.0,199,0.071,Overstock,2024,12,4,1,0.9747,-0.0253,0.4229,0.0,0.3231,4.058,23.72,0.1252,-0.026,4956.9,0.011,0.0,1.372,Cluster 0 — Balanced Operational Flow
REC-2023-01-WH-51,2023-01,WH-51,Facility East-9 — Guwahati Northeast Hub,East,Guwahati,Regional DC,31854.7,17186.4,13498.34,14642.52,30463.69,14.9,8.31,934.0,0.957,0,0.0,85000,0.159,25.0,34900721.44,0.86,0.679,5.65,642,0.065,Understock / Shortage,2023,1,1,0,1.8535,0.8535,0.5577,0.0,0.1588,0.922,12.71,0.1855,0.4605,-16965.35,0.0,1144.18,11.091,Cluster 1 — High-Velocity Shortage Risk
REC-2023-02-WH-51,2023-02,WH-51,Facility East-9 — Guwahati Northeast Hub,East,Guwahati,Regional DC,28851.95,14772.07,545.14,14373.21,30722.65,17.0,9.03,1142.0,0.98,9,0.0,85000,0.006,25.0,23895186.91,0.907,0.715,0.6,642,-0.004,Understock / Shortage,2023,2,1,0,1.9531,0.9531,0.5312,9.9,0.0064,0.038,0.57,0.1694,0.488,-30177.51,0.0,13828.07,1.113,Cluster 1 — High-Velocity Shortage Risk
REC-2023-03-WH-51,2023-03,WH-51,Facility East-9 — Guwahati Northeast Hub,East,Guwahati,Regional DC,36288.9,20146.61,660.73,13481.64,31868.02,15.2,6.69,1513.0,0.57,5,0.0,85000,0.008,25.0,6635939.91,1.015,0.648,1.8,642,0.011,Understock / Shortage,2023,3,1,0,1.8012,0.8012,0.4401,15.75,0.0078,0.049,0.55,0.071,0.4448,-31207.29,0.0,12820.91,3.701,Cluster 1 — High-Velocity Shortage Risk
REC-2023-04-WH-51,2023-04,WH-51,Facility East-9 — Guwahati Northeast Hub,East,Guwahati,Regional DC,38992.32,24517.2,448.76,14733.79,34489.9,15.2,6.84,1078.0,0.646,6,0.0,85000,0.005,25.0,48887865.95,1.123,0.76,4.0,642,0.071,Understock / Shortage,2023,4,2,0,1.5904,0.5904,0.45,16.62,0.0053,0.03,0.35,0.1793,0.3712,-34041.14,0.0,14285.03,6.88,Cluster 1 — High-Velocity Shortage Risk
REC-2023-05-WH-51,2023-05,WH-51,Facility East-9 — Guwahati Northeast Hub,East,Guwahati,Regional DC,37841.8,24476.55,446.07,15042.96,35351.39,16.1,7.2,1064.0,0.659,9,0.0,85000,0.005,25.0,10496300.88,1.127,0.691,1.6,642,-0.007,Understock / Shortage,2023,5,2,0,1.546,0.546,0.4472,24.345,0.0052,0.03,0.35,0.0856,0.3532,-34905.32,0.0,14596.89,3.083,Cluster 1 — High-Velocity Shortage Risk
REC-2023-06-WH-51,2023-06,WH-51,Facility East-9 — Guwahati Northeast Hub,East,Guwahati,Regional DC,30542.39,23054.53,182.06,15548.34,31532.19,15.7,9.23,862.0,0.769,11,0.0,85000,0.002,25.0,8023896.63,0.963,0.822,2.9,642,0.074,Understock / Shortage,2023,6,2,0,1.3248,0.3248,0.5879,23.705,0.0021,0.012,0.18,0.0927,0.2452,-31350.13,0.0,15366.28,4.449,Cluster 1 — High-Velocity Shortage Risk
REC-2023-07-WH-51,2023-07,WH-51,Facility East-9 — Guwahati Northeast Hub,East,Guwahati,Regional DC,31036.82,19405.2,46.18,14993.96,30512.37,15.0,8.74,851.0,0.631,10,0.0,85000,0.001,25.0,13526766.23,0.903,0.718,3.8,642,0.044,Understock / Shortage,2023,7,3,0,1.5994,0.5994,0.5827,28.45,0.0005,0.003,0.04,0.1185,0.3748,-30466.19,0.0,14947.78,7.015,Cluster 1 — High-Velocity Shortage Risk
REC-2023-08-WH-51,2023-08,WH-51,Facility East-9 — Guwahati Northeast Hub,East,Guwahati,Regional DC,28891.84,16870.22,234.56,13557.6,28966.58,16.0,8.48,1035.0,0.586,7,0.0,85000,0.003,25.0,17618091.39,0.929,0.73,5.65,642,0.009,Understock / Shortage,2023,8,3,0,1.7126,0.7126,0.53,21.49,0.0028,0.017,0.24,0.1453,0.4161,-28732.02,0.0,13323.04,10.227,Cluster 1 — High-Velocity Shortage Risk
REC-2023-09-WH-51,2023-09,WH-51,Facility East-9 — Guwahati Northeast Hub,East,Guwahati,Regional DC,36143.57,22104.98,498.42,13978.25,31688.6,14.7,6.99,1259.0,0.618,6,0.0,85000,0.006,25.0,5220603.62,1.096,0.755,2.5,642,0.002,Understock / Shortage,2023,9,3,0,1.6351,0.6351,0.4755,17.46,0.0059,0.036,0.41,0.0632,0.3884,-31190.18,0.0,13479.83,4.337,Cluster 1 — High-Velocity Shortage Risk
REC-2023-10-WH-51,2023-10,WH-51,Facility East-9 — Guwahati Northeast Hub,East,Guwahati,Regional DC,45038.34,24349.66,429.05,16748.94,40769.39,16.0,6.71,1279.0,0.552,6,0.0,85000,0.005,25.0,73069786.54,1.297,0.716,2.2,642,0.119,Understock / Shortage,2023,10,4,1,1.8496,0.8496,0.4194,19.44,0.005,0.026,0.29,0.1898,0.4594,-40340.34,0.0,16319.89,4.074,Cluster 1 — High-Velocity Shortage Risk
REC-2023-11-WH-51,2023-11,WH-51,Facility East-9 — Guwahati Northeast Hub,East,Guwahati,Regional DC,53142.65,31028.03,1232.32,25163.22,50140.27,14.1,8.59,1614.0,0.592,4,0.0,85000,0.014,25.0,104494833.38,1.37,0.71,3.4,642,0.072,Balanced,2023,11,4,1,1.7127,0.7127,0.6092,12.16,0.0145,0.049,0.7,0.1924,0.4161,-48907.95,0.0,23930.9,6.358,Cluster 1 — High-Velocity Shortage Risk
REC-2023-12-WH-51,2023-12,WH-51,Facility East-9 — Guwahati Northeast Hub,East,Guwahati,Regional DC,38908.61,21378.41,322.95,14024.85,31663.42,13.6,6.49,1757.0,0.581,8,0.0,85000,0.004,25.0,28786748.63,1.111,0.7,1.1,642,-0.014,Understock / Shortage,2023,12,4,1,1.82,0.82,0.4772,24.76,0.0038,0.023,0.25,0.1379,0.4505,-31340.47,0.0,13701.9,2.09,Cluster 1 — High-Velocity Shortage Risk
REC-2024-01-WH-51,2024-01,WH-51,Facility East-9 — Guwahati Northeast Hub,East,Guwahati,Regional DC,27198.51,15658.7,224.98,10826.98,22522.34,12.9,7.19,1147.0,0.588,11,0.0,85000,0.003,25.0,4991692.9,0.895,0.695,5.6,642,0.06,Understock / Shortage,2024,1,1,0,1.737,0.737,0.5574,33.66,0.0026,0.021,0.25,0.0821,0.4243,-22297.36,0.0,10602.0,10.724,Cluster 1 — High-Velocity Shortage Risk
REC-2024-02-WH-51,2024-02,WH-51,Facility East-9 — Guwahati Northeast Hub,East,Guwahati,Regional DC,37963.38,23426.73,259.44,14647.05,32869.47,14.4,6.96,1221.0,0.623,10,0.0,85000,0.003,25.0,14661723.59,0.901,0.753,1.1,642,0.096,Understock / Shortage,2024,2,1,0,1.6205,0.6205,0.4833,28.85,0.0031,0.018,0.21,0.1009,0.3829,-32610.03,0.0,14387.61,1.915,Cluster 1 — High-Velocity Shortage Risk
REC-2024-03-WH-51,2024-03,WH-51,Facility East-9 — Guwahati Northeast Hub,East,Guwahati,Regional DC,37897.38,26518.27,537.97,13972.64,33173.98,15.2,6.66,1381.0,0.707,7,0.0,85000,0.006,25.0,31089811.42,1.053,0.76,0.8,642,0.115,Understock / Shortage,2024,3,1,0,1.4291,0.4291,0.4382,17.255,0.0063,0.039,0.43,0.1471,0.3003,-32636.01,0.0,13434.67,1.376,Cluster 1 — High-Velocity Shortage Risk
REC-2024-04-WH-51,2024-04,WH-51,Facility East-9 — Guwahati Northeast Hub,East,Guwahati,Regional DC,40858.9,21028.89,243.42,19210.24,36643.37,12.8,8.53,1738.0,0.528,9,0.0,85000,0.003,25.0,64772061.69,1.121,0.712,5.65,642,0.079,Understock / Shortage,2024,4,2,0,1.943,0.943,0.6664,30.24,0.0029,0.013,0.18,0.197,0.4853,-36399.95,0.0,18966.82,10.532,Cluster 1 — High-Velocity Shortage Risk
REC-2024-05-WH-51,2024-05,WH-51,Facility East-9 — Guwahati Northeast Hub,East,Guwahati,Regional DC,40477.17,20053.14,150.33,19880.07,40658.35,15.4,8.88,1519.0,0.501,9,0.0,85000,0.002,25.0,43168863.39,1.179,0.698,0.2,642,0.086,Understock / Shortage,2024,5,2,0,2.0185,1.0185,0.5766,31.455,0.0018,0.008,0.11,0.1623,0.5046,-40508.02,0.0,19729.74,0.381,Cluster 1 — High-Velocity Shortage Risk
REC-2024-06-WH-51,2024-06,WH-51,Facility East-9 — Guwahati Northeast Hub,East,Guwahati,Regional DC,32583.7,22309.19,197.3,14472.29,31307.2,15.5,8.06,978.0,0.689,8,0.0,85000,0.002,25.0,12269939.31,0.986,0.782,4.3,642,0.104,Understock / Shortage,2024,6,2,0,1.4606,0.4606,0.52,20.44,0.0023,0.014,0.18,0.1075,0.3153,-31109.9,0.0,14274.99,7.112,Cluster 1 — High-Velocity Shortage Risk
REC-2024-07-WH-51,2024-07,WH-51,Facility East-9 — Guwahati Northeast Hub,East,Guwahati,Regional DC,34857.99,20490.22,445.81,15773.04,32621.07,14.5,8.21,1401.0,0.593,6,0.0,85000,0.005,25.0,32463517.01,0.897,0.75,0.2,642,0.067,Understock / Shortage,2024,7,3,0,1.7012,0.7012,0.5662,18.21,0.0052,0.028,0.38,0.1635,0.4122,-32175.26,0.0,15327.23,0.35,Cluster 1 — High-Velocity Shortage Risk
REC-2024-08-WH-51,2024-08,WH-51,Facility East-9 — Guwahati Northeast Hub,East,Guwahati,Regional DC,36250.93,20527.35,736.81,16471.17,33267.43,13.9,8.24,1333.0,0.579,6,0.0,85000,0.009,25.0,16535744.42,0.919,0.783,4.2,642,0.185,Understock / Shortage,2024,8,3,0,1.766,0.766,0.5928,18.63,0.0087,0.045,0.61,0.1122,0.4337,-32530.62,0.0,15734.36,6.934,Cluster 1 — High-Velocity Shortage Risk
REC-2024-09-WH-51,2024-09,WH-51,Facility East-9 — Guwahati Northeast Hub,East,Guwahati,Regional DC,38238.59,18688.99,177.87,14070.07,29492.97,12.1,6.66,1167.0,0.508,5,0.0,85000,0.002,25.0,19320777.39,1.034,0.688,5.65,642,0.095,Understock / Shortage,2024,9,3,0,2.046,1.046,0.5504,17.3,0.0021,0.013,0.14,0.115,0.5113,-29315.1,0.0,13892.2,10.938,Cluster 1 — High-Velocity Shortage Risk
REC-2024-10-WH-51,2024-10,WH-51,Facility East-9 — Guwahati Northeast Hub,East,Guwahati,Regional DC,53929.62,32113.16,859.62,21204.1,48708.21,15.3,7.11,1595.0,0.599,10,0.0,85000,0.01,25.0,57565269.5,1.378,0.808,0.9,642,0.071,Understock / Shortage,2024,10,4,1,1.6794,0.6794,0.4647,30.05,0.0101,0.041,0.48,0.1407,0.4045,-47848.59,0.0,20344.48,1.418,Cluster 1 — High-Velocity Shortage Risk
REC-2024-11-WH-51,2024-11,WH-51,Facility East-9 — Guwahati Northeast Hub,East,Guwahati,Regional DC,51083.14,28409.56,93.76,18268.22,44661.18,15.5,6.47,1552.0,0.573,9,0.0,85000,0.001,25.0,22615792.7,1.321,0.752,3.8,642,0.028,Understock / Shortage,2024,11,4,1,1.7981,0.7981,0.4174,28.215,0.0011,0.005,0.06,0.0931,0.4439,-44567.42,0.0,18174.46,6.627,Cluster 1 — High-Velocity Shortage Risk
REC-2024-12-WH-51,2024-12,WH-51,Facility East-9 — Guwahati Northeast Hub,East,Guwahati,Regional DC,44155.74,23087.17,690.17,16276.14,39237.12,15.6,6.63,1763.0,0.525,6,0.0,85000,0.008,25.0,41349003.79,1.142,0.679,2.4,642,0.145,Understock / Shortage,2024,12,4,1,1.9126,0.9126,0.425,20.25,0.0081,0.042,0.47,0.1456,0.4771,-38546.95,0.0,15585.97,4.711,Cluster 1 — High-Velocity Shortage Risk
REC-2023-01-WH-52,2023-01,WH-52,Depot East-10 — Durgapur Industrial Hub,East,Durgapur,Urban Depot,16494.35,16222.15,22429.51,3067.27,7135.88,7.4,3.35,638.0,0.955,0,10692.72,42000,0.534,8.82,3689417.02,0.954,0.958,5.65,335,0.075,Overstock,2023,1,1,0,1.0168,0.0168,0.4527,0.0,0.534,7.313,40.79,0.1165,0.0165,15293.63,0.2546,0.0,6.362,Cluster 0 — Balanced Operational Flow
REC-2023-02-WH-52,2023-02,WH-52,Depot East-10 — Durgapur Industrial Hub,East,Durgapur,Urban Depot,14034.39,14750.94,23146.06,2872.63,7503.98,9.9,3.68,587.0,0.983,0,11333.14,42000,0.551,7.28,2067024.76,0.912,0.967,1.9,335,0.061,Overstock,2023,2,1,0,0.9514,-0.0486,0.3717,0.0,0.5511,8.057,49.48,0.1024,-0.0511,15642.08,0.2698,0.0,2.088,Cluster 0 — Balanced Operational Flow
REC-2023-03-WH-52,2023-03,WH-52,Depot East-10 — Durgapur Industrial Hub,East,Durgapur,Urban Depot,18243.59,18360.82,23263.29,3200.14,7152.92,6.5,3.17,740.0,0.984,0,11310.16,42000,0.554,9.41,9295700.55,0.994,0.92,2.7,335,0.126,Overstock,2023,3,1,0,0.9936,-0.0064,0.4877,0.0,0.5539,7.269,38.25,0.1671,-0.0064,16110.37,0.2693,0.0,3.348,Cluster 0 — Balanced Operational Flow
REC-2023-04-WH-52,2023-04,WH-52,Depot East-10 — Durgapur Industrial Hub,East,Durgapur,Urban Depot,17911.71,16697.74,22049.32,3568.69,8166.03,7.7,3.6,800.0,0.978,0,8530.26,42000,0.525,9.75,12423955.65,1.11,0.938,1.2,335,0.013,Overstock,2023,4,2,0,1.0727,0.0727,0.4675,0.0,0.525,6.179,36.93,0.1968,0.0678,13883.29,0.2031,0.0,1.423,Cluster 0 — Balanced Operational Flow
REC-2023-05-WH-52,2023-05,WH-52,Depot East-10 — Durgapur Industrial Hub,East,Durgapur,Urban Depot,16908.87,15681.51,20821.96,2580.66,6864.24,7.6,2.72,596.0,0.985,0,10086.73,42000,0.496,9.74,1184883.49,1.166,0.896,0.2,335,0.059,Overstock,2023,5,2,0,1.0783,0.0783,0.3579,0.0,0.4958,8.068,36.94,0.0644,0.0726,13957.72,0.2402,0.0,0.262,Cluster 0 — Balanced Operational Flow
REC-2023-06-WH-52,2023-06,WH-52,Depot East-10 — Durgapur Industrial Hub,East,Durgapur,Urban Depot,18398.98,18182.5,20605.48,3028.3,7750.7,7.7,2.97,631.0,0.961,0,8312.33,42000,0.491,10.72,5734638.11,1.03,0.863,0.4,335,-0.053,Overstock,2023,6,2,0,1.0119,0.0119,0.3857,0.0,0.4906,6.804,33.6,0.1302,0.0118,12854.78,0.1979,0.0,0.564,Cluster 0 — Balanced Operational Flow
REC-2023-07-WH-52,2023-07,WH-52,Depot East-10 — Durgapur Industrial Hub,East,Durgapur,Urban Depot,14051.76,13742.6,20296.32,2311.27,7323.06,10.7,2.92,540.0,0.982,0,9506.36,42000,0.483,8.31,6854966.38,0.94,0.914,1.3,335,0.06,Overstock,2023,7,3,0,1.0225,0.0225,0.2729,0.0,0.4832,8.781,43.33,0.1863,0.022,12973.26,0.2263,0.0,1.635,Cluster 0 — Balanced Operational Flow
REC-2023-08-WH-52,2023-08,WH-52,Depot East-10 — Durgapur Industrial Hub,East,Durgapur,Urban Depot,15515.41,15140.02,19920.93,2666.94,7373.28,9.1,3.09,589.0,0.967,0,8547.24,42000,0.474,9.35,1797055.51,0.93,0.885,0.4,335,0.075,Overstock,2023,8,3,0,1.0248,0.0248,0.3396,0.0,0.4743,7.47,38.52,0.0864,0.0242,12547.65,0.2035,0.0,0.538,Cluster 0 — Balanced Operational Flow
REC-2023-09-WH-52,2023-09,WH-52,Depot East-10 — Durgapur Industrial Hub,East,Durgapur,Urban Depot,16570.3,17629.12,20979.75,3339.53,7482.1,7.5,3.63,459.0,0.978,0,8488.36,42000,0.5,9.48,7567225.3,1.067,0.9,0.9,335,-0.005,Overstock,2023,9,3,0,0.9399,-0.0601,0.484,0.0,0.4995,6.282,37.98,0.166,-0.0639,13497.65,0.2021,0.0,1.17,Cluster 0 — Balanced Operational Flow
REC-2023-10-WH-52,2023-10,WH-52,Depot East-10 — Durgapur Industrial Hub,East,Durgapur,Urban Depot,20060.09,20512.32,21431.98,3918.3,10404.4,9.7,3.49,707.0,0.979,0,5150.13,42000,0.51,11.23,10290563.26,1.354,0.976,4.7,335,-0.027,Overstock,2023,10,4,1,0.978,-0.022,0.3598,0.0,0.5103,5.47,32.05,0.1599,-0.0225,11027.58,0.1226,0.0,5.038,Cluster 0 — Balanced Operational Flow
REC-2023-11-WH-52,2023-11,WH-52,Depot East-10 — Durgapur Industrial Hub,East,Durgapur,Urban Depot,21546.13,19936.88,19822.73,4260.51,9431.58,7.2,3.57,718.0,0.996,0,4000.38,42000,0.472,13.04,9041533.83,1.369,0.891,1.1,335,0.054,Overstock,2023,11,4,1,1.0807,0.0807,0.4958,0.0,0.472,4.653,27.6,0.1396,0.0747,10391.15,0.0952,0.0,1.46,Cluster 0 — Balanced Operational Flow
REC-2023-12-WH-52,2023-12,WH-52,Depot East-10 — Durgapur Industrial Hub,East,Durgapur,Urban Depot,22145.82,22689.99,20366.9,3686.33,10182.44,8.8,2.96,977.0,0.962,0,4654.96,42000,0.485,13.05,5128019.35,1.179,0.952,0.9,335,0.068,Overstock,2023,12,4,1,0.976,-0.024,0.3364,0.0,0.4849,5.525,27.59,0.1023,-0.0246,10184.46,0.1108,0.0,1.03,Cluster 0 — Balanced Operational Flow
REC-2024-01-WH-52,2024-01,WH-52,Depot East-10 — Durgapur Industrial Hub,East,Durgapur,Urban Depot,17638.96,17771.44,20499.38,3021.39,7901.5,8.3,3.08,781.0,0.956,0,8065.8,42000,0.488,10.33,6570569.21,0.928,0.853,2.5,335,0.121,Overstock,2024,1,1,0,0.9925,-0.0075,0.3711,0.0,0.4881,6.785,34.86,0.1453,-0.0075,12597.88,0.192,0.0,3.602,Cluster 0 — Balanced Operational Flow
REC-2024-02-WH-52,2024-02,WH-52,Depot East-10 — Durgapur Industrial Hub,East,Durgapur,Urban Depot,18909.31,19407.31,20997.38,3676.39,9727.37,9.6,3.48,649.0,0.965,0,5755.42,42000,0.5,10.81,10672261.36,0.969,0.837,1.5,335,0.098,Balanced,2024,2,1,0,0.9743,-0.0257,0.3625,0.0,0.4999,5.711,33.31,0.1728,-0.0263,11270.01,0.137,0.0,2.234,Cluster 0 — Balanced Operational Flow
REC-2024-03-WH-52,2024-03,WH-52,Depot East-10 — Durgapur Industrial Hub,East,Durgapur,Urban Depot,18139.12,18720.63,21578.89,3103.85,7759.56,7.7,3.09,769.0,0.954,0,9163.56,42000,0.514,10.09,6628971.13,1.007,0.888,1.3,335,0.034,Overstock,2024,3,1,0,0.9689,-0.0311,0.4013,0.0,0.5138,6.952,35.69,0.1419,-0.0321,13819.33,0.2182,0.0,1.737,Cluster 0 — Balanced Operational Flow
REC-2024-04-WH-52,2024-04,WH-52,Depot East-10 — Durgapur Industrial Hub,East,Durgapur,Urban Depot,20519.0,19423.13,20483.02,3586.0,8578.96,7.3,3.12,839.0,0.955,0,6525.06,42000,0.488,12.02,4068590.75,1.118,0.943,0.8,335,0.144,Overstock,2024,4,2,0,1.0564,0.0564,0.4274,0.0,0.4877,5.712,29.95,0.0983,0.0534,11904.06,0.1554,0.0,0.937,Cluster 0 — Balanced Operational Flow
REC-2024-05-WH-52,2024-05,WH-52,Depot East-10 — Durgapur Industrial Hub,East,Durgapur,Urban Depot,20423.29,18929.7,18989.43,3744.77,9939.83,9.1,3.27,566.0,0.986,0,3432.44,42000,0.452,12.91,17934091.92,1.216,0.872,3.9,335,0.091,Overstock,2024,5,2,0,1.0789,0.0789,0.3593,0.0,0.4521,5.071,27.89,0.2074,0.0731,9049.6,0.0817,0.0,5.398,Cluster 0 — Balanced Operational Flow
REC-2024-06-WH-52,2024-06,WH-52,Depot East-10 — Durgapur Industrial Hub,East,Durgapur,Urban Depot,15274.81,14072.19,17786.81,2684.94,8183.87,10.8,3.16,422.0,0.959,0,5575.53,42000,0.423,10.31,4828988.25,1.04,0.874,5.65,335,0.06,Overstock,2024,6,2,0,1.0855,0.0855,0.2926,0.0,0.4235,6.625,34.93,0.1439,0.0787,9602.94,0.1328,0.0,7.786,Cluster 0 — Balanced Operational Flow
REC-2024-07-WH-52,2024-07,WH-52,Depot East-10 — Durgapur Industrial Hub,East,Durgapur,Urban Depot,14232.57,14793.69,18347.93,2215.37,5583.74,7.1,2.78,566.0,0.986,0,9441.14,42000,0.437,9.31,1379539.53,0.865,0.94,1.1,335,-0.001,Overstock,2024,7,3,0,0.9621,-0.0379,0.3915,0.0,0.4369,8.282,38.67,0.0825,-0.0394,12764.19,0.2248,0.0,1.298,Cluster 0 — Balanced Operational Flow
REC-2024-08-WH-52,2024-08,WH-52,Depot East-10 — Durgapur Industrial Hub,East,Durgapur,Urban Depot,18111.96,18453.28,18689.25,3508.87,9304.7,9.6,3.45,701.0,0.961,0,4121.24,42000,0.445,11.63,5109408.32,0.987,0.971,0.6,335,0.107,Overstock,2024,8,3,0,0.9815,-0.0185,0.3594,0.0,0.445,5.326,30.96,0.1248,-0.0188,9384.55,0.0981,0.0,0.652,Cluster 0 — Balanced Operational Flow
REC-2024-09-WH-52,2024-09,WH-52,Depot East-10 — Durgapur Industrial Hub,East,Durgapur,Urban Depot,20473.18,18911.9,17127.97,3381.27,9182.0,8.5,2.92,546.0,0.981,0,2874.07,42000,0.408,14.34,15604051.17,1.1,0.877,0.2,335,0.183,Overstock,2024,9,3,0,1.0826,0.0826,0.3435,0.0,0.4078,5.066,25.1,0.1929,0.0763,7945.97,0.0684,0.0,0.274,Cluster 0 — Balanced Operational Flow
REC-2024-10-WH-52,2024-10,WH-52,Depot East-10 — Durgapur Industrial Hub,East,Durgapur,Urban Depot,23935.79,22306.16,15498.34,4454.32,11395.7,8.7,3.33,694.0,0.974,0,0.0,42000,0.369,18.53,9383646.9,1.361,0.929,2.5,335,0.04,Overstock,2024,10,4,1,1.0731,0.0731,0.3828,0.0,0.369,3.479,19.42,0.128,0.0681,4102.64,0.0,0.0,3.032,Cluster 0 — Balanced Operational Flow
REC-2024-11-WH-52,2024-11,WH-52,Depot East-10 — Durgapur Industrial Hub,East,Durgapur,Urban Depot,25362.95,24445.92,14581.31,4691.84,12469.81,9.2,3.29,880.0,0.991,0,0.0,42000,0.347,20.87,8549528.83,1.372,0.865,0.1,335,0.083,Balanced,2024,11,4,1,1.0375,0.0375,0.3576,0.0,0.3472,3.108,17.25,0.1153,0.0362,2111.5,0.0,0.0,0.14,Cluster 0 — Balanced Operational Flow
REC-2024-12-WH-52,2024-12,WH-52,Depot East-10 — Durgapur Industrial Hub,East,Durgapur,Urban Depot,21026.34,22188.32,15743.29,3445.65,9403.11,8.5,2.91,660.0,0.968,0,1171.7,42000,0.375,16.03,14546813.15,1.158,0.833,0.7,335,0.021,Overstock,2024,12,4,1,0.9476,-0.0524,0.3424,0.0,0.3748,4.569,22.46,0.1814,-0.0553,6340.18,0.0279,0.0,1.051,Cluster 0 — Balanced Operational Flow
REC-2023-01-WH-53,2023-01,WH-53,Hub Central-1 — Nagpur MIHAN Multimodal,Central,Nagpur,Mega Hub,103323.57,111862.18,190050.94,9185.14,91496.42374999999,24.0,1.44,2803.0,0.967,0,84429.23,215875,0.826,6.52,142223147.8025,0.975,0.832,0.1,843,0.08,Overstock,2023,1,1,0,0.9237,-0.0763,0.06,0.0,0.8804,20.691,55.18,0.1154,-0.0826,98554.52,0.3911,0.0,0.15,Cluster 2 — Chronic Overstock Buffers
REC-2023-02-WH-53,2023-02,WH-53,Hub Central-1 — Nagpur MIHAN Multimodal,Central,Nagpur,Mega Hub,107388.21,124331.64749999999,211875.38,10509.34,91496.42374999999,27.2,1.33,4018.0,0.972,0,88236.72,215875,0.921,6.08,142223147.8025,0.928,0.854,0.7,843,0.104,Overstock,2023,2,1,0,0.8637,-0.1363,0.0489,0.0,0.9815,20.161,59.19,0.1111,-0.1578,120378.96,0.4087,0.0,1.007,Cluster 2 — Chronic Overstock Buffers
REC-2023-03-WH-53,2023-03,WH-53,Hub Central-1 — Nagpur MIHAN Multimodal,Central,Nagpur,Mega Hub,120784.37,124331.64749999999,240836.66,9323.63,91496.42374999999,26.1,1.21,3985.0,0.955,0,112445.18,215875,1.047,6.02,142223147.8025,0.998,0.941,0.4,843,0.125,Overstock,2023,3,1,0,0.9715,-0.0285,0.0464,0.0,1.1156,25.831,59.82,0.0987,-0.0294,149340.24,0.5209,0.0,0.471,Cluster 2 — Chronic Overstock Buffers
REC-2023-04-WH-53,2023-04,WH-53,Hub Central-1 — Nagpur MIHAN Multimodal,Central,Nagpur,Mega Hub,124125.97625,124331.64749999999,260323.09,15046.65,91496.42374999999,23.2,1.67,4324.875,0.992,0,119067.06,215875,1.132,6.18,142223147.8025,1.118,0.897,0.7,843,0.083,Overstock,2023,4,2,0,0.9983,-0.0017,0.072,0.0,1.2059,17.301,62.92,0.0961,-0.0017,168826.67,0.5516,0.0,0.916,Cluster 2 — Chronic Overstock Buffers
REC-2023-05-WH-53,2023-05,WH-53,Hub Central-1 — Nagpur MIHAN Multimodal,Central,Nagpur,Mega Hub,120488.29,124331.64749999999,275376.1,12932.36,91496.42374999999,24.0,1.62,4239.0,0.989,0,146654.57,215875,1.197,5.25,142223147.8025,1.093,0.9,0.6,843,0.118,Overstock,2023,5,2,0,0.9691,-0.0309,0.0675,0.0,1.2756,21.294,68.57,0.099,-0.0319,183879.68,0.6793,0.0,0.78,Cluster 2 — Chronic Overstock Buffers
REC-2023-06-WH-53,2023-06,WH-53,Hub Central-1 — Nagpur MIHAN Multimodal,Central,Nagpur,Mega Hub,93813.19,105758.44,287321.35,8566.35,86744.01,25.0,1.28,3783.0,0.997,0,154716.24875000003,215875,1.249,3.92,142223147.8025,1.013,0.948,0.2,843,0.101,Overstock,2023,6,2,0,0.8871,-0.1129,0.0512,0.0,1.331,33.541,91.88,0.1271,-0.1273,200577.34,0.7167,0.0,0.231,Cluster 2 — Chronic Overstock Buffers
REC-2023-07-WH-53,2023-07,WH-53,Hub Central-1 — Nagpur MIHAN Multimodal,Central,Nagpur,Mega Hub,95351.38,116135.27,288771.28625,8047.01,88460.01,25.3,1.31,2721.0,0.987,0,154716.24875000003,215875,1.34,3.71,128201012.72,0.952,0.896,1.2,843,0.124,Overstock,2023,7,3,0,0.821,-0.179,0.0518,0.0,1.3377,35.886,90.85,0.1187,-0.218,200311.28,0.7167,0.0,1.574,Cluster 2 — Chronic Overstock Buffers
REC-2023-08-WH-53,2023-08,WH-53,Hub Central-1 — Nagpur MIHAN Multimodal,Central,Nagpur,Mega Hub,113763.16,124331.64749999999,288771.28625,12617.28,91496.42374999999,28.6,1.61,3366.0,0.985,0,154716.24875000003,215875,1.476,4.02,142223147.8025,0.973,0.917,0.0,843,-0.001,Overstock,2023,8,3,0,0.915,-0.085,0.0563,0.0,1.3377,22.887,76.15,0.1048,-0.0929,197274.86,0.7167,0.0,0.0,Cluster 2 — Chronic Overstock Buffers
REC-2023-09-WH-53,2023-09,WH-53,Hub Central-1 — Nagpur MIHAN Multimodal,Central,Nagpur,Mega Hub,124125.97625,124331.64749999999,288771.28625,13692.09,91496.42374999999,26.5,1.49,4324.875,0.961,0,154716.24875000003,215875,1.581,4.25,142223147.8025,1.082,0.903,0.0,843,0.113,Overstock,2023,9,3,0,0.9983,-0.0017,0.0562,0.0,1.3377,21.09,69.79,0.0961,-0.0017,197274.86,0.7167,0.0,0.0,Cluster 2 — Chronic Overstock Buffers
REC-2023-10-WH-53,2023-10,WH-53,Hub Central-1 — Nagpur MIHAN Multimodal,Central,Nagpur,Mega Hub,124125.97625,124331.64749999999,288771.28625,10880.68,91496.42374999999,27.0,1.17,4208.0,0.954,0,154716.24875000003,215875,1.748,4.29,142223147.8025,1.275,0.868,0.2,843,-0.009,Overstock,2023,10,4,1,0.9983,-0.0017,0.0433,0.0,1.3377,26.54,69.79,0.0961,-0.0017,197274.86,0.7167,0.0,0.279,Cluster 2 — Chronic Overstock Buffers
REC-2023-11-WH-53,2023-11,WH-53,Hub Central-1 — Nagpur MIHAN Multimodal,Central,Nagpur,Mega Hub,124125.97625,124331.64749999999,288771.28625,14958.11,91496.42374999999,22.5,1.64,4324.875,0.96,0,154716.24875000003,215875,1.92,4.16,142223147.8025,1.397,0.875,0.7,843,0.104,Overstock,2023,11,4,1,0.9983,-0.0017,0.0729,0.0,1.3377,19.305,69.79,0.0961,-0.0017,197274.86,0.7167,0.0,0.962,Cluster 2 — Chronic Overstock Buffers
REC-2023-12-WH-53,2023-12,WH-53,Hub Central-1 — Nagpur MIHAN Multimodal,Central,Nagpur,Mega Hub,124125.97625,124331.64749999999,288771.28625,13543.37,91496.42374999999,26.5,1.56,4310.0,0.953,0,154716.24875000003,215875,1.986,3.41,142223147.8025,1.159,0.873,0.3,843,0.073,Overstock,2023,12,4,1,0.9983,-0.0017,0.0589,0.0,1.3377,21.322,69.79,0.0961,-0.0017,197274.86,0.7167,0.0,0.414,Cluster 2 — Chronic Overstock Buffers
REC-2024-01-WH-53,2024-01,WH-53,Hub Central-1 — Nagpur MIHAN Multimodal,Central,Nagpur,Mega Hub,97870.2,123585.21,288771.28625,9142.25,91496.42374999999,25.9,1.27,4039.0,0.977,0,154716.24875000003,215875,2.098,2.43,96071957.88,0.952,0.876,0.0,843,0.045,Overstock,2024,1,1,0,0.7919,-0.2081,0.049,0.0,1.3377,31.586,88.52,0.1001,-0.2627,197274.86,0.7167,0.0,0.0,Cluster 2 — Chronic Overstock Buffers
REC-2024-02-WH-53,2024-02,WH-53,Hub Central-1 — Nagpur MIHAN Multimodal,Central,Nagpur,Mega Hub,108814.12,124331.64749999999,288771.28625,10283.91,91496.42374999999,26.1,1.59,3501.0,0.997,0,154716.24875000003,215875,2.222,2.55,115445795.46,0.894,0.909,0.2,843,0.136,Overstock,2024,2,1,0,0.8752,-0.1248,0.0609,0.0,1.3377,28.08,79.61,0.0987,-0.1426,197274.86,0.7167,0.0,0.255,Cluster 2 — Chronic Overstock Buffers
REC-2024-03-WH-53,2024-03,WH-53,Hub Central-1 — Nagpur MIHAN Multimodal,Central,Nagpur,Mega Hub,124125.97625,124331.64749999999,288771.28625,13414.89,91496.42374999999,24.5,1.24,4324.875,0.964,0,154716.24875000003,215875,2.355,3.16,142223147.8025,1.048,0.838,0.3,843,0.17,Overstock,2024,3,1,0,0.9983,-0.0017,0.0506,0.0,1.3377,21.526,69.79,0.0961,-0.0017,197274.86,0.7167,0.0,0.446,Cluster 2 — Chronic Overstock Buffers
REC-2024-04-WH-53,2024-04,WH-53,Hub Central-1 — Nagpur MIHAN Multimodal,Central,Nagpur,Mega Hub,124125.97625,124331.64749999999,288771.28625,13510.25,91496.42374999999,24.6,1.46,4324.875,0.982,0,154716.24875000003,215875,2.477,2.8,37236914.14,1.107,0.859,0.4,843,0.064,Overstock,2024,4,2,0,0.9983,-0.0017,0.0593,0.0,1.3377,21.374,69.79,0.0492,-0.0017,197274.86,0.7167,0.0,0.569,Cluster 2 — Chronic Overstock Buffers
REC-2024-05-WH-53,2024-05,WH-53,Hub Central-1 — Nagpur MIHAN Multimodal,Central,Nagpur,Mega Hub,124125.97625,124331.64749999999,288771.28625,12920.95,91496.42374999999,26.5,1.2,4324.875,0.983,0,154716.24875000003,215875,2.625,2.91,142223147.8025,1.144,0.956,0.7,843,0.113,Overstock,2024,5,2,0,0.9983,-0.0017,0.0453,0.0,1.3377,22.349,69.79,0.0961,-0.0017,197274.86,0.7167,0.0,0.792,Cluster 2 — Chronic Overstock Buffers
REC-2024-06-WH-53,2024-06,WH-53,Hub Central-1 — Nagpur MIHAN Multimodal,Central,Nagpur,Mega Hub,110776.48,124331.64749999999,288771.28625,10986.28,91496.42374999999,28.1,1.37,3596.0,0.956,0,154716.24875000003,215875,2.685,2.15,142223147.8025,0.97,0.87,0.1,843,0.094,Overstock,2024,6,2,0,0.891,-0.109,0.0488,0.0,1.3377,26.285,78.2,0.1077,-0.1224,197274.86,0.7167,0.0,0.139,Cluster 2 — Chronic Overstock Buffers
REC-2024-07-WH-53,2024-07,WH-53,Hub Central-1 — Nagpur MIHAN Multimodal,Central,Nagpur,Mega Hub,104365.41,124331.64749999999,288771.28625,8090.5,91496.42374999999,24.3,1.17,4255.0,0.975,0,154716.24875000003,215875,2.799,1.95,142223147.8025,0.935,0.861,0.6,843,0.101,Overstock,2024,7,3,0,0.8394,-0.1606,0.0481,0.0,1.3377,35.693,83.01,0.1143,-0.1913,197274.86,0.7167,0.0,0.85,Cluster 2 — Chronic Overstock Buffers
REC-2024-08-WH-53,2024-08,WH-53,Hub Central-1 — Nagpur MIHAN Multimodal,Central,Nagpur,Mega Hub,117052.5,124331.64749999999,288771.28625,12267.12,91496.42374999999,24.2,1.53,3277.0,0.975,0,154716.24875000003,215875,2.859,2.14,142223147.8025,0.964,0.892,0.9,843,0.144,Overstock,2024,8,3,0,0.9415,-0.0585,0.0632,0.0,1.3377,23.54,74.01,0.1019,-0.0622,197274.86,0.7167,0.0,1.192,Cluster 2 — Chronic Overstock Buffers
REC-2024-09-WH-53,2024-09,WH-53,Hub Central-1 — Nagpur MIHAN Multimodal,Central,Nagpur,Mega Hub,117295.61,124331.64749999999,288771.28625,11318.89,91496.42374999999,27.3,1.35,3365.0,0.982,0,154716.24875000003,215875,2.976,2.06,142223147.8025,1.064,0.982,0.3,843,0.13,Overstock,2024,9,3,0,0.9434,-0.0566,0.0495,0.0,1.3377,25.512,73.86,0.1017,-0.06,197274.86,0.7167,0.0,0.316,Cluster 2 — Chronic Overstock Buffers
REC-2024-10-WH-53,2024-10,WH-53,Hub Central-1 — Nagpur MIHAN Multimodal,Central,Nagpur,Mega Hub,124125.97625,124331.64749999999,288771.28625,13297.49,91496.42374999999,24.9,1.2,4295.0,0.981,0,154716.24875000003,215875,3.15,2.53,142223147.8025,1.324,0.882,1.0,843,0.078,Overstock,2024,10,4,1,0.9983,-0.0017,0.0482,0.0,1.3377,21.716,69.79,0.0961,-0.0017,197274.86,0.7167,0.0,1.354,Cluster 2 — Chronic Overstock Buffers
REC-2024-11-WH-53,2024-11,WH-53,Hub Central-1 — Nagpur MIHAN Multimodal,Central,Nagpur,Mega Hub,124125.97625,124331.64749999999,288771.28625,16183.57,91496.42374999999,25.9,1.6,4324.875,0.962,0,154716.24875000003,215875,3.272,2.71,142223147.8025,1.398,0.884,0.0,843,0.127,Overstock,2024,11,4,1,0.9983,-0.0017,0.0618,0.0,1.3377,17.843,69.79,0.0961,-0.0017,197274.86,0.7167,0.0,0.0,Cluster 2 — Chronic Overstock Buffers
REC-2024-12-WH-53,2024-12,WH-53,Hub Central-1 — Nagpur MIHAN Multimodal,Central,Nagpur,Mega Hub,124125.97625,124331.64749999999,288771.28625,17622.93,91496.42374999999,23.5,1.58,4324.875,0.973,0,154716.24875000003,215875,3.375,2.65,142223147.8025,1.207,0.886,0.2,843,0.195,Overstock,2024,12,4,1,0.9983,-0.0017,0.0672,0.0,1.3377,16.386,69.79,0.0961,-0.0017,197274.86,0.7167,0.0,0.268,Cluster 2 — Chronic Overstock Buffers
REC-2023-01-WH-54,2023-01,WH-54,Depot Central-2 — Nagpur Wardha Road DC,Central,Nagpur,Regional DC,29275.31,16617.75,20132.59,15987.8,30625.46,15.0,9.91,839.0,0.979,0,0.0,88000,0.229,17.45,10016588.12,0.977,0.734,5.65,337,0.175,Understock / Shortage,2023,1,1,0,1.7617,0.7617,0.6607,0.0,0.2288,1.259,20.63,0.1081,0.4324,-10492.87,0.0,0.0,10.159,Cluster 1 — High-Velocity Shortage Risk
REC-2023-02-WH-54,2023-02,WH-54,Depot Central-2 — Nagpur Wardha Road DC,Central,Nagpur,Regional DC,28705.94,18254.17,9680.82,15729.19,30560.59,15.5,9.92,1021.0,0.989,0,0.0,88000,0.11,25.0,22691014.61,0.896,0.823,3.9,337,0.171,Understock / Shortage,2023,2,1,0,1.5726,0.5726,0.64,0.0,0.11,0.615,10.12,0.1659,0.3641,-20879.77,0.0,6048.37,5.971,Cluster 1 — High-Velocity Shortage Risk
REC-2023-03-WH-54,2023-03,WH-54,Depot Central-2 — Nagpur Wardha Road DC,Central,Nagpur,Regional DC,30695.57,20034.45,261.41,12491.54,26406.87,13.6,7.35,961.0,0.968,7,0.0,88000,0.003,25.0,14604468.58,0.995,0.764,0.4,337,0.152,Overstock,2023,3,1,0,1.5321,0.5321,0.5404,8.12,0.003,0.021,0.26,0.1245,0.3473,-26145.46,0.0,12230.13,0.683,Cluster 1 — High-Velocity Shortage Risk
REC-2023-04-WH-54,2023-04,WH-54,Depot Central-2 — Nagpur Wardha Road DC,Central,Nagpur,Regional DC,28913.27,21129.06,398.42,14261.85,28622.11,14.9,8.94,817.0,0.74,7,0.0,88000,0.005,25.0,13320566.83,1.074,0.794,0.7,337,0.043,Understock / Shortage,2023,4,2,0,1.3684,0.3684,0.6,16.1,0.0045,0.028,0.41,0.1262,0.2692,-28223.69,0.0,13863.43,1.133,Cluster 1 — High-Velocity Shortage Risk
REC-2023-05-WH-54,2023-05,WH-54,Depot Central-2 — Nagpur Wardha Road DC,Central,Nagpur,Regional DC,37264.43,21654.55,780.75,18582.86,37711.93,15.4,9.03,1589.0,0.592,7,0.0,88000,0.009,25.0,31491356.71,1.116,0.748,0.4,337,0.119,Understock / Shortage,2023,5,2,0,1.7209,0.7209,0.5864,21.28,0.0089,0.042,0.63,0.1506,0.4189,-36931.18,0.0,17802.11,0.702,Cluster 1 — High-Velocity Shortage Risk
REC-2023-06-WH-54,2023-06,WH-54,Depot Central-2 — Nagpur Wardha Road DC,Central,Nagpur,Regional DC,34391.36,22823.55,341.0,16680.34,34219.93,15.3,8.78,1300.0,0.686,10,0.0,88000,0.004,25.0,12306067.55,0.986,0.786,5.65,337,0.122,Understock / Shortage,2023,6,2,0,1.5068,0.5068,0.5739,25.7,0.0039,0.02,0.3,0.102,0.3364,-33878.93,0.0,16339.34,9.277,Cluster 1 — High-Velocity Shortage Risk
REC-2023-07-WH-54,2023-07,WH-54,Depot Central-2 — Nagpur Wardha Road DC,Central,Nagpur,Regional DC,32319.75,20774.1,742.27,17413.43,34758.36,16.1,9.78,1278.0,0.653,11,0.0,88000,0.008,25.0,22651359.17,0.964,0.804,0.8,337,0.086,Balanced,2023,7,3,0,1.5558,0.5558,0.6075,30.085,0.0084,0.043,0.69,0.1473,0.3572,-34016.09,0.0,16671.16,1.27,Cluster 1 — High-Velocity Shortage Risk
REC-2023-08-WH-54,2023-08,WH-54,Depot Central-2 — Nagpur Wardha Road DC,Central,Nagpur,Regional DC,32450.17,21655.71,765.73,17393.87,36323.14,17.5,9.71,1110.0,0.69,10,0.0,88000,0.009,25.0,23072763.98,0.963,0.81,2.9,337,0.152,Understock / Shortage,2023,8,3,0,1.4985,0.4985,0.5549,25.5,0.0087,0.044,0.71,0.148,0.3326,-35557.41,0.0,16628.14,4.553,Cluster 1 — High-Velocity Shortage Risk
REC-2023-09-WH-54,2023-09,WH-54,Depot Central-2 — Nagpur Wardha Road DC,Central,Nagpur,Regional DC,39623.46,22390.64,664.89,22212.01,39778.41,13.3,10.18,1445.0,0.584,11,0.0,88000,0.008,25.0,44716997.2,1.07,0.7,4.0,337,0.084,Understock / Shortage,2023,9,3,0,1.7696,0.7696,0.7654,33.88,0.0076,0.03,0.5,0.1688,0.4349,-39113.52,0.0,21547.12,7.6,Cluster 1 — High-Velocity Shortage Risk
REC-2023-10-WH-54,2023-10,WH-54,Depot Central-2 — Nagpur Wardha Road DC,Central,Nagpur,Regional DC,49124.12,28044.47,931.53,21095.43,41563.81,12.5,7.76,1486.0,0.584,6,0.0,88000,0.011,25.0,55856330.12,1.349,0.726,2.9,337,0.177,Understock / Shortage,2023,10,4,1,1.7517,0.7517,0.6208,18.48,0.0106,0.044,0.57,0.1521,0.4291,-40632.28,0.0,20163.9,5.284,Cluster 1 — High-Velocity Shortage Risk
REC-2023-11-WH-54,2023-11,WH-54,Depot Central-2 — Nagpur Wardha Road DC,Central,Nagpur,Regional DC,38796.58,20839.57,472.47,21896.26,42329.13,15.8,10.24,1275.0,0.561,5,0.0,88000,0.005,25.0,37846990.18,1.383,0.759,3.9,337,0.13,Understock / Shortage,2023,11,4,1,1.8617,0.8617,0.6481,15.975,0.0054,0.022,0.37,0.1586,0.4629,-41856.66,0.0,21423.79,6.72,Cluster 1 — High-Velocity Shortage Risk
REC-2023-12-WH-54,2023-12,WH-54,Depot Central-2 — Nagpur Wardha Road DC,Central,Nagpur,Regional DC,41073.46,28539.1,179.04,16294.49,36694.31,14.9,7.18,1368.0,0.706,11,0.0,88000,0.002,25.0,87485209.48,1.139,0.801,0.7,337,0.029,Understock / Shortage,2023,12,4,1,1.4392,0.4392,0.4819,27.17,0.002,0.011,0.13,0.2277,0.3052,-36515.27,0.0,16115.45,1.118,Cluster 1 — High-Velocity Shortage Risk
REC-2024-01-WH-54,2024-01,WH-54,Depot Central-2 — Nagpur Wardha Road DC,Central,Nagpur,Regional DC,25985.07,15467.89,363.54,13991.58,28110.13,16.3,9.74,1007.0,0.602,6,0.0,88000,0.004,25.0,5723060.55,0.961,0.738,5.65,337,0.144,Understock / Shortage,2024,1,1,0,1.6799,0.6799,0.5975,17.94,0.0041,0.026,0.42,0.0921,0.4047,-27746.59,0.0,13628.04,10.091,Cluster 1 — High-Velocity Shortage Risk
REC-2024-02-WH-54,2024-02,WH-54,Depot Central-2 — Nagpur Wardha Road DC,Central,Nagpur,Regional DC,32678.11,19164.16,26.06,14525.18,32824.92,16.8,8.06,1093.0,0.598,5,0.0,88000,0.0,25.0,21414372.29,0.928,0.746,0.8,337,0.17,Understock / Shortage,2024,2,1,0,1.7052,0.7052,0.4798,15.05,0.0003,0.002,0.02,0.1416,0.4135,-32798.86,0.0,14499.12,1.41,Cluster 1 — High-Velocity Shortage Risk
REC-2024-03-WH-54,2024-03,WH-54,Depot Central-2 — Nagpur Wardha Road DC,Central,Nagpur,Regional DC,31943.69,18107.26,747.48,15840.15,31705.52,14.9,8.99,892.0,0.568,10,0.0,88000,0.008,25.0,16021762.96,1.05,0.74,5.65,337,0.098,Understock / Shortage,2024,3,1,0,1.7641,0.7641,0.6034,31.6,0.0085,0.047,0.7,0.1253,0.4332,-30958.04,0.0,15092.67,10.057,Cluster 1 — High-Velocity Shortage Risk
REC-2024-04-WH-54,2024-04,WH-54,Depot Central-2 — Nagpur Wardha Road DC,Central,Nagpur,Regional DC,34995.96,20662.7,42.31,14139.02,31520.35,14.9,7.3,1284.0,0.612,7,0.0,88000,0.0,25.0,31447393.97,1.104,0.827,1.7,337,0.128,Understock / Shortage,2024,4,2,0,1.6937,0.6937,0.4899,20.58,0.0005,0.003,0.04,0.1602,0.4096,-31478.04,0.0,14096.71,2.582,Cluster 1 — High-Velocity Shortage Risk
REC-2024-05-WH-54,2024-05,WH-54,Depot Central-2 — Nagpur Wardha Road DC,Central,Nagpur,Regional DC,38979.58,23710.55,280.53,20170.42,37061.57,13.0,9.38,1394.0,0.609,5,0.0,88000,0.003,25.0,26163662.8,1.145,0.714,1.4,337,0.091,Overstock,2024,5,2,0,1.644,0.644,0.7215,14.775,0.0032,0.014,0.22,0.1312,0.3917,-36781.04,0.0,19889.89,2.601,Cluster 1 — High-Velocity Shortage Risk
REC-2024-06-WH-54,2024-06,WH-54,Depot Central-2 — Nagpur Wardha Road DC,Central,Nagpur,Regional DC,31217.75,17432.78,104.6,16829.27,33686.85,16.2,9.78,1213.0,0.567,4,0.0,88000,0.001,25.0,19000803.25,1.021,0.721,3.5,337,0.08,Understock / Shortage,2024,6,2,0,1.7907,0.7907,0.6037,12.66,0.0012,0.006,0.1,0.1396,0.4416,-33582.25,0.0,16724.67,6.43,Cluster 1 — High-Velocity Shortage Risk
REC-2024-07-WH-54,2024-07,WH-54,Depot Central-2 — Nagpur Wardha Road DC,Central,Nagpur,Regional DC,31839.47,21821.57,171.11,17957.27,36318.03,17.3,10.23,1046.0,0.689,6,0.0,88000,0.002,25.0,22760452.87,0.944,0.793,5.65,337,0.103,Understock / Shortage,2024,7,3,0,1.4591,0.4591,0.5913,15.33,0.0019,0.01,0.16,0.1498,0.3146,-36146.92,0.0,17786.16,9.159,Cluster 1 — High-Velocity Shortage Risk
REC-2024-08-WH-54,2024-08,WH-54,Depot Central-2 — Nagpur Wardha Road DC,Central,Nagpur,Regional DC,29812.62,17078.56,342.55,12535.03,28236.34,15.8,7.6,862.0,0.579,5,0.0,88000,0.004,25.0,19211791.88,0.95,0.736,4.6,337,0.074,Understock / Shortage,2024,8,3,0,1.7456,0.7456,0.481,15.525,0.0039,0.027,0.34,0.147,0.4271,-27893.79,0.0,12192.48,8.243,Cluster 1 — High-Velocity Shortage Risk
REC-2024-09-WH-54,2024-09,WH-54,Depot Central-2 — Nagpur Wardha Road DC,Central,Nagpur,Regional DC,37964.92,24513.16,62.18,16153.29,37666.74,17.0,7.72,1176.0,0.655,8,0.0,88000,0.001,25.0,17693578.91,1.057,0.727,1.7,337,0.196,Understock / Shortage,2024,9,3,0,1.5488,0.5488,0.4541,21.8,0.0007,0.004,0.05,0.1108,0.3543,-37604.56,0.0,16091.11,3.092,Cluster 1 — High-Velocity Shortage Risk
REC-2024-10-WH-54,2024-10,WH-54,Depot Central-2 — Nagpur Wardha Road DC,Central,Nagpur,Regional DC,57233.49,38399.66,793.46,27538.99,58635.85,16.3,8.73,1851.0,0.672,6,0.0,88000,0.009,25.0,121901511.46,1.382,0.748,1.7,337,0.144,Understock / Shortage,2024,10,4,1,1.4905,0.4905,0.5356,15.84,0.009,0.029,0.42,0.1929,0.3291,-57842.39,0.0,26745.53,2.985,Cluster 1 — High-Velocity Shortage Risk
REC-2024-11-WH-54,2024-11,WH-54,Depot Central-2 — Nagpur Wardha Road DC,Central,Nagpur,Regional DC,47004.38,31888.62,549.42,18838.88,40774.26,14.0,7.25,1415.0,0.695,10,0.0,88000,0.006,25.0,14654924.14,1.407,0.761,1.9,337,0.09,Understock / Shortage,2024,11,4,1,1.474,0.474,0.5179,25.25,0.0062,0.029,0.35,0.0814,0.3216,-40224.84,0.0,18289.46,3.262,Cluster 1 — High-Velocity Shortage Risk
REC-2024-12-WH-54,2024-12,WH-54,Depot Central-2 — Nagpur Wardha Road DC,Central,Nagpur,Regional DC,35954.11,21369.78,696.89,19081.61,36818.97,14.8,9.61,1131.0,0.61,8,0.0,88000,0.008,25.0,16345942.12,1.133,0.743,5.65,337,0.104,Understock / Shortage,2024,12,4,1,1.6825,0.6825,0.6493,23.6,0.0079,0.037,0.58,0.1124,0.4056,-36122.08,0.0,18384.72,10.006,Cluster 1 — High-Velocity Shortage Risk
REC-2023-01-WH-55,2023-01,WH-55,Hub Central-3 — Indore Pithampur Park,Central,Indore,Regional DC,44655.17,41906.04,40943.09,11328.11,27701.67,11.0,4.57,1483.0,0.996,0,0.0,105000,0.39,13.09,28333134.11,0.955,0.897,1.8,412,0.104,Overstock,2023,1,1,0,1.0656,0.0656,0.4155,0.0,0.3899,3.614,27.51,0.1192,0.0616,13241.42,0.0,0.0,2.356,Cluster 0 — Balanced Operational Flow
REC-2023-02-WH-55,2023-02,WH-55,Hub Central-3 — Indore Pithampur Park,Central,Indore,Regional DC,42748.47,41120.81,39315.43,10852.14,25956.6,10.6,4.58,1502.0,0.973,0,0.0,105000,0.374,13.05,11685775.59,0.867,0.932,0.1,412,0.099,Overstock,2023,2,1,0,1.0396,0.0396,0.4321,0.0,0.3744,3.623,27.59,0.08,0.0381,13358.83,0.0,0.0,0.12,Cluster 0 — Balanced Operational Flow
REC-2023-03-WH-55,2023-03,WH-55,Hub Central-3 — Indore Pithampur Park,Central,Indore,Regional DC,40062.87,42627.8,41880.36,11579.69,22129.58,7.9,5.22,1594.0,0.959,0,2381.24,105000,0.399,11.48,49637927.13,1.027,0.875,5.65,412,0.074,Overstock,2023,3,1,0,0.9398,-0.0602,0.6608,0.0,0.3989,3.617,31.36,0.1759,-0.064,19750.78,0.0227,0.0,7.769,Cluster 0 — Balanced Operational Flow
REC-2023-04-WH-55,2023-04,WH-55,Hub Central-3 — Indore Pithampur Park,Central,Indore,Regional DC,58937.07,54280.27,37223.56,15606.4,32108.78,8.4,4.8,2494.0,0.99,0,0.0,105000,0.355,19.0,142223147.8025,1.148,0.9,5.65,412,0.062,Understock / Shortage,2023,4,2,0,1.0858,0.0858,0.5714,0.0,0.3545,2.385,18.95,0.2023,0.079,5114.78,0.0,0.0,7.345,Cluster 0 — Balanced Operational Flow
REC-2023-05-WH-55,2023-05,WH-55,Hub Central-3 — Indore Pithampur Park,Central,Indore,Regional DC,59469.45,60020.24,37774.35,16028.81,36248.42,10.2,4.86,1879.0,0.961,0,0.0,105000,0.36,18.89,22930027.37,1.191,0.841,0.1,412,0.109,Balanced,2023,5,2,0,0.9908,-0.0092,0.4765,0.0,0.3598,2.357,19.06,0.0805,-0.0093,1525.93,0.0,0.0,0.148,Cluster 0 — Balanced Operational Flow
REC-2023-06-WH-55,2023-06,WH-55,Hub Central-3 — Indore Pithampur Park,Central,Indore,Regional DC,48396.39,45455.28,34833.24,13301.7,28304.58,9.3,4.98,1774.0,0.973,0,0.0,105000,0.332,16.67,23819730.47,1.006,0.938,0.3,412,0.095,Overstock,2023,6,2,0,1.0647,0.0647,0.5355,0.0,0.3317,2.619,21.59,0.1008,0.0608,6528.66,0.0,0.0,0.356,Cluster 0 — Balanced Operational Flow
REC-2023-07-WH-55,2023-07,WH-55,Hub Central-3 — Indore Pithampur Park,Central,Indore,Regional DC,43369.38,44176.96,35640.82,10739.6,28810.18,12.5,4.47,1196.0,0.984,0,0.0,105000,0.339,14.6,12236902.32,0.962,0.972,1.2,412,0.091,Overstock,2023,7,3,0,0.9817,-0.0183,0.3576,0.0,0.3394,3.319,24.65,0.0807,-0.0186,6830.64,0.0,0.0,1.301,Cluster 0 — Balanced Operational Flow
REC-2023-08-WH-55,2023-08,WH-55,Hub Central-3 — Indore Pithampur Park,Central,Indore,Regional DC,50742.64,51487.86,36386.04,11139.27,30083.19,11.2,3.96,1419.0,0.983,0,0.0,105000,0.347,16.73,11399323.86,1.002,0.851,2.2,412,0.029,Overstock,2023,8,3,0,0.9855,-0.0145,0.3536,0.0,0.3465,3.266,21.51,0.0665,-0.0147,6302.85,0.0,0.0,3.183,Cluster 0 — Balanced Operational Flow
REC-2023-09-WH-55,2023-09,WH-55,Hub Central-3 — Indore Pithampur Park,Central,Indore,Regional DC,48250.49,50132.81,38268.36,11522.91,25515.55,8.7,4.32,1330.0,0.956,0,0.0,105000,0.364,15.13,50713283.3,1.051,0.898,1.3,412,0.065,Overstock,2023,9,3,0,0.9625,-0.0375,0.4966,0.0,0.3645,3.321,23.79,0.1476,-0.039,12752.81,0.0,0.0,1.698,Cluster 0 — Balanced Operational Flow
REC-2023-10-WH-55,2023-10,WH-55,Hub Central-3 — Indore Pithampur Park,Central,Indore,Regional DC,67785.5,72096.97,42579.83,16470.74,40195.67,10.5,4.37,1997.0,0.995,0,0.0,105000,0.406,19.1,21881363.79,1.381,0.94,0.3,412,0.15,Overstock,2023,10,4,1,0.9402,-0.0598,0.4162,0.0,0.4055,2.585,18.84,0.069,-0.0636,2384.16,0.0,0.0,0.354,Cluster 0 — Balanced Operational Flow
REC-2023-11-WH-55,2023-11,WH-55,Hub Central-3 — Indore Pithampur Park,Central,Indore,Regional DC,74274.01,77699.49,46005.31,16434.72,31784.68,6.2,4.01,3363.0,0.974,0,0.0,105000,0.438,19.37,78042392.29,1.386,0.959,3.7,412,0.091,Overstock,2023,11,4,1,0.9559,-0.0441,0.6468,0.0,0.4381,2.799,18.58,0.1189,-0.0461,14220.63,0.0,0.0,4.155,Cluster 0 — Balanced Operational Flow
REC-2023-12-WH-55,2023-12,WH-55,Hub Central-3 — Indore Pithampur Park,Central,Indore,Regional DC,53257.04,55896.38,48644.65,13448.31,30135.52,9.4,4.57,1765.0,0.993,0,0.0,105000,0.463,13.14,56562132.93,1.139,0.987,0.7,412,0.087,Overstock,2023,12,4,1,0.9528,-0.0472,0.4862,0.0,0.4633,3.617,27.4,0.1412,-0.0496,18509.13,0.0,0.0,0.727,Cluster 0 — Balanced Operational Flow
REC-2024-01-WH-55,2024-01,WH-55,Hub Central-3 — Indore Pithampur Park,Central,Indore,Regional DC,59796.13,56301.55,45150.07,16615.62,38341.55,10.9,4.99,2553.0,0.97,0,0.0,105000,0.43,15.89,142223147.8025,0.966,0.913,4.9,412,0.224,Overstock,2024,1,1,0,1.0621,0.0621,0.4578,0.0,0.43,2.717,22.65,0.1994,0.0584,6808.52,0.0,0.0,6.179,Cluster 0 — Balanced Operational Flow
REC-2024-02-WH-55,2024-02,WH-55,Hub Central-3 — Indore Pithampur Park,Central,Indore,Regional DC,42380.36,39965.19,42734.9,11224.69,21819.78,7.5,4.78,1175.0,0.994,0,4078.08,105000,0.407,11.9,58863577.0,0.868,0.943,0.9,412,0.131,Overstock,2024,2,1,0,1.0604,0.0604,0.6373,0.0,0.407,3.807,30.25,0.181,0.057,20915.12,0.0388,0.0,1.054,Cluster 0 — Balanced Operational Flow
REC-2024-03-WH-55,2024-03,WH-55,Hub Central-3 — Indore Pithampur Park,Central,Indore,Regional DC,49489.96,50118.57,43363.51,10689.55,24876.67,8.6,3.86,1823.0,0.966,0,2452.52,105000,0.413,13.7,88471215.57,1.037,0.917,2.0,412,0.081,Overstock,2024,3,1,0,0.9875,-0.0125,0.4488,0.0,0.413,4.057,26.29,0.1901,-0.0127,18486.84,0.0234,0.0,2.498,Cluster 0 — Balanced Operational Flow
REC-2024-04-WH-55,2024-04,WH-55,Hub Central-3 — Indore Pithampur Park,Central,Indore,Regional DC,54319.11,57999.65,47044.05,14596.64,31978.76,9.6,4.84,1654.0,0.975,0,0.0,105000,0.448,13.86,28249426.31,1.146,0.874,3.8,412,0.165,Overstock,2024,4,2,0,0.9365,-0.0635,0.5042,0.0,0.448,3.223,25.98,0.0978,-0.0678,15065.29,0.0,0.0,5.236,Cluster 0 — Balanced Operational Flow
REC-2024-05-WH-55,2024-05,WH-55,Hub Central-3 — Indore Pithampur Park,Central,Indore,Regional DC,60964.92,57147.7,43226.83,14115.94,33218.28,9.4,4.14,2226.0,0.98,0,0.0,105000,0.412,16.92,26274788.25,1.137,0.939,1.7,412,0.174,Overstock,2024,5,2,0,1.0668,0.0668,0.4404,0.0,0.4117,3.062,21.27,0.0841,0.0626,10008.55,0.0,0.0,2.011,Cluster 0 — Balanced Operational Flow
REC-2024-06-WH-55,2024-06,WH-55,Hub Central-3 — Indore Pithampur Park,Central,Indore,Regional DC,51056.03,52785.25,44956.05,11420.08,25035.02,8.0,4.02,1415.0,0.981,0,2790.91,105000,0.428,13.63,36283952.54,0.96,0.91,1.0,412,0.276,Overstock,2024,6,2,0,0.9672,-0.0328,0.5025,0.0,0.4282,3.937,26.42,0.118,-0.0339,19921.03,0.0266,0.0,1.27,Cluster 0 — Balanced Operational Flow
REC-2024-07-WH-55,2024-07,WH-55,Hub Central-3 — Indore Pithampur Park,Central,Indore,Regional DC,47123.53,45347.68,43180.2,9470.3,25492.3,10.2,3.58,1341.0,0.952,0,3482.45,105000,0.411,13.1,51497819.52,0.908,0.871,0.3,412,0.173,Balanced,2024,7,3,0,1.0392,0.0392,0.351,0.0,0.4112,4.56,27.49,0.1523,0.0377,17687.9,0.0332,0.0,0.416,Cluster 0 — Balanced Operational Flow
REC-2024-08-WH-55,2024-08,WH-55,Hub Central-3 — Indore Pithampur Park,Central,Indore,Regional DC,46088.41,43442.98,40534.77,10231.3,24979.59,9.6,4.0,1215.0,0.978,0,208.23,105000,0.386,13.64,84288132.31,0.891,0.92,5.1,412,0.119,Overstock,2024,8,3,0,1.0609,0.0609,0.4167,0.0,0.386,3.962,26.39,0.1992,0.0574,15555.18,0.002,0.0,6.324,Cluster 0 — Balanced Operational Flow
REC-2024-09-WH-55,2024-09,WH-55,Hub Central-3 — Indore Pithampur Park,Central,Indore,Regional DC,62264.36,65392.93,43663.34,14229.87,33324.27,9.2,4.1,2190.0,0.96,0,0.0,105000,0.416,17.11,112439761.7,1.105,0.914,5.65,412,0.128,Overstock,2024,9,3,0,0.9522,-0.0478,0.4457,0.0,0.4158,3.068,21.04,0.1703,-0.0502,10339.07,0.0,0.0,7.108,Cluster 0 — Balanced Operational Flow
REC-2024-10-WH-55,2024-10,WH-55,Hub Central-3 — Indore Pithampur Park,Central,Indore,Regional DC,73172.54,78871.67,49362.47,17579.95,37092.63,8.0,4.32,2403.0,0.993,0,0.0,105000,0.47,17.79,53041293.78,1.331,0.893,0.4,412,0.272,Overstock,2024,10,4,1,0.9277,-0.0723,0.54,0.0,0.4701,2.808,20.24,0.0995,-0.0779,12269.84,0.0,0.0,0.528,Cluster 0 — Balanced Operational Flow
REC-2024-11-WH-55,2024-11,WH-55,Hub Central-3 — Indore Pithampur Park,Central,Indore,Regional DC,73482.6,77052.21,52932.08,19613.19,45821.98,10.7,4.82,2728.0,0.981,0,0.0,105000,0.504,16.66,59727533.93,1.416,0.892,0.2,412,0.175,Overstock,2024,11,4,1,0.9537,-0.0463,0.4505,0.0,0.5041,2.699,21.61,0.1052,-0.0486,7110.1,0.0,0.0,0.265,Cluster 0 — Balanced Operational Flow
REC-2024-12-WH-55,2024-12,WH-55,Hub Central-3 — Indore Pithampur Park,Central,Indore,Regional DC,73636.39,75002.31,54298.0,20615.03,43933.22,9.5,5.05,2372.0,0.968,0,0.0,105000,0.517,16.27,74794360.81,1.182,0.861,1.1,412,0.16,Overstock,2024,12,4,1,0.9818,-0.0182,0.5316,0.0,0.5171,2.634,22.12,0.1174,-0.0185,10364.78,0.0,0.0,1.559,Cluster 0 — Balanced Operational Flow
REC-2023-01-WH-56,2023-01,WH-56,Depot Central-4 — Bhopal Central DC,Central,Bhopal,Regional DC,31454.56,34720.72,53882.72,6949.42,17958.52,10.5,3.95,1102.0,0.97,0,25500.07,72000,0.748,7.01,15184368.96,0.938,0.985,0.3,412,0.058,Balanced,2023,1,1,0,0.9059,-0.0941,0.3762,0.0,0.7484,7.754,51.39,0.1239,-0.1038,35924.2,0.3542,0.0,0.313,Cluster 2 — Chronic Overstock Buffers
REC-2023-02-WH-56,2023-02,WH-56,Depot Central-4 — Bhopal Central DC,Central,Bhopal,Regional DC,28587.93,31109.48,56404.27,5039.55,13139.46,8.5,3.16,771.0,0.971,0,35705.48,72000,0.783,6.08,9691052.13,0.87,0.873,0.5,412,0.16,Overstock,2023,2,1,0,0.9189,-0.0811,0.3718,0.0,0.7834,11.192,59.19,0.1089,-0.0882,43264.81,0.4959,0.0,0.69,Cluster 2 — Chronic Overstock Buffers
REC-2023-03-WH-56,2023-03,WH-56,Depot Central-4 — Bhopal Central DC,Central,Bhopal,Regional DC,30994.88,32552.84,57962.23,6360.05,19791.16,13.0,3.7,838.0,0.95,0,28631.0,72000,0.805,6.42,8552051.69,1.011,0.928,5.6,412,0.055,Overstock,2023,3,1,0,0.9521,-0.0479,0.2846,0.0,0.805,9.113,56.1,0.0944,-0.0503,38171.07,0.3977,0.0,6.81,Cluster 2 — Chronic Overstock Buffers
REC-2023-04-WH-56,2023-04,WH-56,Depot Central-4 — Bhopal Central DC,Central,Bhopal,Regional DC,37737.39,44180.26,64405.1,7396.99,20227.7,10.2,3.52,1045.0,0.964,0,33081.91,72000,0.895,7.03,31778632.59,1.116,0.988,0.1,412,0.046,Overstock,2023,4,2,0,0.8542,-0.1458,0.3451,0.0,0.8945,8.707,51.2,0.1494,-0.1707,44177.4,0.4595,0.0,0.104,Cluster 2 — Chronic Overstock Buffers
REC-2023-05-WH-56,2023-05,WH-56,Depot Central-4 — Bhopal Central DC,Central,Bhopal,Regional DC,40953.32,52393.31,75845.09,8207.76,20903.29,9.3,3.61,1235.0,0.961,0,42630.16,72000,1.053,6.48,62918497.79,1.167,0.904,0.5,412,0.193,Overstock,2023,5,2,0,0.7817,-0.2183,0.3882,0.0,1.0534,9.241,55.56,0.1937,-0.2793,54941.8,0.5921,0.0,0.644,Cluster 2 — Chronic Overstock Buffers
REC-2023-06-WH-56,2023-06,WH-56,Depot Central-4 — Bhopal Central DC,Central,Bhopal,Regional DC,30732.85,32864.9,77977.14,6178.56,14783.76,8.4,3.6,1061.0,0.973,0,53925.54,72000,1.083,4.73,10939138.4,1.055,0.985,3.7,412,0.189,Overstock,2023,6,2,0,0.9351,-0.0649,0.4286,0.0,1.083,12.621,76.12,0.1076,-0.0694,63193.38,0.749,0.0,3.866,Cluster 2 — Chronic Overstock Buffers
REC-2023-07-WH-56,2023-07,WH-56,Depot Central-4 — Bhopal Central DC,Central,Bhopal,Regional DC,29303.94,31649.24,80322.44,6280.9,17416.4,11.4,3.82,1111.0,0.952,0,53484.69,72000,1.116,4.38,18415167.89,0.932,0.909,0.4,412,0.073,Overstock,2023,7,3,0,0.9259,-0.0741,0.3351,0.0,1.1156,12.788,82.23,0.1464,-0.08,62906.04,0.7428,0.0,0.509,Cluster 2 — Chronic Overstock Buffers
REC-2023-08-WH-56,2023-08,WH-56,Depot Central-4 — Bhopal Central DC,Central,Bhopal,Regional DC,31115.02,37510.54,86717.96,6830.61,17513.43,10.3,3.95,1182.0,0.987,0,58958.62,72000,1.204,4.31,20568384.14,1.01,0.985,2.5,412,0.082,Overstock,2023,8,3,0,0.8295,-0.1705,0.3835,0.0,1.2044,12.695,83.61,0.1458,-0.2055,69204.53,0.8189,0.0,2.612,Cluster 2 — Chronic Overstock Buffers
REC-2023-09-WH-56,2023-09,WH-56,Depot Central-4 — Bhopal Central DC,Central,Bhopal,Regional DC,34437.17,37397.41,89678.2,6151.73,16482.88,9.0,3.22,1205.0,0.952,0,63967.72,72000,1.246,4.61,13243363.06,1.114,0.964,0.7,412,0.213,Overstock,2023,9,3,0,0.9208,-0.0792,0.3578,0.0,1.2455,14.578,78.12,0.1057,-0.086,73195.32,0.8884,0.0,0.776,Cluster 2 — Chronic Overstock Buffers
REC-2023-10-WH-56,2023-10,WH-56,Depot Central-4 — Bhopal Central DC,Central,Bhopal,Regional DC,40027.07,47893.1,97544.23,7902.68,18709.99,8.1,3.57,1753.0,0.967,0,66980.22,72000,1.355,4.92,5446116.35,1.323,0.953,0.8,412,0.079,Overstock,2023,10,4,1,0.8358,-0.1642,0.4407,0.0,1.3548,12.343,73.11,0.0583,-0.1965,78834.24,0.9303,0.0,0.913,Cluster 2 — Chronic Overstock Buffers
REC-2023-11-WH-56,2023-11,WH-56,Depot Central-4 — Bhopal Central DC,Central,Bhopal,Regional DC,40675.93,50301.32,107169.62,8596.64,24189.08,11.5,3.82,1380.0,0.961,0,70085.58,72000,1.488,4.55,24271353.22,1.384,0.944,2.5,412,0.057,Understock / Shortage,2023,11,4,1,0.8086,-0.1914,0.3322,0.0,1.4885,12.466,79.04,0.1211,-0.2366,82980.54,0.9734,0.0,2.92,Cluster 2 — Chronic Overstock Buffers
REC-2023-12-WH-56,2023-12,WH-56,Depot Central-4 — Bhopal Central DC,Central,Bhopal,Regional DC,39600.56,47303.76,114872.82,7786.39,18610.54,8.2,3.53,1392.0,0.955,0,84582.7,72000,1.595,4.14,10536733.51,1.108,0.979,5.65,412,0.075,Overstock,2023,12,4,1,0.8372,-0.1628,0.4305,0.0,1.5955,14.753,87.02,0.082,-0.1945,96262.28,1.1748,0.0,6.006,Cluster 2 — Chronic Overstock Buffers
REC-2024-01-WH-56,2024-01,WH-56,Depot Central-4 — Bhopal Central DC,Central,Bhopal,Regional DC,32421.74,38261.34,120712.42,6582.88,15660.97,8.4,3.67,1103.0,0.97,0,95177.13,72000,1.677,3.22,8843581.21,0.919,0.942,0.3,412,0.142,Overstock,2024,1,1,0,0.8474,-0.1526,0.4369,0.0,1.6766,18.337,111.7,0.0917,-0.1801,105051.45,1.3219,0.0,0.352,Cluster 2 — Chronic Overstock Buffers
REC-2024-02-WH-56,2024-02,WH-56,Depot Central-4 — Bhopal Central DC,Central,Bhopal,Regional DC,33029.6,35290.2,122973.02,6191.11,17971.67,10.7,3.32,1422.0,0.995,0,95714.68,72000,1.708,3.22,14097391.47,0.898,0.94,3.1,412,0.091,Overstock,2024,2,1,0,0.9359,-0.0641,0.3103,0.0,1.708,19.863,111.69,0.1137,-0.0684,105001.35,1.3294,0.0,3.658,Cluster 2 — Chronic Overstock Buffers
REC-2024-03-WH-56,2024-03,WH-56,Depot Central-4 — Bhopal Central DC,Central,Bhopal,Regional DC,31944.31,34933.68,125962.39,6668.91,18062.38,10.7,3.76,1018.0,0.954,0,97896.64,72000,1.749,3.04,17246746.74,1.026,0.972,1.5,412,0.159,Overstock,2024,3,1,0,0.9144,-0.0856,0.3514,0.0,1.7495,18.888,118.3,0.13,-0.0936,107900.01,1.3597,0.0,1.626,Cluster 2 — Chronic Overstock Buffers
REC-2024-04-WH-56,2024-04,WH-56,Depot Central-4 — Bhopal Central DC,Central,Bhopal,Regional DC,46578.1,57649.94,137034.23,8596.59,21793.72,8.5,3.32,1383.0,0.959,0,102345.62,72000,1.903,4.08,23848321.78,1.079,0.876,0.2,412,0.225,Overstock,2024,4,2,0,0.8079,-0.1921,0.3906,0.0,1.9033,15.941,88.26,0.1048,-0.2377,115240.51,1.4215,0.0,0.274,Cluster 2 — Chronic Overstock Buffers
REC-2024-05-WH-56,2024-05,WH-56,Depot Central-4 — Bhopal Central DC,Central,Bhopal,Regional DC,41805.75,47189.49,142417.97,6607.28,18730.95,8.7,2.78,1599.0,0.975,0,113776.1,72000,1.978,3.52,79665813.92,1.182,0.99,0.2,412,0.159,Overstock,2024,5,2,0,0.8859,-0.1141,0.3195,0.0,1.978,21.555,102.2,0.2135,-0.1288,123687.02,1.5802,0.0,0.206,Cluster 2 — Chronic Overstock Buffers
REC-2024-06-WH-56,2024-06,WH-56,Depot Central-4 — Bhopal Central DC,Central,Bhopal,Regional DC,32908.84,38748.94,148258.07,7000.67,18079.98,10.1,3.81,901.0,0.995,0,119677.08,72000,2.059,2.66,17984014.92,1.005,0.943,0.1,412,0.077,Overstock,2024,6,2,0,0.8493,-0.1507,0.3772,0.0,2.0591,21.178,135.15,0.1289,-0.1775,130178.09,1.6622,0.0,0.117,Cluster 2 — Chronic Overstock Buffers
REC-2024-07-WH-56,2024-07,WH-56,Depot Central-4 — Bhopal Central DC,Central,Bhopal,Regional DC,28266.83,31414.83,151406.07,5659.58,15176.08,10.1,3.57,972.0,0.991,0,127740.62,72000,2.103,2.24,7387155.79,0.904,0.982,1.3,412,0.142,Overstock,2024,7,3,0,0.8998,-0.1002,0.3535,0.0,2.1029,26.752,160.69,0.0962,-0.1114,136229.99,1.7742,0.0,1.37,Cluster 2 — Chronic Overstock Buffers
REC-2024-08-WH-56,2024-08,WH-56,Depot Central-4 — Bhopal Central DC,Central,Bhopal,Regional DC,39513.3,48293.99,160186.76,7090.9,18813.18,8.9,3.22,1408.0,0.953,0,130737.23,72000,2.225,2.96,44111976.92,0.95,0.932,5.6,412,0.161,Overstock,2024,8,3,0,0.8182,-0.1818,0.3618,0.0,2.2248,22.59,121.62,0.1681,-0.2222,141373.58,1.8158,0.0,6.742,Cluster 2 — Chronic Overstock Buffers
REC-2024-09-WH-56,2024-09,WH-56,Depot Central-4 — Bhopal Central DC,Central,Bhopal,Regional DC,36364.54,38718.27,162540.49,6710.01,19195.17,10.3,3.27,1348.0,0.993,0,133280.3,72000,2.258,2.68,50592669.29,1.05,0.945,3.2,412,0.108,Overstock,2024,9,3,0,0.9392,-0.0608,0.3175,0.0,2.2575,24.224,134.09,0.1956,-0.0647,143345.32,1.8511,0.0,3.728,Cluster 2 — Chronic Overstock Buffers
REC-2024-10-WH-56,2024-10,WH-56,Depot Central-4 — Bhopal Central DC,Central,Bhopal,Regional DC,49290.67,58924.0,172173.82,10688.94,23997.42,8.1,3.92,1896.0,0.971,0,132142.99,72000,2.391,3.44,54409859.28,1.361,0.892,0.8,412,0.098,Overstock,2024,10,4,1,0.8365,-0.1635,0.484,0.0,2.3913,16.108,104.79,0.1496,-0.1954,148176.4,1.8353,0.0,1.059,Cluster 2 — Chronic Overstock Buffers
REC-2024-11-WH-56,2024-11,WH-56,Depot Central-4 — Bhopal Central DC,Central,Bhopal,Regional DC,51580.05,56735.18,177328.95,9180.27,22763.02,7.9,3.19,1655.0,0.97,0,140795.53,72000,2.463,3.49,49457931.7,1.406,0.933,1.2,412,0.112,Overstock,2024,11,4,1,0.9091,-0.0909,0.4038,0.0,2.4629,19.316,103.14,0.1363,-0.0999,154565.93,1.9555,0.0,1.441,Cluster 2 — Chronic Overstock Buffers
REC-2024-12-WH-56,2024-12,WH-56,Depot Central-4 — Bhopal Central DC,Central,Bhopal,Regional DC,39787.96,42888.17,180429.16,6768.12,20693.91,10.5,3.06,1643.0,0.956,0,149583.07,72000,2.506,2.65,32409532.59,1.105,0.961,1.4,412,0.085,Overstock,2024,12,4,1,0.9277,-0.0723,0.2914,0.0,2.506,26.659,136.04,0.1431,-0.0779,159735.25,2.0775,0.0,1.564,Cluster 2 — Chronic Overstock Buffers
REC-2023-01-WH-57,2023-01,WH-57,Facility Central-5 — Jabalpur Rail Terminal,Central,Jabalpur,Urban Depot,17306.74,21950.95,44282.48,1751.22,5443.32,6.4,1.81,553.0,0.976,0,36212.33,48000,0.923,4.69,1229374.44,0.977,0.892,0.6,294,0.043,Overstock,2023,1,1,0,0.7884,-0.2116,0.2828,0.0,0.9226,25.287,76.76,0.0641,-0.2683,38839.16,0.7544,0.0,0.794,Cluster 2 — Chronic Overstock Buffers
REC-2023-02-WH-57,2023-02,WH-57,Facility Central-5 — Jabalpur Rail Terminal,Central,Jabalpur,Urban Depot,16013.26,17792.94,46062.16,1978.92,4434.29,4.6,2.2,441.0,0.972,0,38659.49,48000,0.96,4.17,3778498.02,0.881,0.916,0.5,294,0.14,Overstock,2023,2,1,0,0.9,-0.1,0.4783,0.0,0.9596,23.276,86.3,0.1214,-0.1111,41627.87,0.8054,0.0,0.626,Cluster 2 — Chronic Overstock Buffers
REC-2023-03-WH-57,2023-03,WH-57,Facility Central-5 — Jabalpur Rail Terminal,Central,Jabalpur,Urban Depot,17193.67,20190.78,49059.27,1787.54,4882.4,5.4,1.81,559.0,0.965,0,41495.56,48000,1.022,4.21,3075982.57,1.003,0.939,0.9,294,0.142,Overstock,2023,3,1,0,0.8516,-0.1484,0.3352,0.0,1.0221,27.445,85.6,0.102,-0.1743,44176.87,0.8645,0.0,1.065,Cluster 2 — Chronic Overstock Buffers
REC-2023-04-WH-57,2023-04,WH-57,Facility Central-5 — Jabalpur Rail Terminal,Central,Jabalpur,Urban Depot,19297.1,24207.67,53969.84,2176.59,7322.48,8.0,2.02,558.0,0.991,0,43382.48,48000,1.124,4.29,13349245.69,1.132,0.983,0.5,294,0.069,Overstock,2023,4,2,0,0.7971,-0.2029,0.2525,0.0,1.1244,24.796,83.9,0.1893,-0.2545,46647.36,0.9038,0.0,0.526,Cluster 2 — Chronic Overstock Buffers
REC-2023-05-WH-57,2023-05,WH-57,Facility Central-5 — Jabalpur Rail Terminal,Central,Jabalpur,Urban Depot,21941.65,27735.83,59764.02,2358.36,6892.97,6.2,1.93,659.0,0.956,0,49333.51,48000,1.245,4.41,9411633.41,1.198,0.91,0.9,294,0.06,Overstock,2023,5,2,0,0.7911,-0.2089,0.3113,0.0,1.2451,25.341,81.71,0.1398,-0.2641,52871.05,1.0278,0.0,1.143,Cluster 2 — Chronic Overstock Buffers
REC-2023-06-WH-57,2023-06,WH-57,Facility Central-5 — Jabalpur Rail Terminal,Central,Jabalpur,Urban Depot,19986.66,24633.35,64410.71,2218.79,6749.1,6.8,1.94,577.0,0.968,0,54333.42,48000,1.342,3.72,4213753.76,1.067,0.952,0.2,294,0.145,Overstock,2023,6,2,0,0.8114,-0.1886,0.2853,0.0,1.3419,29.03,96.68,0.1027,-0.2325,57661.61,1.1319,0.0,0.229,Cluster 2 — Chronic Overstock Buffers
REC-2023-07-WH-57,2023-07,WH-57,Facility Central-5 — Jabalpur Rail Terminal,Central,Jabalpur,Urban Depot,18170.13,19369.3,65609.88,2022.34,6383.17,7.2,1.96,496.0,0.959,0,56193.2,48000,1.367,3.32,5401119.4,0.958,0.915,0.8,294,0.157,Overstock,2023,7,3,0,0.9381,-0.0619,0.2722,0.0,1.3669,32.443,108.33,0.1279,-0.066,59226.71,1.1707,0.0,1.004,Cluster 2 — Chronic Overstock Buffers
REC-2023-08-WH-57,2023-08,WH-57,Facility Central-5 — Jabalpur Rail Terminal,Central,Jabalpur,Urban Depot,14449.15,17989.57,69150.3,1681.6,4378.77,5.6,2.07,455.0,0.976,0,62249.13,48000,1.441,2.51,523513.54,0.914,0.952,0.0,294,0.015,Overstock,2023,8,3,0,0.8032,-0.1968,0.3696,0.0,1.4406,41.122,143.57,0.0501,-0.245,64771.53,1.2969,0.0,0.0,Cluster 2 — Chronic Overstock Buffers
REC-2023-09-WH-57,2023-09,WH-57,Facility Central-5 — Jabalpur Rail Terminal,Central,Jabalpur,Urban Depot,20467.89,25661.28,74343.69,2712.2,7624.49,7.2,2.38,895.0,0.998,0,62650.9,48000,1.549,3.3,10099112.85,1.103,0.99,0.4,294,-0.007,Overstock,2023,9,3,0,0.7976,-0.2024,0.3306,0.0,1.5488,27.411,108.97,0.1553,-0.2537,66719.2,1.3052,0.0,0.412,Cluster 2 — Chronic Overstock Buffers
REC-2023-10-WH-57,2023-10,WH-57,Facility Central-5 — Jabalpur Rail Terminal,Central,Jabalpur,Urban Depot,21245.17,24338.61,77437.13,2578.7,6969.37,6.2,2.13,565.0,0.976,0,66599.71,48000,1.613,3.29,1557185.27,1.386,0.99,1.0,294,0.115,Understock / Shortage,2023,10,4,1,0.8729,-0.1271,0.3435,0.0,1.6133,30.03,109.35,0.0587,-0.1456,70467.76,1.3875,0.0,1.03,Cluster 2 — Chronic Overstock Buffers
REC-2023-11-WH-57,2023-11,WH-57,Facility Central-5 — Jabalpur Rail Terminal,Central,Jabalpur,Urban Depot,22059.28,25973.69,81351.54,2402.37,7843.66,7.4,1.89,747.0,0.979,0,69904.32,48000,1.695,3.25,9756695.82,1.359,0.944,0.3,294,0.157,Overstock,2023,11,4,1,0.8493,-0.1507,0.2554,0.0,1.6948,33.863,110.64,0.1416,-0.1774,73507.88,1.4563,0.0,0.35,Cluster 2 — Chronic Overstock Buffers
REC-2023-12-WH-57,2023-12,WH-57,Facility Central-5 — Jabalpur Rail Terminal,Central,Jabalpur,Urban Depot,21665.25,27288.74,86975.03,2676.19,7153.67,6.2,2.2,661.0,0.986,0,75807.08,48000,1.812,2.99,3680432.27,1.212,0.99,0.8,294,0.112,Overstock,2023,12,4,1,0.7939,-0.2061,0.3548,0.0,1.812,32.5,120.43,0.0885,-0.2596,79821.36,1.5793,0.0,0.824,Cluster 2 — Chronic Overstock Buffers
REC-2024-01-WH-57,2024-01,WH-57,Facility Central-5 — Jabalpur Rail Terminal,Central,Jabalpur,Urban Depot,14815.68,16505.84,88665.19,2112.34,5124.86,6.1,2.55,422.0,0.99,0,80371.82,48000,1.847,2.01,6520091.1,0.923,0.924,2.1,294,0.16,Balanced,2024,1,1,0,0.8976,-0.1024,0.418,0.0,1.8472,41.975,179.54,0.1723,-0.1141,83540.33,1.6744,0.0,2.579,Cluster 2 — Chronic Overstock Buffers
REC-2024-02-WH-57,2024-02,WH-57,Facility Central-5 — Jabalpur Rail Terminal,Central,Jabalpur,Urban Depot,15836.79,17819.45,90647.85,1931.85,6154.99,8.0,2.17,474.0,0.988,0,81595.09,48000,1.888,2.1,9286307.45,0.905,0.937,0.3,294,0.156,Overstock,2024,2,1,0,0.8887,-0.1113,0.2712,0.0,1.8885,46.923,171.72,0.1924,-0.1252,84492.86,1.6999,0.0,0.357,Cluster 2 — Chronic Overstock Buffers
REC-2024-03-WH-57,2024-03,WH-57,Facility Central-5 — Jabalpur Rail Terminal,Central,Jabalpur,Urban Depot,17304.11,19387.03,92730.77,2394.43,6201.33,6.6,2.44,533.0,0.987,0,82937.8,48000,1.932,2.24,5199953.35,1.023,0.99,0.5,294,0.093,Overstock,2024,3,1,0,0.8926,-0.1074,0.3697,0.0,1.9319,38.728,160.77,0.1318,-0.1204,86529.44,1.7279,0.0,0.515,Cluster 2 — Chronic Overstock Buffers
REC-2024-04-WH-57,2024-04,WH-57,Facility Central-5 — Jabalpur Rail Terminal,Central,Jabalpur,Urban Depot,19479.66,22532.66,95783.77,2229.76,5801.03,5.5,2.06,783.0,0.99,0,86638.1,48000,1.995,2.44,13685613.47,1.087,0.896,0.4,294,0.092,Overstock,2024,4,2,0,0.8645,-0.1355,0.3745,0.0,1.9955,42.957,147.51,0.1899,-0.1567,89982.74,1.805,0.0,0.525,Cluster 2 — Chronic Overstock Buffers
REC-2024-05-WH-57,2024-05,WH-57,Facility Central-5 — Jabalpur Rail Terminal,Central,Jabalpur,Urban Depot,22248.53,23975.14,97510.38,2510.23,8443.17,8.0,1.95,929.0,0.972,0,85301.86,48000,2.031,2.74,7821324.73,1.18,0.925,0.2,294,0.135,Overstock,2024,5,2,0,0.928,-0.072,0.2438,0.0,2.0315,38.845,131.48,0.1257,-0.0776,89067.21,1.7771,0.0,0.245,Cluster 2 — Chronic Overstock Buffers
REC-2024-06-WH-57,2024-06,WH-57,Facility Central-5 — Jabalpur Rail Terminal,Central,Jabalpur,Urban Depot,19855.87,21716.27,99370.78,2126.36,5898.98,5.7,1.86,652.0,0.966,0,90282.26,48000,2.07,2.4,6828105.48,1.061,0.903,0.1,294,0.16,Overstock,2024,6,2,0,0.9143,-0.0857,0.3263,0.0,2.0702,46.733,150.14,0.1316,-0.0937,93471.8,1.8809,0.0,0.129,Cluster 2 — Chronic Overstock Buffers
REC-2024-07-WH-57,2024-07,WH-57,Facility Central-5 — Jabalpur Rail Terminal,Central,Jabalpur,Urban Depot,17511.41,19580.68,101440.05,2307.42,5401.1,5.3,2.36,511.0,0.998,0,92577.82,48000,2.113,2.07,5187670.6,0.906,0.939,0.5,294,0.205,Understock / Shortage,2024,7,3,0,0.8943,-0.1057,0.4453,0.0,2.1133,43.963,173.78,0.1301,-0.1182,96038.95,1.9287,0.0,0.592,Cluster 2 — Chronic Overstock Buffers
REC-2024-08-WH-57,2024-08,WH-57,Facility Central-5 — Jabalpur Rail Terminal,Central,Jabalpur,Urban Depot,15767.78,17175.97,102848.24,2070.42,7063.55,9.5,2.34,525.0,0.959,0,92679.06,48000,2.143,1.84,4717418.57,0.881,0.927,0.0,294,0.199,Overstock,2024,8,3,0,0.918,-0.082,0.2463,0.0,2.1427,49.675,195.68,0.1377,-0.0893,95784.69,1.9308,0.0,0.0,Cluster 2 — Chronic Overstock Buffers
REC-2024-09-WH-57,2024-09,WH-57,Facility Central-5 — Jabalpur Rail Terminal,Central,Jabalpur,Urban Depot,21765.78,27075.6,108158.06,2270.56,7857.11,7.7,1.77,860.0,0.975,0,96895.11,48000,2.253,2.41,3063645.84,1.058,0.98,0.5,294,0.218,Overstock,2024,9,3,0,0.8039,-0.1961,0.2299,0.0,2.2533,47.635,149.08,0.0804,-0.244,100300.95,2.0186,0.0,0.53,Cluster 2 — Chronic Overstock Buffers
REC-2024-10-WH-57,2024-10,WH-57,Facility Central-5 — Jabalpur Rail Terminal,Central,Jabalpur,Urban Depot,27815.46,32564.57,112907.17,3403.5,6555.92,3.4,2.19,1015.0,0.983,0,101246.0,48000,2.352,2.96,14231820.53,1.348,0.919,0.8,294,0.118,Overstock,2024,10,4,1,0.8542,-0.1458,0.6441,0.0,2.3522,33.174,121.77,0.1356,-0.1707,106351.25,2.1093,0.0,0.994,Cluster 2 — Chronic Overstock Buffers
REC-2024-11-WH-57,2024-11,WH-57,Facility Central-5 — Jabalpur Rail Terminal,Central,Jabalpur,Urban Depot,25451.42,28419.12,115874.87,2827.24,9190.09,7.5,1.97,935.0,0.976,0,102443.92,48000,2.414,2.64,3449242.3,1.389,0.961,0.1,294,0.144,Overstock,2024,11,4,1,0.8956,-0.1044,0.2627,0.0,2.4141,40.985,136.58,0.073,-0.1166,106684.78,2.1342,0.0,0.112,Cluster 2 — Chronic Overstock Buffers
REC-2024-12-WH-57,2024-12,WH-57,Facility Central-5 — Jabalpur Rail Terminal,Central,Jabalpur,Urban Depot,25770.83,28642.88,118746.92,2931.11,8600.69,6.6,2.03,694.0,0.98,0,105749.56,48000,2.474,2.6,27285736.81,1.139,0.947,0.6,294,0.168,Overstock,2024,12,4,1,0.8997,-0.1003,0.3076,0.0,2.4739,40.513,138.23,0.2027,-0.1114,110146.23,2.2031,0.0,0.695,Cluster 2 — Chronic Overstock Buffers
REC-2023-01-WH-58,2023-01,WH-58,Depot Central-6 — Raipur Logistics Center,Central,Raipur,Regional DC,27305.95,26303.53,30425.89,4338.8,19266.05,16.4,2.84,804.0,0.989,0,4651.64,68000,0.447,10.77,16339760.23,0.877,0.947,1.6,341,0.039,Overstock,2023,1,1,0,1.0381,0.0381,0.1732,0.0,0.4474,7.013,33.43,0.148,0.0367,11159.84,0.0684,0.0,1.854,Cluster 0 — Balanced Operational Flow
REC-2023-02-WH-58,2023-02,WH-58,Depot Central-6 — Raipur Logistics Center,Central,Raipur,Regional DC,21981.62,20293.03,28737.3,4115.09,15692.08,15.8,3.32,697.0,0.953,0,6872.58,68000,0.423,9.18,3313104.26,0.901,0.907,0.7,341,0.01,Overstock,2023,2,1,0,1.0832,0.0832,0.2101,0.0,0.4226,6.983,39.22,0.0828,0.0768,13045.22,0.1011,0.0,0.895,Cluster 0 — Balanced Operational Flow
REC-2023-03-WH-58,2023-03,WH-58,Depot Central-6 — Raipur Logistics Center,Central,Raipur,Regional DC,34607.27,36042.77,30172.8,6104.29,27560.8,18.6,3.16,1140.0,0.989,0,0.0,68000,0.444,13.76,13283295.5,1.07,0.967,0.5,341,0.079,Overstock,2023,3,1,0,0.9602,-0.0398,0.1699,0.0,0.4437,4.943,26.16,0.1053,-0.0415,2612.0,0.0,0.0,0.55,Cluster 0 — Balanced Operational Flow
REC-2023-04-WH-58,2023-04,WH-58,Depot Central-6 — Raipur Logistics Center,Central,Raipur,Regional DC,37708.87,39759.13,32223.06,6768.24,29770.65,18.3,3.18,1529.0,0.98,0,0.0,68000,0.474,14.04,20568102.92,1.112,0.941,0.4,341,0.195,Overstock,2023,4,2,0,0.9484,-0.0516,0.1738,0.0,0.4739,4.761,25.64,0.1203,-0.0544,2452.41,0.0,0.0,0.471,Cluster 0 — Balanced Operational Flow
REC-2023-05-WH-58,2023-05,WH-58,Depot Central-6 — Raipur Logistics Center,Central,Raipur,Regional DC,36802.37,35269.63,30690.32,6792.91,26052.82,15.7,3.26,1257.0,0.95,0,0.0,68000,0.451,14.39,85287323.83,1.141,0.988,0.2,341,0.038,Overstock,2023,5,2,0,1.0435,0.0435,0.2076,0.0,0.4513,4.518,25.02,0.2509,0.0416,4637.5,0.0,0.0,0.207,Cluster 0 — Balanced Operational Flow
REC-2023-06-WH-58,2023-06,WH-58,Depot Central-6 — Raipur Logistics Center,Central,Raipur,Regional DC,29731.64,30698.57,31657.25,4937.22,21091.41,16.3,2.88,1053.0,0.961,0,3160.01,68000,0.466,11.27,22046868.91,1.045,0.96,0.0,341,0.101,Overstock,2023,6,2,0,0.9685,-0.0315,0.1767,0.0,0.4655,6.412,31.94,0.1579,-0.0325,10565.84,0.0465,0.0,0.0,Cluster 0 — Balanced Operational Flow
REC-2023-07-WH-58,2023-07,WH-58,Depot Central-6 — Raipur Logistics Center,Central,Raipur,Regional DC,31745.88,33392.35,33303.72,4991.79,23192.76,17.2,2.74,1210.0,0.982,0,2623.28,68000,0.49,11.44,8886394.79,0.904,0.99,1.1,341,0.125,Overstock,2023,7,3,0,0.9507,-0.0493,0.1593,0.0,0.4898,6.672,31.47,0.0939,-0.0519,10110.96,0.0386,0.0,1.133,Cluster 0 — Balanced Operational Flow
REC-2023-08-WH-58,2023-08,WH-58,Depot Central-6 — Raipur Logistics Center,Central,Raipur,Regional DC,25414.92,26311.86,34200.66,4256.99,17981.05,16.2,2.92,762.0,0.968,0,9834.13,68000,0.503,8.92,2893035.7,0.931,0.912,2.2,341,-0.038,Overstock,2023,8,3,0,0.9659,-0.0341,0.1802,0.0,0.503,8.034,40.37,0.0669,-0.0353,16219.61,0.1446,0.0,2.781,Cluster 0 — Balanced Operational Flow
REC-2023-09-WH-58,2023-09,WH-58,Depot Central-6 — Raipur Logistics Center,Central,Raipur,Regional DC,32349.0,30527.71,32379.37,6238.29,23598.92,16.1,3.43,1391.0,0.991,0,0.0,68000,0.476,11.99,19086233.42,1.114,0.923,0.8,341,0.096,Overstock,2023,9,3,0,1.0597,0.0597,0.213,0.0,0.4762,5.19,30.03,0.1351,0.0563,8780.45,0.0,0.0,0.985,Cluster 0 — Balanced Operational Flow
REC-2023-10-WH-58,2023-10,WH-58,Depot Central-6 — Raipur Logistics Center,Central,Raipur,Regional DC,38633.62,40299.98,34045.73,7633.09,30942.04,18.1,3.46,1063.0,0.982,0,0.0,68000,0.501,13.62,17310731.95,1.33,0.827,0.9,341,0.114,Overstock,2023,10,4,1,0.9587,-0.0413,0.1912,0.0,0.5007,4.46,26.44,0.1077,-0.0431,3103.69,0.0,0.0,1.367,Cluster 0 — Balanced Operational Flow
REC-2023-11-WH-58,2023-11,WH-58,Depot Central-6 — Raipur Logistics Center,Central,Raipur,Regional DC,41985.45,39520.46,31580.74,5787.8,31119.02,18.1,2.4,1625.0,0.963,0,0.0,68000,0.464,15.95,21073461.47,1.386,0.848,0.5,341,0.217,Overstock,2023,11,4,1,1.0624,0.0624,0.1326,0.0,0.4644,5.456,22.57,0.1093,0.0587,461.72,0.0,0.0,0.728,Cluster 0 — Balanced Operational Flow
REC-2023-12-WH-58,2023-12,WH-58,Depot Central-6 — Raipur Logistics Center,Central,Raipur,Regional DC,34235.39,36509.89,33855.24,6857.27,27740.86,18.3,3.49,978.0,0.995,0,0.0,68000,0.498,12.13,7158016.71,1.181,0.815,1.0,341,0.138,Overstock,2023,12,4,1,0.9377,-0.0623,0.1907,0.0,0.4979,4.937,29.67,0.0781,-0.0664,6114.38,0.0,0.0,1.555,Cluster 0 — Balanced Operational Flow
REC-2024-01-WH-58,2024-01,WH-58,Depot Central-6 — Raipur Logistics Center,Central,Raipur,Regional DC,29987.97,27625.7,31492.97,5247.85,23140.67,17.9,3.09,961.0,0.98,0,480.53,68000,0.463,11.43,24287600.47,0.981,0.881,1.3,341,0.055,Overstock,2024,1,1,0,1.0855,0.0855,0.1726,0.0,0.4631,6.001,31.51,0.1643,0.0788,8352.3,0.0071,0.0,1.764,Cluster 0 — Balanced Operational Flow
REC-2024-02-WH-58,2024-02,WH-58,Depot Central-6 — Raipur Logistics Center,Central,Raipur,Regional DC,28302.08,28463.69,31654.58,4465.67,21824.28,18.4,2.75,1031.0,0.982,0,3131.8,68000,0.466,10.73,22410560.84,0.876,0.918,2.9,341,0.22,Overstock,2024,2,1,0,0.9943,-0.0057,0.1495,0.0,0.4655,7.088,33.55,0.1673,-0.0057,9830.3,0.0461,0.0,3.613,Cluster 0 — Balanced Operational Flow
REC-2024-03-WH-58,2024-03,WH-58,Depot Central-6 — Raipur Logistics Center,Central,Raipur,Regional DC,35165.52,37181.83,33670.89,5619.48,25898.26,17.3,2.78,1483.0,0.992,0,0.0,68000,0.495,12.53,23683198.28,1.026,0.91,1.3,341,0.164,Overstock,2024,3,1,0,0.9458,-0.0542,0.1607,0.0,0.4952,5.992,28.72,0.1384,-0.0573,7772.63,0.0,0.0,1.651,Cluster 0 — Balanced Operational Flow
REC-2024-04-WH-58,2024-04,WH-58,Depot Central-6 — Raipur Logistics Center,Central,Raipur,Regional DC,39090.0,41621.75,36202.64,5715.41,27736.11,16.9,2.61,1620.0,0.955,0,0.0,68000,0.532,12.96,11156436.3,1.103,0.925,2.4,341,0.123,Overstock,2024,4,2,0,0.9392,-0.0608,0.1544,0.0,0.5324,6.334,27.78,0.0854,-0.0648,8466.53,0.0,0.0,2.94,Cluster 0 — Balanced Operational Flow
REC-2024-05-WH-58,2024-05,WH-58,Depot Central-6 — Raipur Logistics Center,Central,Raipur,Regional DC,38969.99,38380.01,35612.66,5721.99,29103.98,18.0,2.45,1522.0,0.976,0,0.0,68000,0.524,13.13,37329340.7,1.166,0.879,0.5,341,0.191,Overstock,2024,5,2,0,1.0154,0.0154,0.1361,0.0,0.5237,6.224,27.42,0.1568,0.0151,6508.68,0.0,0.0,0.682,Cluster 0 — Balanced Operational Flow
REC-2024-06-WH-58,2024-06,WH-58,Depot Central-6 — Raipur Logistics Center,Central,Raipur,Regional DC,31043.25,31045.04,35614.45,5432.46,22092.34,16.1,3.13,903.0,0.972,0,5373.42,68000,0.524,10.46,34744235.91,1.029,0.94,0.5,341,0.175,Overstock,2024,6,2,0,0.9999,-0.0001,0.1944,0.0,0.5237,6.556,34.42,0.1899,-0.0001,13522.11,0.079,0.0,0.59,Cluster 0 — Balanced Operational Flow
REC-2024-07-WH-58,2024-07,WH-58,Depot Central-6 — Raipur Logistics Center,Central,Raipur,Regional DC,29973.23,31219.14,36860.36,5755.88,20642.58,14.9,3.4,1207.0,0.959,0,7583.96,68000,0.542,9.76,13185042.43,0.911,0.971,1.7,341,0.162,Overstock,2024,7,3,0,0.9601,-0.0399,0.2282,0.0,0.5421,6.404,36.89,0.1211,-0.0416,16217.78,0.1115,0.0,1.848,Cluster 0 — Balanced Operational Flow
REC-2024-08-WH-58,2024-08,WH-58,Depot Central-6 — Raipur Logistics Center,Central,Raipur,Regional DC,29222.37,31313.93,38951.92,4784.55,22902.42,18.6,2.87,1153.0,0.975,0,8872.67,68000,0.573,9.0,11675386.09,0.982,0.952,1.1,341,0.15,Overstock,2024,8,3,0,0.9332,-0.0668,0.1543,0.0,0.5728,8.141,39.99,0.1169,-0.0716,16049.5,0.1305,0.0,1.258,Cluster 0 — Balanced Operational Flow
REC-2024-09-WH-58,2024-09,WH-58,Depot Central-6 — Raipur Logistics Center,Central,Raipur,Regional DC,31604.04,31708.18,39056.06,5139.91,21995.4,16.0,2.84,904.0,0.979,0,9350.79,68000,0.574,9.71,34697343.09,1.062,0.979,0.4,341,0.126,Overstock,2024,9,3,0,0.9967,-0.0033,0.1775,0.0,0.5744,7.599,37.07,0.1864,-0.0033,17060.66,0.1375,0.0,0.425,Cluster 0 — Balanced Operational Flow
REC-2024-10-WH-58,2024-10,WH-58,Depot Central-6 — Raipur Logistics Center,Central,Raipur,Regional DC,47600.51,48087.68,39543.23,8282.51,36366.81,17.7,3.04,1476.0,0.972,0,0.0,68000,0.582,14.45,72830707.29,1.307,0.893,1.0,341,0.157,Overstock,2024,10,4,1,0.9899,-0.0101,0.1718,0.0,0.5815,4.774,24.92,0.1793,-0.0102,3176.42,0.0,0.0,1.321,Cluster 0 — Balanced Operational Flow
REC-2024-11-WH-58,2024-11,WH-58,Depot Central-6 — Raipur Logistics Center,Central,Raipur,Regional DC,38611.62,41458.72,42390.33,7492.5,30144.65,17.6,3.44,1051.0,0.991,0,1006.93,68000,0.623,10.93,28060725.1,1.395,0.979,0.5,341,0.089,Overstock,2024,11,4,1,0.9313,-0.0687,0.1955,0.0,0.6234,5.658,32.94,0.1372,-0.0737,12245.68,0.0148,0.0,0.532,Cluster 0 — Balanced Operational Flow
REC-2024-12-WH-58,2024-12,WH-58,Depot Central-6 — Raipur Logistics Center,Central,Raipur,Regional DC,34810.58,34216.08,41795.83,5369.59,26255.94,18.0,2.73,1064.0,0.954,0,7485.51,68000,0.615,9.99,33552358.39,1.136,0.946,0.4,341,0.086,Overstock,2024,12,4,1,1.0174,0.0174,0.1517,0.0,0.6146,7.784,36.02,0.1664,0.0171,15539.89,0.1101,0.0,0.465,Cluster 0 — Balanced Operational Flow
REC-2023-01-WH-59,2023-01,WH-59,Facility Central-7 — Bilaspur Transit Depot,Central,Bilaspur,Urban Depot,11131.04,7613.98,9748.57,5016.29,9283.19,11.5,8.16,452.0,0.966,0,0.0,36000,0.271,13.7,2290185.77,0.923,0.749,5.65,102,0.042,Understock / Shortage,2023,1,1,0,1.4619,0.4619,0.7096,0.0,0.2708,1.943,26.27,0.136,0.316,465.38,0.0,0.0,9.904,Cluster 1 — High-Velocity Shortage Risk
REC-2023-02-WH-59,2023-02,WH-59,Facility Central-7 — Bilaspur Transit Depot,Central,Bilaspur,Urban Depot,11462.91,6288.95,4574.61,5687.24,9890.31,11.0,8.99,443.0,0.984,1,0.0,36000,0.127,25.0,1437610.9,0.924,0.756,1.5,102,0.071,Understock / Shortage,2023,2,1,0,1.8227,0.8227,0.8173,1.08,0.1271,0.804,11.97,0.1046,0.4514,-5315.7,0.0,1112.63,2.598,Cluster 1 — High-Velocity Shortage Risk
REC-2023-03-WH-59,2023-03,WH-59,Facility Central-7 — Bilaspur Transit Depot,Central,Bilaspur,Urban Depot,14193.69,9026.28,235.49,6538.78,11837.76,11.2,8.35,536.0,0.958,5,0.0,36000,0.007,25.0,5019777.3,1.02,0.734,5.65,102,0.154,Understock / Shortage,2023,3,1,0,1.5725,0.5725,0.7455,6.05,0.0065,0.036,0.5,0.1579,0.3641,-11602.27,0.0,6303.29,10.159,Cluster 1 — High-Velocity Shortage Risk
REC-2023-04-WH-59,2023-04,WH-59,Facility Central-7 — Bilaspur Transit Depot,Central,Bilaspur,Urban Depot,14794.94,9278.22,195.2,6731.18,11514.88,9.7,8.26,464.0,0.643,10,0.0,36000,0.005,25.0,9803337.21,1.145,0.729,1.1,102,0.029,Understock / Shortage,2023,4,2,0,1.5946,0.5946,0.8515,27.85,0.0054,0.029,0.4,0.2116,0.3729,-11319.68,0.0,6535.98,1.994,Cluster 1 — High-Velocity Shortage Risk
REC-2023-05-WH-59,2023-05,WH-59,Facility Central-7 — Bilaspur Transit Depot,Central,Bilaspur,Urban Depot,15507.22,9221.5,252.65,6465.45,11996.36,10.7,7.56,620.0,0.607,9,0.0,36000,0.007,25.0,4951403.75,1.191,0.735,2.2,102,0.116,Understock / Shortage,2023,5,2,0,1.6816,0.6816,0.7065,26.685,0.007,0.039,0.49,0.1435,0.4053,-11743.71,0.0,6212.8,3.949,Cluster 1 — High-Velocity Shortage Risk
REC-2023-06-WH-59,2023-06,WH-59,Facility Central-7 — Bilaspur Transit Depot,Central,Bilaspur,Urban Depot,13007.2,8888.25,16.71,5406.86,10739.81,12.3,7.54,370.0,0.703,10,0.0,36000,0.0,25.0,2513358.09,0.999,0.803,5.65,102,0.145,Understock / Shortage,2023,6,2,0,1.4634,0.4634,0.613,24.85,0.0005,0.003,0.04,0.1219,0.3167,-10723.1,0.0,5390.15,8.989,Cluster 1 — High-Velocity Shortage Risk
REC-2023-07-WH-59,2023-07,WH-59,Facility Central-7 — Bilaspur Transit Depot,Central,Bilaspur,Urban Depot,11380.78,6809.46,155.26,6730.63,11738.17,13.2,10.72,336.0,0.6,6,0.0,36000,0.004,25.0,2353787.71,0.898,0.777,1.6,102,0.082,Understock / Shortage,2023,7,3,0,1.6713,0.6713,0.8121,18.0,0.0043,0.023,0.41,0.1348,0.4017,-11582.91,0.0,6575.37,2.67,Cluster 1 — High-Velocity Shortage Risk
REC-2023-08-WH-59,2023-08,WH-59,Facility Central-7 — Bilaspur Transit Depot,Central,Bilaspur,Urban Depot,13267.61,7754.14,101.5,7886.44,12662.78,10.8,10.8,561.0,0.596,8,0.0,36000,0.003,25.0,3770028.15,0.953,0.734,5.65,102,0.062,Understock / Shortage,2023,8,3,0,1.711,0.711,1.0,24.16,0.0028,0.013,0.23,0.1463,0.4156,-12561.28,0.0,7784.94,10.159,Cluster 1 — High-Velocity Shortage Risk
REC-2023-09-WH-59,2023-09,WH-59,Facility Central-7 — Bilaspur Transit Depot,Central,Bilaspur,Urban Depot,16466.58,10415.32,92.17,7223.95,14139.91,12.6,7.93,442.0,0.639,4,0.0,36000,0.003,25.0,9150995.68,1.098,0.734,0.5,102,0.159,Understock / Shortage,2023,9,3,0,1.581,0.581,0.6294,11.22,0.0026,0.013,0.17,0.1837,0.3675,-14047.74,0.0,7131.78,0.899,Cluster 1 — High-Velocity Shortage Risk
REC-2023-10-WH-59,2023-10,WH-59,Facility Central-7 — Bilaspur Transit Depot,Central,Bilaspur,Urban Depot,17162.02,10298.32,499.59,10288.09,16237.59,10.4,10.87,693.0,0.605,5,0.0,36000,0.014,25.0,3002428.84,1.336,0.768,4.4,102,0.042,Understock / Shortage,2023,10,4,1,1.6665,0.6665,1.0452,14.875,0.0139,0.049,0.87,0.101,0.3999,-15738.0,0.0,9788.5,7.462,Cluster 1 — High-Velocity Shortage Risk
REC-2023-11-WH-59,2023-11,WH-59,Facility Central-7 — Bilaspur Transit Depot,Central,Bilaspur,Urban Depot,21415.01,13803.41,396.49,10892.44,17673.86,9.5,9.24,615.0,0.668,6,0.0,36000,0.011,25.0,1330115.42,1.403,0.758,2.3,102,0.146,Understock / Shortage,2023,11,4,1,1.5514,0.5514,0.9726,15.96,0.011,0.036,0.56,0.0539,0.3554,-17277.37,0.0,10495.95,3.97,Cluster 1 — High-Velocity Shortage Risk
REC-2023-12-WH-59,2023-12,WH-59,Facility Central-7 — Bilaspur Transit Depot,Central,Bilaspur,Urban Depot,14322.58,9215.05,112.73,6778.74,12078.09,11.1,8.59,642.0,0.671,10,0.0,36000,0.003,25.0,593029.21,1.14,0.808,2.8,102,0.072,Understock / Shortage,2023,12,4,1,1.5543,0.5543,0.7739,26.45,0.0031,0.017,0.24,0.0538,0.3566,-11965.36,0.0,6666.01,4.413,Cluster 1 — High-Velocity Shortage Risk
REC-2024-01-WH-59,2024-01,WH-59,Facility Central-7 — Bilaspur Transit Depot,Central,Bilaspur,Urban Depot,14180.4,7336.62,193.57,8127.67,13705.29,11.8,10.41,416.0,0.525,8,0.0,36000,0.005,25.0,4685130.67,0.993,0.711,5.65,102,0.149,Understock / Shortage,2024,1,1,0,1.9328,0.9328,0.8822,27.0,0.0054,0.024,0.41,0.1526,0.4826,-13511.72,0.0,7934.1,10.549,Cluster 1 — High-Velocity Shortage Risk
REC-2024-02-WH-59,2024-02,WH-59,Facility Central-7 — Bilaspur Transit Depot,Central,Bilaspur,Urban Depot,11010.17,7013.28,234.61,6125.72,9685.67,9.7,10.09,349.0,0.655,7,0.0,36000,0.007,25.0,224001.04,0.875,0.711,0.3,102,0.108,Understock / Shortage,2024,2,1,0,1.5699,0.5699,1.0402,19.075,0.0065,0.038,0.64,0.043,0.363,-9451.06,0.0,5891.11,0.56,Cluster 1 — High-Velocity Shortage Risk
REC-2024-03-WH-59,2024-03,WH-59,Facility Central-7 — Bilaspur Transit Depot,Central,Bilaspur,Urban Depot,11497.26,7832.89,227.15,4845.86,8524.98,9.6,7.63,440.0,0.702,7,0.0,36000,0.006,25.0,1855180.46,0.987,0.774,5.4,102,0.105,Understock / Shortage,2024,3,1,0,1.4678,0.4678,0.7948,17.43,0.0063,0.047,0.59,0.1185,0.3187,-8297.83,0.0,4618.71,9.061,Cluster 1 — High-Velocity Shortage Risk
REC-2024-04-WH-59,2024-04,WH-59,Facility Central-7 — Bilaspur Transit Depot,Central,Bilaspur,Urban Depot,15847.92,10918.57,298.15,7012.22,13351.39,12.0,8.0,553.0,0.703,8,0.0,36000,0.008,25.0,5648981.25,1.12,0.76,2.7,102,0.118,Understock / Shortage,2024,4,2,0,1.4515,0.4515,0.6667,19.88,0.0083,0.043,0.56,0.15,0.311,-13053.24,0.0,6714.07,4.644,Cluster 1 — High-Velocity Shortage Risk
REC-2024-05-WH-59,2024-05,WH-59,Facility Central-7 — Bilaspur Transit Depot,Central,Bilaspur,Urban Depot,17134.69,9913.0,242.85,7175.03,14028.91,12.0,7.6,499.0,0.596,10,0.0,36000,0.007,25.0,6441323.05,1.17,0.717,0.6,102,0.224,Understock / Shortage,2024,5,2,0,1.7285,0.7285,0.6333,30.2,0.0067,0.034,0.43,0.1481,0.4215,-13786.06,0.0,6932.18,1.109,Cluster 1 — High-Velocity Shortage Risk
REC-2024-06-WH-59,2024-06,WH-59,Facility Central-7 — Bilaspur Transit Depot,Central,Bilaspur,Urban Depot,15857.41,10382.08,405.23,9315.01,15393.68,11.5,10.65,543.0,0.67,10,0.0,36000,0.011,25.0,2004995.98,1.024,0.771,2.4,102,0.22,Understock / Shortage,2024,6,2,0,1.5274,0.5274,0.9261,26.5,0.0113,0.044,0.77,0.0893,0.3453,-14988.45,0.0,8909.78,4.049,Cluster 1 — High-Velocity Shortage Risk
REC-2024-07-WH-59,2024-07,WH-59,Facility Central-7 — Bilaspur Transit Depot,Central,Bilaspur,Urban Depot,13984.38,8144.2,6.32,5788.14,10729.29,10.6,7.51,515.0,0.611,10,0.0,36000,0.0,25.0,1531668.26,0.941,0.748,1.6,102,0.07,Understock / Shortage,2024,7,3,0,1.7171,0.7171,0.7085,29.45,0.0002,0.001,0.01,0.0885,0.4176,-10722.97,0.0,5781.82,2.81,Cluster 1 — High-Velocity Shortage Risk
REC-2024-08-WH-59,2024-08,WH-59,Facility Central-7 — Bilaspur Transit Depot,Central,Bilaspur,Urban Depot,14171.81,9645.1,122.33,8465.77,14276.21,12.3,10.83,465.0,0.681,6,0.0,36000,0.003,25.0,7082755.11,0.999,0.744,5.65,102,0.137,Understock / Shortage,2024,8,3,0,1.4693,0.4693,0.8805,15.57,0.0034,0.014,0.26,0.1878,0.3194,-14153.88,0.0,8343.44,9.989,Cluster 1 — High-Velocity Shortage Risk
REC-2024-09-WH-59,2024-09,WH-59,Facility Central-7 — Bilaspur Transit Depot,Central,Bilaspur,Urban Depot,14797.31,8892.3,89.81,7405.79,12288.9,9.9,9.08,657.0,0.609,10,0.0,36000,0.002,25.0,4719867.09,1.076,0.742,0.1,102,0.143,Understock / Shortage,2024,9,3,0,1.6641,0.6641,0.9172,29.55,0.0025,0.012,0.18,0.1468,0.3991,-12199.09,0.0,7315.98,0.177,Cluster 1 — High-Velocity Shortage Risk
REC-2024-10-WH-59,2024-10,WH-59,Facility Central-7 — Bilaspur Transit Depot,Central,Bilaspur,Urban Depot,20161.75,13061.97,180.37,8963.55,15415.31,9.6,8.05,641.0,0.652,9,0.0,36000,0.005,25.0,1656183.12,1.308,0.692,5.65,102,0.195,Understock / Shortage,2024,10,4,1,1.5435,0.5435,0.8385,24.66,0.005,0.02,0.27,0.0638,0.3521,-15234.94,0.0,8783.18,10.871,Cluster 1 — High-Velocity Shortage Risk
REC-2024-11-WH-59,2024-11,WH-59,Facility Central-7 — Bilaspur Transit Depot,Central,Bilaspur,Urban Depot,19008.89,10790.91,414.7,8351.44,14687.74,10.0,7.95,514.0,0.577,9,0.0,36000,0.012,25.0,2558964.38,1.399,0.799,3.8,102,0.126,Understock / Shortage,2024,11,4,1,1.7616,0.7616,0.795,28.035,0.0115,0.05,0.65,0.0842,0.4323,-14273.04,0.0,7936.74,6.091,Cluster 1 — High-Velocity Shortage Risk
REC-2024-12-WH-59,2024-12,WH-59,Facility Central-7 — Bilaspur Transit Depot,Central,Bilaspur,Urban Depot,16995.06,10301.77,414.86,9318.95,15323.87,10.6,9.95,745.0,0.631,7,0.0,36000,0.012,25.0,7768000.17,1.126,0.749,2.4,102,0.231,Understock / Shortage,2024,12,4,1,1.6497,0.6497,0.9387,19.915,0.0115,0.045,0.73,0.164,0.3938,-14909.01,0.0,8904.09,4.207,Cluster 1 — High-Velocity Shortage Risk
REC-2023-01-WH-60,2023-01,WH-60,Depot Central-8 — Gwalior Express Gateway,Central,Gwalior,Urban Depot,13251.42,12212.81,19947.68,3265.18,6843.06,8.1,4.45,579.0,0.952,0,8206.85,40000,0.499,7.97,4241838.72,0.943,0.866,1.2,257,0.033,Overstock,2023,1,1,0,1.085,0.085,0.5494,0.0,0.4987,6.109,45.16,0.1554,0.0784,13104.62,0.2052,0.0,1.682,Cluster 0 — Balanced Operational Flow
REC-2023-02-WH-60,2023-02,WH-60,Depot Central-8 — Gwalior Express Gateway,Central,Gwalior,Urban Depot,16481.67,15637.13,19103.14,3970.68,7376.89,6.2,4.36,633.0,0.974,0,5770.23,40000,0.478,10.35,1078261.23,0.932,0.799,1.4,257,0.105,Overstock,2023,2,1,0,1.054,0.054,0.7032,0.0,0.4776,4.811,34.77,0.063,0.0512,11726.25,0.1443,0.0,2.244,Cluster 0 — Balanced Operational Flow
REC-2023-03-WH-60,2023-03,WH-60,Depot Central-8 — Gwalior Express Gateway,Central,Gwalior,Urban Depot,18570.96,18091.94,18624.12,4443.26,9271.71,7.8,4.33,805.0,0.98,0,2687.52,40000,0.466,11.97,1846340.62,1.078,0.878,1.6,257,0.04,Overstock,2023,3,1,0,1.0265,0.0265,0.5551,0.0,0.4656,4.192,30.09,0.0732,0.0258,9352.41,0.0672,0.0,2.186,Cluster 0 — Balanced Operational Flow
REC-2023-04-WH-60,2023-04,WH-60,Depot Central-8 — Gwalior Express Gateway,Central,Gwalior,Urban Depot,17952.64,18529.0,19200.48,3272.36,8179.41,8.2,3.24,603.0,0.99,0,6112.53,40000,0.48,11.22,4804261.22,1.09,0.901,1.8,257,0.186,Overstock,2023,4,2,0,0.9689,-0.0311,0.3951,0.0,0.48,5.867,32.09,0.1221,-0.0321,11021.07,0.1528,0.0,2.335,Cluster 0 — Balanced Operational Flow
REC-2023-05-WH-60,2023-05,WH-60,Depot Central-8 — Gwalior Express Gateway,Central,Gwalior,Urban Depot,18066.77,17648.01,18781.72,4514.64,9693.78,8.6,4.5,608.0,0.988,0,2315.98,40000,0.47,11.54,2993056.35,1.126,0.9,0.1,257,0.199,Overstock,2023,5,2,0,1.0237,0.0237,0.5233,0.0,0.4695,4.16,31.19,0.0958,0.0232,9087.94,0.0579,0.0,0.13,Cluster 0 — Balanced Operational Flow
REC-2023-06-WH-60,2023-06,WH-60,Depot Central-8 — Gwalior Express Gateway,Central,Gwalior,Urban Depot,16430.66,16867.59,19218.65,3295.15,7621.89,7.9,3.61,567.0,0.978,0,6654.04,40000,0.48,10.26,8347266.89,1.004,0.954,0.3,257,0.084,Overstock,2023,6,2,0,0.9741,-0.0259,0.457,0.0,0.4805,5.832,35.09,0.1758,-0.0266,11596.76,0.1664,0.0,0.341,Cluster 0 — Balanced Operational Flow
REC-2023-07-WH-60,2023-07,WH-60,Depot Central-8 — Gwalior Express Gateway,Central,Gwalior,Urban Depot,14485.31,15255.07,19988.41,3419.75,6365.1,6.1,4.27,407.0,0.985,0,8493.68,40000,0.5,8.7,2356075.1,0.923,0.865,0.9,257,0.102,Overstock,2023,7,3,0,0.9495,-0.0505,0.7,0.0,0.4997,5.845,41.4,0.106,-0.0531,13623.31,0.2123,0.0,1.264,Cluster 0 — Balanced Operational Flow
REC-2023-08-WH-60,2023-08,WH-60,Depot Central-8 — Gwalior Express Gateway,Central,Gwalior,Urban Depot,14563.85,14560.12,19984.68,3321.65,7205.34,8.0,4.12,609.0,0.981,0,7796.86,40000,0.5,8.75,1811382.67,0.935,0.825,1.7,257,0.083,Overstock,2023,8,3,0,1.0003,0.0003,0.515,0.0,0.4996,6.016,41.17,0.0924,0.0003,12779.34,0.1949,0.0,2.593,Cluster 0 — Balanced Operational Flow
REC-2023-09-WH-60,2023-09,WH-60,Depot Central-8 — Gwalior Express Gateway,Central,Gwalior,Urban Depot,16522.26,17099.13,20561.55,2942.68,7128.32,7.6,3.17,527.0,0.988,0,9019.21,40000,0.514,9.64,7308341.96,1.091,0.847,0.8,257,0.079,Overstock,2023,9,3,0,0.9663,-0.0337,0.4171,0.0,0.514,6.987,37.33,0.1636,-0.0349,13433.23,0.2255,0.0,1.167,Cluster 0 — Balanced Operational Flow
REC-2023-10-WH-60,2023-10,WH-60,Depot Central-8 — Gwalior Express Gateway,Central,Gwalior,Urban Depot,21275.46,19870.56,19156.65,3743.47,9062.33,7.5,3.18,731.0,0.991,0,4479.12,40000,0.479,13.33,13585154.14,1.325,0.833,1.4,257,0.17,Overstock,2023,10,4,1,1.0707,0.0707,0.424,0.0,0.4789,5.117,27.01,0.1732,0.066,10094.32,0.112,0.0,2.101,Cluster 0 — Balanced Operational Flow
REC-2023-11-WH-60,2023-11,WH-60,Depot Central-8 — Gwalior Express Gateway,Central,Gwalior,Urban Depot,22480.43,21999.62,18675.84,4743.69,10288.86,7.4,3.81,712.0,0.986,0,1271.44,40000,0.467,14.44,7986864.57,1.355,0.862,3.4,257,0.097,Overstock,2023,11,4,1,1.0219,0.0219,0.5149,0.0,0.4669,3.937,24.92,0.1257,0.0214,8386.98,0.0318,0.0,4.808,Cluster 0 — Balanced Operational Flow
REC-2023-12-WH-60,2023-12,WH-60,Depot Central-8 — Gwalior Express Gateway,Central,Gwalior,Urban Depot,19438.48,18461.58,17698.94,4954.8,9879.21,7.6,4.59,541.0,0.979,0,387.53,40000,0.442,13.18,13256393.69,1.149,0.86,1.3,257,0.122,Overstock,2023,12,4,1,1.0529,0.0529,0.6039,0.0,0.4425,3.572,27.32,0.1873,0.0503,7819.73,0.0097,0.0,1.846,Cluster 0 — Balanced Operational Flow
REC-2024-01-WH-60,2024-01,WH-60,Depot Central-8 — Gwalior Express Gateway,Central,Gwalior,Urban Depot,16453.96,17206.82,18451.8,3506.83,8717.25,9.5,3.8,492.0,0.968,0,4474.3,40000,0.461,10.7,12266759.43,0.967,0.886,0.3,257,0.183,Overstock,2024,1,1,0,0.9562,-0.0438,0.4,0.0,0.4613,5.262,33.64,0.2129,-0.0458,9734.55,0.1119,0.0,0.403,Cluster 0 — Balanced Operational Flow
REC-2024-02-WH-60,2024-02,WH-60,Depot Central-8 — Gwalior Express Gateway,Central,Gwalior,Urban Depot,17101.03,17516.88,18867.65,3996.91,7645.13,6.4,4.22,755.0,0.967,0,5227.16,40000,0.472,10.88,4289531.43,0.892,0.847,2.7,257,0.166,Overstock,2024,2,1,0,0.9763,-0.0237,0.6594,0.0,0.4717,4.721,33.1,0.1211,-0.0243,11222.52,0.1307,0.0,3.939,Cluster 0 — Balanced Operational Flow
REC-2024-03-WH-60,2024-03,WH-60,Depot Central-8 — Gwalior Express Gateway,Central,Gwalior,Urban Depot,13995.84,13044.69,17916.5,2615.43,6814.18,9.0,3.37,396.0,0.975,0,7179.17,40000,0.448,9.37,2730263.11,0.985,0.859,1.6,257,0.103,Overstock,2024,3,1,0,1.0729,0.0729,0.3744,0.0,0.4479,6.85,38.4,0.1181,0.068,11102.32,0.1795,0.0,2.277,Cluster 0 — Balanced Operational Flow
REC-2024-04-WH-60,2024-04,WH-60,Depot Central-8 — Gwalior Express Gateway,Central,Gwalior,Urban Depot,19914.85,21037.18,19038.83,5022.28,10200.14,7.8,4.57,602.0,0.957,0,1305.27,40000,0.476,12.55,3285361.05,1.157,0.902,2.6,257,0.122,Overstock,2024,4,2,0,0.9467,-0.0533,0.5859,0.0,0.476,3.791,28.68,0.091,-0.0564,8838.69,0.0326,0.0,3.364,Cluster 0 — Balanced Operational Flow
REC-2024-05-WH-60,2024-05,WH-60,Depot Central-8 — Gwalior Express Gateway,Central,Gwalior,Urban Depot,19484.4,20854.6,20409.03,4641.57,8863.19,6.5,4.32,717.0,0.997,0,4583.48,40000,0.51,11.46,3856461.7,1.16,0.925,0.2,257,0.159,Overstock,2024,5,2,0,0.9343,-0.0657,0.6646,0.0,0.5102,4.397,31.42,0.1008,-0.0703,11545.84,0.1146,0.0,0.245,Cluster 0 — Balanced Operational Flow
REC-2024-06-WH-60,2024-06,WH-60,Depot Central-8 — Gwalior Express Gateway,Central,Gwalior,Urban Depot,17678.51,17747.21,20477.73,3818.49,9180.97,9.1,3.91,540.0,0.978,0,5569.03,40000,0.512,10.36,2450108.33,1.013,0.901,1.4,257,0.098,Overstock,2024,6,2,0,0.9961,-0.0039,0.4297,0.0,0.5119,5.363,34.75,0.0885,-0.0039,11296.76,0.1392,0.0,1.816,Cluster 0 — Balanced Operational Flow
REC-2024-07-WH-60,2024-07,WH-60,Depot Central-8 — Gwalior Express Gateway,Central,Gwalior,Urban Depot,14959.77,14465.04,19983.0,2973.34,6563.68,7.2,3.57,519.0,0.954,0,8959.31,40000,0.5,8.98,10772806.84,0.896,0.848,1.1,257,0.061,Balanced,2024,7,3,0,1.0342,0.0342,0.4958,0.0,0.4996,6.721,40.07,0.2194,0.0331,13419.32,0.224,0.0,1.602,Cluster 0 — Balanced Operational Flow
REC-2024-08-WH-60,2024-08,WH-60,Depot Central-8 — Gwalior Express Gateway,Central,Gwalior,Urban Depot,16043.75,16964.2,20903.45,3048.32,6684.9,6.8,3.41,721.0,0.986,0,9646.07,40000,0.523,9.21,3920902.8,0.98,0.891,1.0,257,0.213,Overstock,2024,8,3,0,0.9457,-0.0543,0.5015,0.0,0.5226,6.857,39.09,0.1234,-0.0574,14218.55,0.2412,0.0,1.327,Cluster 0 — Balanced Operational Flow
REC-2024-09-WH-60,2024-09,WH-60,Depot Central-8 — Gwalior Express Gateway,Central,Gwalior,Urban Depot,19574.57,18222.3,19551.18,4896.17,10181.3,8.1,4.53,526.0,0.988,0,2025.62,40000,0.489,12.01,12173788.71,1.123,0.928,1.5,257,0.093,Overstock,2024,9,3,0,1.0742,0.0742,0.5593,0.0,0.4888,3.993,29.96,0.1782,0.0691,9369.88,0.0506,0.0,1.824,Cluster 0 — Balanced Operational Flow
REC-2024-10-WH-60,2024-10,WH-60,Depot Central-8 — Gwalior Express Gateway,Central,Gwalior,Urban Depot,22738.13,23953.29,20766.34,5729.58,10656.17,6.5,4.54,830.0,0.976,0,1515.8,40000,0.519,13.14,6852276.74,1.297,0.881,0.5,257,0.178,Overstock,2024,10,4,1,0.9493,-0.0507,0.6985,0.0,0.5192,3.624,27.4,0.1151,-0.0534,10110.17,0.0379,0.0,0.678,Cluster 0 — Balanced Operational Flow
REC-2024-11-WH-60,2024-11,WH-60,Depot Central-8 — Gwalior Express Gateway,Central,Gwalior,Urban Depot,23260.86,22097.01,19602.49,4496.43,9691.36,6.7,3.49,890.0,0.983,0,3166.49,40000,0.49,14.24,9344457.73,1.396,0.909,5.3,257,0.103,Overstock,2024,11,4,1,1.0527,0.0527,0.5209,0.0,0.4901,4.36,25.28,0.1314,0.05,9911.13,0.0792,0.0,6.747,Cluster 0 — Balanced Operational Flow
REC-2024-12-WH-60,2024-12,WH-60,Depot Central-8 — Gwalior Express Gateway,Central,Gwalior,Urban Depot,23856.61,23708.44,19454.32,4905.73,9836.1,6.2,3.72,814.0,0.983,0,2259.62,40000,0.486,14.72,4204300.12,1.141,0.941,1.0,257,0.225,Overstock,2024,12,4,1,1.0062,0.0062,0.6,0.0,0.4864,3.966,24.46,0.0859,0.0062,9618.22,0.0565,0.0,1.177,Cluster 0 — Balanced Operational Flow
